AGAF|6|24|1501|131|Coral grass|0|60|240
AGAR|11|29|2822|66|Coral|0|110|290
AGAT|13|31|2769|49|Crushed coral|0|130|310
AGBT|17|35|2028|49|grass coral|0|170|350
AGEV|15|33|2297|82|Gravel dirt|0|150|330
AGGA|18|36|3100|0|UNK|0|180|360
AGGB|11|29|2187|59|Coral sand|0|110|290
AGGC|13|31|2164|82|Sand grass|0|130|310
AGGE|5|23|5413|0|UNK|0|50|230
AGGF|18|36|1854|82|Grass|0|180|360
AGGH|6|24|7218|148|ASP|1|68|248
AGGI|17|35|1953|72|Grass|0|170|350
AGGJ|14|32|2461|98|Grass|0|140|320
AGGK|10|28|4377|0|UNK|0|100|280
AGGL|5|23|2999|0|Coral|0|50|230
AGGM|7|25|4593|98|ASP|0|79|259
AGGN|14|32|2871|75|UNK|0|140|320
AGGO|4|22|3281|0|UNK|0|40|220
AGGP|12|30|2156|79|Coral|0|120|300
AGGR|12|30|2206|66|Coral|0|120|300
AGGS|10|28|3002|0|UNK|0|100|280
AGGT|11|29|2655|75|Coral|0|110|290
AGGU|5|23|2001|98|Coral|0|50|230
AGGV|4|22|2789|79|Sand grass|0|40|220
AGKG|14|32|2428|148|Sand/grass|0|140|320
AGKU|13|31|1821|66|Graded earth|0|130|310
AGKW|8|26|1896|66|Limestone/Grass|0|80|260
AGLM|10|28|3477|98|GVL|0|100|280
AGNA|12|30|2657|66|Soil and Grass|0|120|300
AGOK|7|25|1936|121|GVL|0|70|250
AGRC|1|19|2461|75|Coral grass|0|10|190
AGRM|14|32|2500|0||0|140|320
ANYN|12|30|7054|148|ASP|1|121|301
AYAA|15|33|2300|98|Grassed red clay|0|150|330
AYAE|14|32|1903|98|Grassed yellow silt clay|0|140|320
AYAF|3|21|2073|98|Grassed brown silt clay|0|30|210
AYAG|6|24|2981|148|Grassed grey gravel|0|60|240
AYAI|16|34|2769|98|Grassed grey silt clay|0|160|340
AYAK|13|31|2526|98|Brown silt clay|0|130|310
AYAM|18|36|1900|98|Grassed red silt clay|0|180|360
AYAN|7|25|1552|98|Grassed brown clay|0|70|250
AYAO|1|19|3281|0|GRS|0|10|190
AYAQ|5|23|2559|59|Grey gravel|0|50|230
AYAT|14|32|2461|147|Grassed yellow clay|0|140|320
AYAU|14|32|2001|98|Grassed brown clay|0|140|320
AYAW|18|36|2313|98|Grassed brown silt clay|0|180|360
AYAX|16|34|1969|98|Grassed red silt clay|0|160|340
AYAY|14|32|4200|0|GRS|0|140|320
AYBA|4|22|2953|148|Grassed black clay|0|40|220
AYBB|11|29|1969|98|Grassed white coronas|0|110|290
AYBC|7|25|1345|98|Grassed yellow clay|0|70|250
AYBF|10|28|1549|98|Grassed red clay|0|100|280
AYBG|10|28|1542|98|Grassed brown gravel|0|100|280
AYBH|14|32|2772|98|Grassed brown clay|0|140|320
AYBI|14|32|2500|59|Yellow gravel|0|140|320
AYBK|4|22|5125|98|ASP|1|48|228
AYBO|1|19|2395|98|Grassed yellow silt clay|0|10|190
AYBP|14|32|1624|148|Grassed brown clay|0|140|320
AYBQ|16|34|1378|98|Grassed white lime stone|0|160|340
AYBR|12|30|1982|0||0|120|300
AYBS|12|30|1640|98|Grassed black clay|0|120|300
AYBT|11|29|1969|98|Grassed red silt clay|0|110|290
AYBU|15|33|4373|0||0|150|330
AYBW|5|23|1969|98|Sandy gravel with clay|0|50|230
AYBX|4|22|1969|98|Grey clay|0|40|220
AYBZ|5|23|1919|98|Grassed black silt sand|0|50|230
AYCG|8|26|3543|98|Grassed gravel|0|80|260
AYCH|3|21|3330|89|ASP|1|36|216
AYCN|1|19|1968|0|GRS|0|10|190
AYDB|12|30|2585|98|Grassed red clay|0|120|300
AYDE|12|30|1549|98|Grassed white gravel|0|120|300
AYDI|15|33|2198|148|Grassed brown gravel|0|150|330
AYDK|10|28|2800|0||0|100|280
AYDO|10|28|2051|98|Grassed grey sand|0|100|280
AYDP|6|24|1706|98|Grassed red silt clay|0|60|240
AYDQ|12|30|1936|98|Grassed red silt clay|0|120|300
AYDS|10|28|1509|98|Brown clay|0|100|280
AYDU|14|32|4593|98|ASP|0|135|315
AYDW|10|28|2129|98|Grassed brown silt clay|0|100|280
AYDY|10|28|1969|98|Hard loam|0|100|280
AYEA|15|33|1900|98|Grassed red silt|0|150|330
AYEB|1|19|1640|148|Grassed black sand|0|10|190
AYED|2|20|2415|98|Grassed yellow clay|0|20|200
AYEE|12|30|4773|0||0|120|300
AYEF|17|35|1598|98|Grassed brown clay|0|170|350
AYEG|1|19|1969|98|Grassed brown clay|0|10|190
AYEH|9|27|4298|0||0|90|270
AYEK|9|27|1476|98|Red silt clay|0|90|270
AYEL|14|32|1739|98|Grassed brown clay grave|0|140|320
AYEM|17|35|1969|98|Grassed black silt clay|0|170|350
AYEN|16|34|1312|98|Grassed brown silt clay|0|160|340
AYEO|4|22|1804|98|Grassed yellow clay|0|40|220
AYET|14|32|2297|98|Grassed brown clay|0|140|320
AYEW|6|24|1549|98|Grassed red clay|0|60|240
AYEY|2|20|1936|98|Grassed black silt|0|20|200
AYFK|6|24|1969|98|Grassed black silt clay|0|60|240
AYFO|12|30|1998|98|Grassed red silt sand|0|120|300
AYFS|9|27|1532|98|Grassed red silt clay|0|90|270
AYFU|5|23|2500|98|Grassed red clay|0|50|230
AYGA|17L|35R|3983|59|ASP|0|176|356
AYGA|17R|35L|5400|98|ASP|1|176|356
AYGC|4|22|1490|98|Grassed brown gravel|0|40|220
AYGD|2|20|1706|0||0|20|200
AYGE|12|30|1969|98|Grassed brown clay|0|120|300
AYGH|3|21|1969|98|Grassed red clay|0|30|210
AYGJ|12|30|3593|0||0|120|300
AYGM|2|20|1837|98|Grassed brown clay|0|20|200
AYGN|9|27|5546|98|ASP|1|101|281
AYGO|17|35|2001|98|Grassed brown clay|0|170|350
AYGQ|11|29|1969|98|Grassed limestone gravel|0|110|290
AYGR|3|21|5485|98|ASP|0|38|218
AYGU|10|28|2526|98|Brown clay gravel|0|100|280
AYGX|8|26|1640|98|Grassed black clay|0|80|260
AYGY|14|32|2625|75|Grassed red silty clay|0|140|320
AYHA|3|21|1982|98|Grassed red clay|0|30|210
AYHB|2|20|1969|98|Grassed brown clay|0|20|200
AYHE|16|34|1404|98|Grassed red clay|0|160|340
AYHF|17|35|3097|0||0|170|350
AYHH|4|22|1348|98|Grassed black clay sand|0|40|220
AYHJ|1|9|1969|98|Grassed clay silt clay|0|10|90
AYHK|12|30|6644|98|ASP|1|133|313
AYHN|17|35|1968|98|Grassed brown clay|0|170|350
AYHO|6|24|1641|98|Grassed brown clay|0|60|240
AYHQ|3|21|1585|98|Grassed black silt clay|0|30|210
AYHT|14|32|1509|98|Grassed black clay|0|140|320
AYHU|3|21|1358|98|Grassed brown clay|0|30|210
AYHW|8|26|1969|98|Grassed brown silty clay|0|80|260
AYHX|17|35|1969|98|Grassed brown clay|0|170|350
AYIB|3|21|1969|98|Grassed river gravel|0|30|210
AYID|9|27|1699|98|Grassed white gravel|0|90|270
AYII|6|24|1640|0||0|60|240
AYIM|18|36|1391|0||0|180|360
AYIN|11|29|1640|98|Grassed grey gravel|0|110|290
AYIP|18|36|1509|98|Grassed brown silt clay|0|180|360
AYIQ|14|32|5397|0|ASP|0|140|320
AYIR|5|23|1837|98|Red clay|0|50|230
AYIS|16|34|1345|98|Grassed brown clay|0|160|340
AYIU|10|28|3478|196||0|100|280
AYIW|5|23|2000|0||0|50|230
AYIX|10A|28D|3035|0|GRS|0|100|280
AYIY|11|29|1969|98|Grassed brown clay|0|110|290
AYJS|3|21|3117|0||0|30|210
AYJW|15|33|2290|0|GRS|0|150|330
AYKA|14|32|5348|0|UNK|0|140|320
AYKD|14|32|1148|0||0|140|320
AYKH|15|33|1578|98|Brown gravel|0|150|330
AYKI|7|25|3691|0|UNK|0|70|250
AYKJ|9|27|1273|0||0|90|270
AYKM|14|32|3044|60|ASP|0|146|326
AYKO|17|35|2805|147|Grassed black silt|0|170|350
AYKQ|7|25|1467|98|Grassed brown clay|0|70|250
AYKR|16|34|2953|0||0|160|340
AYKT|16|34|1476|98|Grassed red clay gravel|0|160|340
AYKV|12|30|5592|98|ASP|1|125|305
AYKY|12|30|3937|0|UNK|0|120|300
AYLG|14|32|2132|0||0|140|320
AYLH|1|19|1969|98|Grassed black clay silt|0|10|190
AYLI|9|27|1969|98|Grassed brown silt clay|0|90|270
AYLL|6|24|2461|0||0|60|240
AYLN|17|35|1654|0||0|170|350
AYLO|4|22|1640|0||0|40|220
AYLS|12|30|2520|0||0|120|300
AYLT|7|25|1535|0||0|70|250
AYLX|4|22|2015|98|GRS|0|40|220
AYLZ|10|28|2044|147|Grassed black silt clay|0|100|280
AYMB|17|35|1998|0||0|170|350
AYMD|7|25|5174|105|ASP|1|75|255
AYMH|12|30|7185|98|ASP|1|121|301
AYMH|8|26|3599|59|ASP|0|85|265
AYMJ|8|26|1565|0||0|80|260
AYMN|17|35|4411|98|ASP|0|173|353
AYMO|16|34|6136|148|ASP|1|161|341
AYMP|10|28|3609|0||0|100|280
AYMQ|10|28|2359|0||0|100|280
AYMR|9|27|5774|0|UNK|0|90|270
AYMS|8|26|3937|0|UNK|0|80|260
AYMU|9|27|2165|0|GRS|0|90|270
AYMV|14|32|3050|0||0|140|320
AYMY|15|33|1969|98|Grass red silty clay|0|150|330
AYMZ|15|33|1969|0||0|150|330
AYNB|2|20|1772|98|Brown clay gravel|0|20|200
AYNC|5|23|1362|0||0|50|230
AYND|15|33|3015|0||0|150|330
AYNI|12|30|2799|0||0|120|300
AYNJ|6|24|2953|0||0|60|240
AYNM|12|30|1499|98|Grassed brown silt clay|0|120|300
AYNN|9|27|2800|0||0|90|270
AYNO|8|26|1627|0||0|80|260
AYNS|15|33|1969|98|Grassed brown gravel|0|150|330
AYNT|9|27|1476|98|Grassed red clay|0|90|270
AYNU|12|30|2418|147|Grassed red silt clay|0|120|300
AYNX|12|30|3494|0||0|120|300
AYNZ|9|27|7999|148|ASP|1|95|275
AYOB|14|32|1969|98|Grassed brown clay|0|140|320
AYOD|10|28|1870|98|Grassed brown silt clay|0|100|280
AYOE|1|19|2014|0||0|10|190
AYOF|6|24|1969|98|Brown Silt clay|0|60|240
AYOG|12|30|1804|98|Grassed red clay|0|120|300
AYOH|1|19|2182|98|Grassed river gravel|0|10|190
AYOJ|10|28|2215|98|Grassed yellow clay|0|100|280
AYOK|2|20|1224|0||0|20|200
AYOL|15|33|1647|98|Grassed brown silt clay|0|150|330
AYOM|14|32|1640|98|Grassed black clay|0|140|320
AYOP|12|30|1968|0||0|120|300
AYOS|17|35|1968|0||0|170|350
AYOU|18|36|1381|98|Grassed red silt clay|0|180|360
AYOV|18|36|2018|147|Grassed black silt clay|0|180|360
AYOX|1|19|1969|98|Grassed brown silt clay|0|10|190
AYOY|1|19|3524|0|GRS|0|10|190
AYPA|11|29|1680|98|Grassed Red Clay|0|110|290
AYPB|1|19|1598|98|Brown gravel|0|10|190
AYPC|1|19|2396|98|Grassed clay|0|10|190
AYPD|8|26|2001|98|Grassed grey clay|0|80|260
AYPE|18|36|2034|98|Grassed brown clay|0|180|360
AYPI|5|23|1969|98|Grassed black clay|0|50|230
AYPJ|9|27|2904|59|Grassed brown silt clay|0|90|270
AYPO|18|36|1706|0||0|180|360
AYPQ|1|19|2001|98|Grassed grey silt sand|0|10|190
AYPS|01D|19A|1640|0|GRS|0|10|190
AYPY|14L|32R|9022|148|ASP|1|148|328
AYPY|14R|32L|4625|148|ASP|0|142|322
AYQB|7|25|1378|98|Grassed brown clay|0|70|250
AYQL|14|32|1627|98|Grassed brown gravel|0|140|320
AYQM|16|34|1706|98|Grassed brown silt clay|0|160|340
AYQQ|16|34|1640|98|Red clay|0|160|340
AYQR|12|30|1969|0||0|120|300
AYQV|15|33|2021|98|Grassed Sand|0|150|330
AYQW|7|25|1942|49|GRS|0|70|250
AYRA|7|25|1804|98|Grassed red clay|0|70|250
AYRE|12|30|2592|0||0|120|300
AYRG|15|33|1952|98|Grassed red clay|0|150|330
AYRI|12|30|2900|0||0|120|300
AYRK|15|33|3117|0||0|150|330
AYRO|1|19|1640|98|Grassed red clay|0|10|190
AYRR|8|26|1969|98|Grassed silt clay|0|80|260
AYRT|16|34|2014|98|Grassed black silt clay|0|160|340
AYRV|5|23|1969|98|Grassed brown clay|0|50|230
AYSF|11|29|3543|0||0|110|290
AYSI|6|24|1181|98|Grey silt clay|0|60|240
AYSK|14|32|1640|98|Red clay|0|140|320
AYSL|18|36|3150|0|GRS|0|180|360
AYSP|16|34|1526|98|Grassed grey gravel|0|160|340
AYSR|10|28|2159|98|Grassed grey clay|0|100|280
AYSS|14|32|2953|147|Red gravel|0|140|320
AYSW|9|27|2051|98|Grassed brown silt clay|0|90|270
AYSX|17|35|1263|0||0|170|350
AYTA|14|32|5197|0|UNK|0|140|320
AYTB|14|32|4232|0|UNK|0|140|320
AYTF|1|19|1854|98|Grassed black silt clay|0|10|190
AYTG|14|32|2313|147|Grassed brown clay|0|140|320
AYTG|3|21|8202|0|concrete|0|30|210
AYTH|8|26|2133|98|Grassed brown gravel|0|80|260
AYTK|10|28|5643|98|ASP|1|106|286
AYTM|16|34|1854|98|Grassed red clay|0|160|340
AYTO|16|34|1673|98|Grey clay|0|160|340
AYTQ|14|32|1969|30|Grassed brown clay|0|140|320
AYTR|7|25|2297|98|Grassed brown silt clay|0|70|250
AYTS|6|24|1804|98|Brown silt clay|0|60|240
AYTT|18|36|1909|98|Red clay|0|180|360
AYTU|6|24|2887|59|Grassed yellow gravel|0|60|240
AYTV|12|30|1969|98|Grassed brown clay|1|120|300
AYTW|2|20|1529|98|Grassed red clay|0|20|200
AYTY|10|28|2756|147|Grassed black silt|0|100|280
AYTZ|4|22|1411|98|Grassed red clay|0|40|220
AYUA|4|22|1844|98|Grassed red clay|0|40|220
AYUC|13|31|1598|98|Grassed red clay|0|130|310
AYUE|9|27|1575|98|Grassed black clay|0|90|270
AYUG|7|25|1594|98|Grassed brown clay|0|70|250
AYUI|1|19|1640|98|Grassed brown loam|0|10|190
AYUK|09A|27D|1178|0|GRS|0|90|270
AYUM|14|32|2625|98|Brown clay gravel|0|140|320
AYUN|7|25|1998|98|Grassed brown clay|0|70|250
AYUO|16|34|1969|98|Red gravel|0|160|340
AYUP|3|21|1476|98|White gravel|0|30|210
AYUQ|13|31|2172|0|GRS|0|130|310
AYUS|14|32|2165|98|Grassed grey silt clay|0|140|320
AYUT|15|33|1575|98|Grassed brown clay|0|150|330
AYUV|14|32|1903|98|Grassed black silt clay|0|140|320
AYUX|4|22|1499|98|Grassed brown clay|0|40|220
AYUY|9|27|1640|0||0|90|270
AYUZ|7|25|2756|98|Grassed white gravel|0|70|250
AYVA|17|35|2953|98|GVL|0|170|350
AYVB|10|28|1558|98|Grassed brown clay|0|100|280
AYVK|1|19|1499|0|GRS|0|10|190
AYVL|14|32|5250|82|GRE|0|143|323
AYVM|2|20|2500|98|Grassed black silt clay|0|20|200
AYVN|12|30|5775|85|ASP|1|130|310
AYVO|4|22|1969|98|Grassed brown clay|0|40|220
AYVP|8|26|2625|98|White gravel|0|80|260
AYWB|14|32|2379|98|Grassed brown gravel|0|140|320
AYWD|14|32|5052|75|ASP|0|139|319
AYWE|18A|36D|1968|0|GRS|0|180|360
AYWH|5|23|1525|0||0|50|230
AYWJ|14|32|2625|0||0|140|320
AYWK|10|28|5234|98|ASP|1|104|284
AYWL|18|36|1985|0|GRS|0|180|360
AYWM|02A|20D|1574|0|GRS|0|20|200
AYWN|15|33|1440|98|Grassed Brown Clay|0|150|330
AYWO|11|29|1394|98|Grassed yellow gravel|0|110|290
AYWY|10A|28D|2198|0|GRS|0|100|280
AYXA|08A|26D|1804|0|GRS|0|80|260
AYXB|16|34|2448|98|Grassed red clay|0|160|340
AYXI|18|36|1384|98|Grassed grey silt clay|0|180|360
AYXO|10|28|2789|98|Grassed white gravel|0|100|280
AYXP|9|27|1637|98|Grassed red clay|0|90|270
AYXW|5|23|2707|0|GRS|0|50|230
AYXY|11|29|1299|98|Grassed brown clay|0|110|290
AYYA|7|25|2503|0|GRS|0|70|250
AYYC|1|19|2615|0|GRS|0|10|190
AYYD|10|28|1991|98|Grassed brown clay|0|100|280
AYYI|16|34|1969|98|Grassed red clay|0|160|340
AYYK|13|31|1526|98|Grassed red clay|0|130|310
AYYL|3|21|2198|98|Grassed grey gravel|0|30|210
AYYN|6|24|1558|98|Brown clay gravel|0|60|240
AYYO|12|30|1355|98|Red clay|0|120|300
AYYQ|3|21|1493|98|Grassed brown clay|0|30|210
AYYT|12|30|1500|0||0|120|300
AYYU|11|29|1995|0||0|110|290
AYYV|14|32|1969|98|Grassed brown silt clay|0|140|320
AYYW|15|33|1188|0||0|150|330
AYYZ|21|3|1500|100|Grassed brown clay|0|213|32
AYZA|15|33|1598|98|Grassed brown silt clay|0|150|330
AYZI|15|33|2297|98|Grassed black silt clay|0|150|330
AYZM|8|26|3740|0|GRS|0|80|260
AYZN|11|29|1608|98|Grassed sand clay|0|110|290
AYZQ|11|29|1969|98|Grassed red clay|0|110|290
AYZS|14|32|2297|98|Grassed grey clay|0|140|320
AYZU|3|21|2090|98|Grassed black silt clay|0|30|210
AYZW|17|35|1476|98|Brown silt clay|0|170|350
AYZZ|14|32|1378|98|Brown clay|0|140|320
BGAA|12|30|2621|0|UNK|0|120|300
BGBW|6|24|6004|148|CON|1|41|221
BGCO|18|36|3281|98|GVL|1|157|337
BGDH|10T|28T|2132|82|GRAVEL|0|99|279
BGGH|4|22|7217|148|ASPH|1|40|220
BGJN|6|24|2772|98|ASP|0|60|240
BGKK|11|29|3934|0|UNK|0|110|290
BGMQ|16|34|2621|98|ASPH|0|160|340
BGPT|17|35|2621|98|ASP|0|170|350
BGQQ|17|35|2953|98|GVL|0|170|350
BGSF|9|27|9219|197|ASP|1|62|242
BGSS|13|31|2621|98|ASP|1|103|283
BGTL|08T|26T|9997|150|ASP|1|85|265
BGUK|5|23|2621|98|ASP|1|50|230
BGUQ|15|33|2953|98|GRAVEL|0|150|330
BIAR|1|19|7874|148|ASP|1|355|175
BIBD|5|23|3084|98|BIT|1|28|208
BIBL|4|22|3182|0|UNK|0|40|220
BIEG|3|21|6562|148|ASP|1|25|205
BIGJ|5|23|3041|0|CON|0|50|230
BIGR|17|35|1150|80|asphalt|1|160|340
BIHK|3|21|3280|0|UNK|0|30|210
BIHN|18|36|4921|148|BIT|1|168|348
BIHU|2|20|5266|157|BIT|1|12|192
BIIS|8|26|4593|148|BIT|1|62|242
BIKF|10|28|10056|197|ASP|1|104|284
BIKF|1|19|10020|197|ASP|1|14|194
BIKR|1|19|6191|90|asphalt|1|351|171
BINF|8|26|3648|0|UNK|0|80|260
BIRG|7|25|3533|0|UNK|0|70|250
BIRK|13|31|4035|148|ASP|1|117|297
BIRK|1|19|5141|148|ASP|1|355|175
BISF|15|33|3478|0|UNK|0|150|330
BISF|5|23|3271|0|UNK|0|50|230
BISI|7|25|3556|105|BIT|0|43|223
BISS|15|33|2578|59|ASPH-G|0|150|330
BIST|7|25|3675|0|UNK|0|70|250
BITE|14|32|3117|0|UNK|0|140|320
BITN|1|19|3934|98|BIT|1|3|183
BIVM|12|30|3934|148|BIT|1|110|290
BIVM|3|21|3806|148|BIT|1|19|199
BIVO|4|22|2904|98|UNK|0|40|220
BKPR|17|35|9974|148|ASP|1|176|356
CJV7|17|35|3500|100|GRVL|0|170|350
CKB6|12|30|3600|100|GRVL|0|120|300
CKD9|10|28|3500|100|GRVL|0|100|280
CKL3|16|34|3500|100|GRVL|0|160|340
CLM2|1|19|3832|50|ASP|1|3|183
CNA3|7|25|2100|40|COP|1|58|238
CNC3|15|33|3500|75|COP|1|141|321
CNC3|8|26|2500|75|Asphalt|1|71|251
CNE3|7|25|3500|100|GRVL|0|70|250
CNE4|14|32|3999|100|ASP|1|129|309
CNE4|18|36|2930|100|GRS|0|168|348
CNE4|7|25|2555|100|GRS|0|59|239
CNF4|13|31|3500|75|ASP|1|119|299
CNF4|3|21|2642|75|GRS|0|9|189
CNK4|17|35|4901|100|ASP|1|158|338
CNL3|16|34|2207|75|GRS|0|146|326
CNL3|4|22|4500|90|ASP|1|30|210
CNM5|12|30|3520|100|GRVL/CLAY|0|120|300
CNP3|10|28|3955|75|ASP|1|86|266
CNP3|16|34|2500|50|GVL|0|146|326
CNQ3|11|29|2341|60|TURF|0|110|290
CNQ3|16|34|2663|50|ASP|0|140|320
CNQ3|5|23|3493|100|ASP|1|40|220
CNQ4|14|32|2258|75|TURF|0|131|311
CNQ4|2|20|2348|75|TURF|0|5|185
CNQ4|8|26|5502|100|ASP|1|66|246
CNU4|8|26|3280|150|TURF/GRVL|0|80|260
CNY3|13|31|5000|100|ASP|1|120|300
CNY3|1|19|2450|75|GRS|0|8|188
CNZ8|4|22|2870|40|ASP|1|46|226
CPB9|1|19|2460|100|TURF|0|10|190
CPF2|11|29|2850|50|ASP|0|102|282
CPF2|18|36|4415|75|ASP|0|173|353
CPR7|13|31|4000|75|ASP|1|121|301
CSC3|6|24|4000|75|ASP|1|44|224
CSD4|8|26|4000|75|ASP|1|65|245
CSE4|10|28|3989|100|ASP|1|99|279
CSF3|17|35|4025|75|GRAVEL|0|170|350
CSG3|15|33|3250|75|ASP|1|134|314
CSH4|15|33|3712|100|ASP|1|136|316
CSM3|6|24|4500|100|ASP|1|44|224
CSR3|6|24|5530|75|ASP|1|45|225
CSR8|18|36|4700|100|ASP|1|163|343
CSU2|14|32|3792|100|GRAVEL|0|140|320
CSW5|06L|24R|1000|100|Asphalt|0|60|240
CSW5|06R|24L|800|100|Asphalt|0|60|240
CTA4|10|28|4489|100|ASP|1|90|270
CTG3|8|26|4982|100|ASP|1|65|245
CTP9|11|29|6529|150|GRAVEL|0|110|290
CTT5|11|29|3938|100|ASP|1|93|273
CTU2|9|27|4900|150|GRAVEL|0|90|270
CYAB|13|31|3935|98|Gravel|1|128|308
CYAC|11|29|3900|100|GRVL|0|110|290
CYAD|10|28|5000|150|GRAVEL|0|100|280
CYAG|12|30|4500|100|ASP|1|126|306
CYAG|3|21|2600|75|ASP|1|35|215
CYAH|9|27|5000|150|GRAVEL|0|90|270
CYAL|9|27|2900|75|ASPHALT|0|90|270
CYAM|12|30|6000|200|ASP|1|108|288
CYAM|4|22|6000|200|ASP|1|34|214
CYAQ|3|21|3500|100|GRVL|0|30|210
CYAS|3|21|3521|0|UNK|0|30|210
CYAT|6|24|3500|100|GRVL|0|60|240
CYAU|7|25|3937|75|ASP|1|54|234
CYAV|13|31|3000|75|ASP|1|132|312
CYAV|18|36|3000|75|ASP|1|190|10
CYAV|4|22|2850|75|ASP|1|46|226
CYAW|16H|34H|3500|112|Asphalt|1|160|340
CYAX|18|36|3600|75|ASP|1|185|5
CYAY|10|28|4000|100|ASP|1|80|260
CYAZ|11|29|4997|100|CON|0|126|306
CYAZ|16|34|5000|100|CON|0|175|355
CYAZ|7|25|4999|150|CON|0|90|270
CYBA|18|36|3000|190|TURF/SNOW|0|180|360
CYBB|5|23|5000|100|GVL|1|49|229
CYBC|10|28|6000|150|ASP|1|80|260
CYBD|5|23|4200|100|ASP|0|72|252
CYBE|6|24|3935|100|Asphalt/concrete|1|75|255
CYBF|8|26|4434|75|ASP|1|90|270
CYBG|11|29|10000|150|CON|1|91|271
CYBG|18|36|6000|150|ASP|1|163|343
CYBK|16T|34T|4200|100|GVL|1|162|342
CYBL|12|30|6499|150|ASP|1|137|317
CYBP|12|30|2800|75|ASPHALT|0|120|300
CYBP|2|20|2400|50|GRAVEL|0|20|200
CYBQ|7|25|3201|102|Gravel|0|72|252
CYBR|14|32|3000|60|GVL|0|150|330
CYBR|8|26|6500|150|ASP|1|90|270
CYBT|3|21|3500|90|CRUSHED ROCK|0|30|210
CYBU|12|30|2900|115|TURF/SNOW|0|120|300
CYBU|3|21|2930|75|ASPHALT|0|30|210
CYBV|9|27|2900|75|CRUSHED ROCK|0|90|270
CYBW|17|35|5000|98|ASP|1|181|1
CYBW|8|26|3423|100|ASP|1|90|270
CYBX|5|23|4500|150|ASP|1|28|208
CYCA|8|26|2500|75|GRAVEL|0|80|260
CYCB|13T|31T|5000|150|GVL|1|127|307
CYCC|10|28|3500|100|ASP|1|83|263
CYCD|16|34|6602|150|ASP|1|181|1
CYCE|10|28|5012|100|ASP|1|91|271
CYCE|16|34|4400|150|ASP|0|151|331
CYCG|15|33|5300|150|ASP|1|169|349
CYCH|9|27|10006|150|ASP|1|72|252
CYCK|6|24|5000|75|ASP|1|44|224
CYCL|12|30|6000|150|ASP|1|105|285
CYCN|13|31|4500|100|ASP|1|119|299
CYCO|12T|30T|5500|100|GVL|1|121|301
CYCP|1|19|5000|60|ASP|0|32|212
CYCQ|5|23|4484|100|ASP|1|72|252
CYCR|5|23|3990|95|CRUSHED ROCK|0|50|230
CYCS|12T|30T|3600|0|UNK|0|120|300
CYCT|11|29|3000|75|ASP|1|128|308
CYCW|7|25|3990|75|ASP|1|81|261
CYCY|02T|20T|3500|100|GVL|1|18|198
CYCZ|16|34|6005|100|ASP|1|171|351
CYDA|3|21|5000|100|CON|1|49|229
CYDB|11|29|5006|100|GVL|1|128|308
CYDC|4|22|3932|75|ASP|0|50|230
CYDF|7|25|8005|150|ASP|1|48|228
CYDL|2|20|6000|90|ASP|1|48|228
CYDM|8|26|5000|100|GRVL|0|80|260
CYDN|14|32|5000|150|ASP|1|150|330
CYDN|2|20|2000|60|GVL|0|29|209
CYDN|8|26|2700|75|ASP|1|90|270
CYDO|11|29|4971|100|ASP|1|94|274
CYDP|6|24|2000|75|GRAVEL|0|60|240
CYDQ|7|25|5001|150|ASP|1|85|265
CYEA|11|29|2953|75|ASPHALT|0|110|290
CYEE|16|34|3998|75|ASP|1|150|330
CYEG|12|30|10200|200|ASP|1|135|315
CYEG|2|20|11000|200|ASP|1|34|214
CYEK|15T|33T|4000|100|GVL|1|149|329
CYEL|12|30|4500|100|ASP|1|112|292
CYEM|2|20|3500|100|ASP|1|12|192
CYEN|15|33|3000|75|ASP|1|158|338
CYEN|8|26|5000|100|ASP|1|90|270
CYER|15|33|3500|100|GRVL|0|150|330
CYES|16|34|4499|75|ASP|1|140|320
CYET|7|25|6000|100|ASP|1|91|271
CYEU|10T|28T|4836|150|GVL|1|104|284
CYEV|6|24|6000|150|ASP|1|86|266
CYEY|14|32|5000|100|ASP|1|128|308
CYFA|10|28|3601|100|GRVL|0|98|278
CYFB|16|34|8605|200|ASP|1|137|317
CYFC|15|33|6000|148|ASP|1|131|311
CYFC|9|27|8005|200|ASP|1|71|251
CYFD|11|29|2600|100|ASP|1|99|279
CYFD|17|35|2600|100|ASP|1|165|345
CYFD|5|23|5000|100|ASP|1|44|224
CYFE|9|27|5000|100|ASP|1|70|250
CYFH|9|27|3500|100|GRVL|0|90|270
CYFJ|2|20|5587|100|ASP|1|11|191
CYFO|19|1|5004|150|ASP|1|192|12
CYFR|13|31|4001|98|GVL|1|143|323
CYFS|14|32|6000|150|ASP|1|156|336
CYFT|9|27|2500|75|GRAVEL|0|90|270
CYGB|14|32|3000|75|ASP|0|158|338
CYGD|10|28|3000|50|ASP|1|92|272
CYGD|14|32|5000|100|ASP|1|122|302
CYGD|5|23|1870|80|GRS|0|30|210
CYGE|14|32|4500|75|ASP|0|161|341
CYGH|7|25|4434|98|GVL|1|92|272
CYGK|1|19|6001|100|ASP|1|356|176
CYGK|7|25|3933|100|ASP|1|54|234
CYGL|13|31|6500|150|ASP|1|113|293
CYGM|15|33|6800|150|ASP|1|150|330
CYGO|14|32|3810|100|CRUSHED ROCK|0|140|320
CYGP|10|28|5488|150|ASP|1|84|264
CYGQ|8|26|5000|100|ASP|1|72|252
CYGR|16|34|3600|150|ASP|1|139|319
CYGR|7|25|4500|150|ASP|1|53|233
CYGT|15T|33T|4095|100|GRAVEL|0|150|330
CYGV|8|26|4500|100|ASP|1|63|243
CYGW|3|21|5052|150|SAND/GRAVEL|0|30|210
CYGX|5|23|5000|150|GRAVEL|0|50|230
CYHA|18|36|3520|0|UNK|0|180|360
CYHB|6|24|5000|100|ASP|1|68|248
CYHD|12|30|5993|150|ASP|1|114|294
CYHE|7|25|3960|250|TURF|0|70|250
CYHF|4|22|4500|100|ASP|1|33|213
CYHH|9|27|5000|150|GRAVEL|0|90|270
CYHI|06T|24T|4300|100|GVL|1|62|242
CYHK|13T|31T|4400|100|GVL|1|127|307
CYHM|12|30|10006|200|ASP|1|107|287
CYHM|6|24|6010|150|ASP|1|49|229
CYHN|7|25|3500|75|ASP|1|59|239
CYHO|6|24|2500|75|GRAVEL|0|60|240
CYHR|7|25|4500|150|ASP|1|76|256
CYHS|1|19|4000|75|ASP|1|0|180
CYHS|9|27|2500|50|ASP|0|81|261
CYHT|4|22|5000|100|GRVL|0|40|220
CYHU|06L|24R|7840|150|ASP|1|47|227
CYHU|06R|24L|3920|100|ASP|1|47|227
CYHU|10|28|2800|150|ASP|1|84|264
CYHY|14|32|6000|150|ASP|1|154|334
CYHY|5|23|4001|150|COM|1|66|246
CYHZ|14|32|7700|200|ASP|1|126|306
CYHZ|5|23|10500|200|ASP|1|35|215
CYIB|4|22|3500|100|ASP|1|39|219
CYID|6|24|3950|75|ASP|1|43|223
CYIF|1|19|4590|100|ASP|1|353|173
CYIK|7|25|3521|100|GVL|1|51|231
CYIO|02T|20T|4000|100|GVL|1|23|203
CYIV|12|30|4000|100|CRUSHED ROCK|0|123|303
CYJA|13|31|3990|150|TURF|0|130|310
CYJF|3|21|2946|98|GRVL|0|48|238
CYJM|10|28|4000|75|ASP|0|124|304
CYJN|11|29|4000|100|ASP|1|90|270
CYJN|2|20|2474|100|ASP|0|0|180
CYJN|6|24|2765|100|ASP|0|45|225
CYJQ|10|28|2954|100|ASP|0|100|280
CYJT|2|20|3900|150|PEM|0|356|176
CYJT|9|27|10000|200|ASP|1|72|252
CYKA|5|23|1875|49|ASP|0|61|241
CYKA|9|27|8000|148|ASP|1|103|283
CYKC|2|20|5200|100|GRAVEL|0|20|200
CYKD|13|31|3002|75|GVL|1|156|336
CYKF|14|32|4103|148|ASP|1|138|318
CYKF|8|26|7003|148|ASP|1|75|255
CYKG|14|32|3511|100|GRAVEL|0|140|320
CYKJ|3|21|5200|180|GRAVEL|0|30|210
CYKL|17|35|5000|150|ASP|1|149|329
CYKM|13|31|4085|75|ASP|1|121|301
CYKM|5|23|2087|50|ASP|1|42|222
CYKO|8|26|3510|100|GVL|1|63|243
CYKP|9|27|3500|100|GRVL|0|90|270
CYKQ|6|24|3511|100|GRAVEL|0|62|242
CYKX|8|26|4500|100|ASP|1|71|251
CYKY|17|35|2281|100|GRS|0|180|0
CYKY|8|26|3507|75|ASP|1|90|270
CYLA|4|22|0|0|UNK|0|40|220
CYLA|5|23|3521|100|GRAVEL|0|50|230
CYLB|11|29|5700|100|ASP|1|129|309
CYLD|10|28|5000|100|ASP|1|92|272
CYLD|5|23|3000|75|ASP|1|39|219
CYLH|8|26|3500|100|GRVL|0|80|260
CYLI|14|32|3990|75|ASP|0|162|342
CYLJ|17|35|2290|75|ASP|1|179|359
CYLJ|9|27|5000|100|ASP|1|100|280
CYLK|08T|26T|2996|0|UNK|0|80|260
CYLL|11|29|1500|100|GRS|0|122|302
CYLL|8|26|5577|150|ASP|1|90|270
CYLQ|1|19|5000|150|ASP|1|353|173
CYLR|18|36|3000|75|ASP|1|183|3
CYLS|10|28|6001|148|ASP|1|89|269
CYLT|05T|23T|5500|150|GVL|1|48|228
CYLU|16|34|3521|100|GRAVEL|0|160|340
CYLW|16|34|8900|200|ASP|1|175|355
CYMA|7|25|4856|100|GVL|1|90|270
CYME|9|27|5500|150|ASP|1|71|251
CYMG|5|23|3600|100|ASP|1|42|222
CYMH|11|29|2500|75|GRAVEL|0|110|290
CYMJ|11L|29R|8326|150|ASP|1|118|298
CYMJ|11R|29L|7280|150|ASP|1|118|298
CYMJ|3|21|3400|100|ASP|1|44|224
CYML|14|32|4501|150|ASP|1|127|307
CYMM|8|26|7503|150|ASP|1|90|270
CYMO|14|32|3500|100|COM|1|127|307
CYMO|6|24|4000|100|ASP|1|43|223
CYMT|4|22|6496|150|ASP|1|28|208
CYMU|2|20|3500|100|GRAVEL|0|20|200
CYMW|3|21|4920|150|ASP|1|17|197
CYMX|11|29|8852|200|CON|0|98|278
CYMX|6|24|12000|200|CON|1|45|225
CYNA|14|32|4494|100|ASP|1|118|298
CYNC|10|28|3511|100|GRAVEL|0|95|275
CYND|9|27|6000|150|ASP|1|75|255
CYNE|6|24|3902|100|Gravel|0|60|240
CYNH|5|23|5200|100|ASP|0|74|254
CYNJ|1|19|2100|75|ASPHALT|1|10|190
CYNJ|7|25|2743|75|Asphalt|0|70|250
CYNL|16|34|6000|100|GRAVEL|0|160|340
CYNM|15|33|5000|100|ASP|1|134|314
CYNN|17|35|3350|80|GRAVEL/SAND|0|170|350
CYNR|17|35|6000|0|UNK|0|170|350
CYOA|02T|20T|6411|148|GVL|1|20|200
CYOC|4|22|4900|100|GVL|1|61|241
CYOD|13L|31R|12600|200|ASP|1|143|323
CYOD|13R|31L|10000|150|ASP|1|143|323
CYOD|4|22|8270|200|ASP|1|52|232
CYOH|4|22|3828|75|CRUSHED ROCK|0|40|220
CYOH|5|23|0|0|UNK|0|50|230
CYOJ|13|31|5000|150|ASP|1|154|334
CYOO|12|30|4750|100|ASP|1|109|289
CYOO|5|23|2654|100|ASP|1|35|215
CYOP|9|27|4539|100|ASP|1|110|290
CYOS|18|36|3932|75|ASP|1|170|350
CYOW|14|32|10000|200|ASP|1|126|306
CYOW|4|22|3300|75|ASP|0|26|206
CYOW|7|25|8000|200|ASP|1|57|237
CYPA|16|34|2500|100|GRS|0|170|350
CYPA|8|26|5000|150|ASP|1|91|271
CYPC|02T|20T|4000|100|GVL|1|20|200
CYPD|11|29|5000|150|ASP|1|90|270
CYPE|4|22|5000|150|ASP|1|61|241
CYPG|13L|31R|3130|150|ASP|0|134|314
CYPG|13R|31L|7000|200|ASP|1|133|313
CYPG|2|20|3045|150|ASP|1|19|199
CYPG|9|27|2670|150|ASP|0|89|269
CYPH|6|24|3500|100|GRAVEL|0|60|240
CYPK|08L|26R|2485|75|ASP|0|95|275
CYPK|08R|26L|5003|100|ASP|1|96|276
CYPK|18|36|2484|75|ASP|1|202|22
CYPL|9|27|4921|100|ASP|1|90|270
CYPM|9|27|3500|100|GRVL|0|90|270
CYPN|11|29|4886|150|ASP|1|90|270
CYPO|11|29|3520|100|Gravel|0|108|288
CYPP|6|24|2975|75|GRAVEL|0|60|240
CYPQ|13|31|2000|49|ASPH|0|118|298
CYPQ|9|27|7000|100|ASP|1|76|256
CYPR|13|31|6000|200|ASP|1|152|332
CYPS|6|24|3917|100|ASP|0|83|263
CYPT|10|28|3300|75|ASP|1|90|270
CYPT|19|1|1850|20|GVL|0|179|359
CYPU|5|23|6012|250|ASP|0|67|247
CYPW|9|27|3627|150|ASP|1|119|299
CYPX|1|19|6299|148|GVL|1|343|163
CYPY|4|22|5000|150|ASP|1|51|231
CYPZ|11|29|5000|75|ASP|1|137|317
CYQA|18|36|6000|150|ASP|1|169|349
CYQB|11|29|5700|150|ASP|1|98|278
CYQB|6|24|9000|150|ASP|1|44|224
CYQD|13|31|5901|150|ASP|1|133|313
CYQF|12|30|3449|100|ASP|1|130|310
CYQF|17|35|7500|98|ASP|1|180|0
CYQG|12|30|5150|150|ASP|1|116|296
CYQG|7|25|9000|200|ASP|1|62|242
CYQH|9|27|5504|150|ASP|1|110|290
CYQI|15|33|5000|150|ASP|1|133|313
CYQI|6|24|6000|150|ASP|1|42|222
CYQK|8|26|5800|150|ASP|1|77|257
CYQL|13|31|5500|150|ASP|1|140|320
CYQL|6|24|6500|200|ASP|1|70|250
CYQM|11|29|8000|200|ASP|1|89|269
CYQM|6|24|10001|200|ASP|1|44|224
CYQN|9|27|3500|100|ASP|1|85|265
CYQQ|12|30|10000|200|PEM|1|135|315
CYQQ|18|36|5000|200|ASP|1|203|23
CYQR|13|31|7900|150|ASP|1|138|318
CYQR|8|26|6200|150|ASP|1|89|269
CYQS|15|33|2610|75|ASP|0|145|325
CYQS|3|21|2607|75|ASP|0|25|205
CYQS|9|27|5013|100|ASP|1|85|265
CYQT|12|30|5297|150|ASP|1|120|300
CYQT|7|25|7318|200|ASP|1|70|250
CYQU|12|30|8502|148|ASP|1|135|315
CYQU|7|25|6200|200|ASP|1|89|269
CYQV|13|31|3000|100|COM|1|135|315
CYQV|4|22|4800|150|ASP|1|44|224
CYQW|12|30|5000|150|ASP|1|139|319
CYQW|6|24|2565|50|ASP|0|78|258
CYQX|13|31|8900|200|ASP|1|107|287
CYQX|3|21|10200|200|ASP|1|11|191
CYQY|18|36|5997|150|ASP|1|165|345
CYQY|6|24|7070|200|ASP|1|46|226
CYQZ|13|31|5500|200|ASP|1|150|330
CYRB|17T|35T|6500|200|GVL|1|167|347
CYRC|12|30|6087|150|ASP|1|106|286
CYRC|18|36|3769|150|ASP|1|161|341
CYRC|6|24|3734|150|ASP|0|40|220
CYRI|5|23|6000|150|ASP|1|33|213
CYRJ|16|34|5000|150|ASP|1|143|323
CYRL|8|26|5001|150|ASP|1|81|261
CYRM|13|31|5500|100|ASP|1|146|326
CYRO|9|27|3300|100|ASP|1|76|256
CYRP|10|28|3937|98|ASP|1|84|264
CYRP|4|22|2205|65|GVL|0|27|207
CYRQ|5|23|9006|150|ASP|1|31|211
CYRS|9|27|3555|85|CRUSHED ROCK|0|90|270
CYRT|13T|31T|6000|150|ASP|1|129|309
CYRV|12|30|4800|75|ASP|0|138|318
CYSA|17|35|2829|50|ASP|1|162|342
CYSA|5|23|5000|100|ASP|1|42|222
CYSB|12|30|5000|150|ASP|1|106|286
CYSB|4|22|6600|200|ASP|1|28|208
CYSC|13|31|6000|150|ASP|1|119|299
CYSC|14|32|6000|150|ASPH|0|140|320
CYSE|14|32|2400|75|ASPHALT|0|140|320
CYSF|6|24|5050|100|TREATED GRAVEL|0|60|240
CYSG|6|24|5108|75|ASP|1|46|226
CYSH|15|33|1500|85|grass|0|137|317
CYSH|6|24|4000|75|ASP|1|51|231
CYSJ|14|32|5100|200|ASP|1|121|301
CYSJ|5|23|7000|200|ASP|1|30|210
CYSK|9|27|3800|100|GRAVEL|0|90|270
CYSL|18|36|4000|100|ASP|1|156|336
CYSM|12|30|6000|100|ASP|1|131|311
CYSM|3|21|1800|100|COM|1|41|221
CYSN|11|29|2000|75|ASP|0|96|276
CYSN|1|19|2500|75|ASP|0|358|178
CYSN|6|24|5000|150|ASP|1|53|233
CYSP|16|34|3933|100|ASP|1|153|333
CYSQ|19|1|3950|75|GRVL|0|190|10
CYST|4|22|3400|75|CRUSHED ROCK|0|40|220
CYSU|5|23|8000|200|ASP|1|36|216
CYSW|17|35|4000|75|ASP|0|185|5
CYSY|08T|26T|4000|100|GVL|1|84|264
CYSZ|14|32|3977|90|ASP|1|120|300
CYTA|17|35|5000|100|ASP|1|157|337
CYTE|13T|31T|4000|100|GVL|1|127|307
CYTF|13|31|5000|100|ASP|1|114|294
CYTH|15|33|5079|100|GVL|1|151|331
CYTH|6|24|5800|150|ASP|1|61|241
CYTL|14|32|3900|100|GRVL|0|140|320
CYTN|10|28|2200|60|ASP|0|82|262
CYTN|6|24|5377|145|ASP|1|46|226
CYTQ|5|23|3519|100|GRAVEL|0|50|230
CYTR|13|31|3025|150|ASP|1|120|300
CYTR|6|24|10000|200|ASP|1|51|231
CYTS|10|28|4903|150|ASP|1|90|270
CYTS|3|21|6000|150|ASP|1|21|201
CYTZ|6|24|2933|150|ASP|0|48|228
CYTZ|8|26|3988|150|ASP|1|69|249
CYUB|10|28|4600|100|GVL|1|127|307
CYUL|06L|24R|11000|200|ASP|1|43|223
CYUL|06R|24L|9600|200|ASP|1|41|221
CYUT|16T|34T|3400|100|GVL|1|161|341
CYUX|12T|30T|5410|150|GVL|1|124|304
CYUY|8|26|7485|150|ASP|1|62|242
CYVB|13|31|5985|150|ASP|1|115|295
CYVC|11|29|2396|50|GVL|0|112|292
CYVC|18|36|5000|150|ASP|1|189|9
CYVD|8|26|4000|75|ASPHALT|0|80|260
CYVG|10|28|3300|75|ASP|1|119|299
CYVK|5|23|3360|75|ASP|1|71|251
CYVM|03T|21T|3800|100|GVL|1|33|213
CYVO|18|36|10000|150|ASP|1|169|349
CYVP|13|31|5000|150|GVL|1|103|283
CYVP|7|25|6000|150|ASP|1|43|223
CYVQ|10|28|5998|150|ASP|1|117|297
CYVR|08L|26R|9940|200|CON|1|100|280
CYVR|08R|26L|11500|200|ASP|1|100|280
CYVR|13|31|7300|200|CON|1|142|322
CYVT|12|30|5006|100|ASP|1|129|309
CYVT|6|24|2297|75|ASP|1|82|262
CYVV|11|29|3100|100|GVL|0|100|280
CYVV|5|23|5021|150|ASP|1|44|224
CYVZ|13|31|3500|100|GRVL|0|130|310
CYWG|13|31|8700|200|ASP|1|137|317
CYWG|18|36|11000|200|ASP|1|189|9
CYWJ|8|26|3933|99|GRVL|0|101|281
CYWK|18|36|6002|150|ASP|1|157|337
CYWL|12|30|7000|150|ASP|1|135|315
CYWM|17|35|4000|100|ASP|1|181|1
CYWP|2|20|3500|100|GRVL|0|20|200
CYWV|13|31|3000|75|ASP|1|139|319
CYWY|11|29|3500|100|GVL|1|131|311
CYXC|16|34|6000|150|ASP|1|178|358
CYXE|15|33|6200|150|ASP|1|165|345
CYXE|9|27|8300|200|ASP|1|101|281
CYXH|3|21|5000|150|ASP|1|45|225
CYXH|9|27|2820|100|ASP|1|107|287
CYXJ|12|30|6909|150|ASP|1|135|315
CYXJ|3|21|6698|198|ASP|1|45|225
CYXK|7|25|4600|150|ASP|1|48|228
CYXL|16|34|5300|100|ASP|1|156|336
CYXN|15T|33T|4000|0|UNK|0|150|330
CYXP|06T|24T|2920|100|GVL|1|62|242
CYXQ|14|32|3745|100|GRVL|0|162|342
CYXR|16|34|3019|150|GVL|1|149|329
CYXR|8|26|5998|150|ASP|1|63|243
CYXS|15|33|11450|150|ASP|1|170|350
CYXS|1|19|3769|75|ASP|0|31|211
CYXS|6|24|5628|150|ASP|1|79|259
CYXT|15|33|7497|150|ASP|1|172|352
CYXT|3|21|5373|150|ASP|0|51|231
CYXU|15|33|8800|200|ASP|1|139|319
CYXU|9|27|6300|200|ASP|1|78|258
CYXX|01L|19R|1500|100|GRS|1|27|207
CYXX|1|19|5328|200|ASP|1|25|205
CYXX|7|25|9600|200|PEM|1|87|267
CYXY|14L|32R|6597|100|ASP|0|159|339
CYXY|14R|32L|9497|150|ASP|1|158|338
CYXY|2|20|1798|75|ASP|0|34|214
CYXZ|3|21|4429|100|ASP|1|24|204
CYYB|13|31|2500|75|GRS|0|118|298
CYYB|18|36|4474|150|ASP|1|168|348
CYYB|8|26|10000|200|ASP|1|65|245
CYYC|11|29|8000|200|ASP|1|120|300
CYYC|17L|35R|14000|200|CONC|1|180|350
CYYC|17R|35L|12675|200|ASP|1|180|0
CYYD|15|33|5000|150|ASP|1|171|351
CYYE|4|22|6400|200|ASP|1|57|237
CYYE|8|26|3575|77|ASP|0|102|282
CYYF|16|34|6000|148|ASP|1|182|2
CYYG|10|28|7000|150|ASP|1|79|259
CYYG|3|21|7002|150|ASP|1|9|189
CYYH|15T|33T|4020|100|GVL|1|152|332
CYYJ|14|32|5001|200|ASP|1|152|332
CYYJ|3|21|5027|200|ASP|1|44|224
CYYJ|9|27|7000|200|ASP|1|105|285
CYYL|17|35|5000|150|ASP|1|180|0
CYYL|8|26|2520|80|GVL|0|87|267
CYYM|11|29|4330|300|TURF|0|110|290
CYYM|3|21|3600|300|TURF|0|30|210
CYYN|13|31|4250|150|ASP|1|136|316
CYYN|4|22|2500|50|ASP|1|49|229
CYYO|9|27|3000|75|ASP|1|102|282
CYYQ|15|33|9200|160|ASP|1|153|333
CYYQ|7|25|4000|100|GVL|1|72|252
CYYR|15|33|9580|200|ASP|1|133|313
CYYR|8|26|11046|209|ASP|1|55|235
CYYT|10|28|8502|200|ASP|1|86|266
CYYT|16|34|7005|197|ASP|1|142|322
CYYU|10|28|3590|75|ASP|0|90|270
CYYU|17|35|5500|100|ASP|1|156|336
CYYW|12|30|4000|100|ASP|1|117|297
CYYW|18|36|2940|100|ASP|0|179|359
CYYY|15|33|3934|150|ASP|1|133|313
CYYY|6|24|6000|150|ASP|1|39|219
CYYZ|06L|24R|9697|200|ASP|1|47|227
CYYZ|06R|24L|9000|200|ASP|1|47|227
CYYZ|15L|33R|11050|200|ASP|1|137|317
CYYZ|15R|33L|9088|200|ASP|1|137|317
CYYZ|5|23|11120|200|ASP/CONC|1|47|227
CYZD|15|33|7003|200|ASP|1|139|319
CYZE|11|29|5500|100|ASP|1|97|277
CYZF|10|28|5000|150|ASP|1|116|294
CYZF|16|34|7500|150|ASP|1|176|356
CYZG|3|21|3523|100|Gravel|0|29|209
CYZH|10|28|5561|100|ASP|1|115|295
CYZP|13|31|5120|150|ASP|1|144|324
CYZR|15|33|5100|100|ASP|1|137|317
CYZR|6|24|2989|75|ASP|0|49|229
CYZS|16T|34T|5000|100|GVL|1|155|335
CYZT|11|29|5000|150|ASP|1|129|309
CYZT|16|34|4000|150|ASP|0|178|358
CYZT|8|26|4000|150|ASP|1|92|272
CYZU|11|29|5800|100|ASP|1|125|305
CYZV|13|31|5771|200|ASP|1|110|290
CYZV|9|27|6552|150|ASP|1|70|250
CYZW|9|27|5028|100|GVL|1|107|287
CYZX|12|30|8000|200|ASP|1|107|287
CYZX|8|26|8000|200|ASP|1|64|244
CYZY|17|35|5033|100|ASP|1|186|6
CZAC|10|28|3395|85|CRUSHED ROCK|0|100|280
CZAM|14|32|4260|75|ASP|1|158|338
CZBA|14|32|3775|75|Asphalt/Turf|1|131|311
CZBA|9|27|2464|50|asphalt|0|80|260
CZBB|13|31|5605|100|ASP|1|144|324
CZBB|7|25|5606|100|ASP|1|90|270
CZBD|9|27|3000|75|CRUSHED ROCK|0|90|270
CZBF|10|28|5613|100|ASP|1|82|262
CZBM|05R|23L|3200|320|GRS|0|34|214
CZBM|5|23|5000|100|ASP|1|37|217
CZEE|12|30|2590|75|GRAVEL|0|120|300
CZEM|2|20|3512|100|GRAVEL|0|19|199
CZFA|9|27|4000|100|GVL|1|114|294
CZFD|10|28|3800|75|TREATED GRAVEL|0|100|280
CZFG|15|33|3000|85|CRUSHED ROCK|0|150|330
CZFM|12|30|3500|100|GVL|1|140|320
CZFN|7|25|3935|99|gravel|1|85|265
CZGF|7|25|4300|100|ASP|1|90|270
CZGI|9|27|3540|80|CRUSHED ROCK|0|90|270
CZGR|18|36|2800|75|CRUSHED ROCK|0|180|360
CZHP|7|25|3933|75|ASP|1|88|268
CZJG|15|33|3800|100|GRAVEL|0|150|330
CZJN|2|20|3933|100|ASP|1|27|207
CZJN|8|26|1950|75|GRS|0|85|265
CZKE|6|24|3903|100|GRVL|0|64|244
CZLQ|12|30|2220|75|CRUSHED ROCK|0|120|300
CZMD|5|23|3500|100|GRVL|0|50|230
CZML|15|33|5293|75|ASP|1|165|345
CZMN|5|23|2200|75|CRUSHED ROCK|0|50|230
CZMT|13|31|5000|100|ASP|1|148|328
CZNG|10|28|2500|60|CRUSHED ROCK|0|100|280
CZNL|4|22|3100|75|ASP|0|61|241
CZPB|10|28|3500|100|GRVL|0|100|280
CZPC|8|26|6600|100|ASP|1|90|270
CZPO|16|34|3000|65|GRAVEL/CLAY|0|160|340
CZRJ|3|21|3500|100|GRVL|0|30|210
CZSJ|11|29|3500|100|GRVL|0|110|290
CZSN|18|36|3509|100|CRUSHED ROCK|0|180|360
CZST|18|36|3900|75|ASP|0|194|14
CZTA|18|36|3000|75|CRUSHED ROCK|0|180|360
CZTM|1|19|4006|90|GRAVEL|0|10|190
CZUC|5|23|3512|75|ASP|1|49|229
CZUM|13|31|5500|150|ASP|1|104|284
CZVL|16|34|3500|100|ASP|1|181|1
CZVL|8|26|5001|100|ASP|1|103|283
CZWH|3|21|3500|100|CRUSHED ROCK|0|30|210
CZWL|17|35|3800|75|TREATED GRAVEL|0|170|350
DAAB|6|24|5833|150|ASP|0|66|246
DAAD|4|22|7218|98|ASP|0|42|222
DAAE|8|26|7874|148|ASP|1|80|260
DAAF|8|26|6285|95||0|79|259
DAAG|5|23|11483|197|ASP|1|53|233
DAAG|9|27|11483|148|ASP|1|92|272
DAAJ|13|31|9843|148|ASP|1|125|305
DAAJ|2|20|7874|148|ASP|0|22|202
DAAK|4|22|11883|148|CON|0|44|224
DAAN|8|26|8216|98|PEM|0|71|251
DAAP|9|27|9843|148|ASP|1|90|270
DAAQ|09L|27R|10696|148|ASP|0|91|271
DAAQ|09R|27L|10696|148|ASP|0|91|271
DAAS|9|27|9498|148|ASP|0|90|270
DAAT|2|20|11811|148|ASP|1|22|202
DAAV|17|35|7874|148|ASP|1|171|351
DAAY|17|35|9436|100|ASP|0|160|340
DAAY|6|24|11780|150|ASP|0|51|231
DAAZ|7|25|4265|70|ASP|0|67|247
DABB|18|36|9843|148|ASP|1|187|7
DABB|5|23|7513|148|ASP|1|52|232
DABC|13|31|7874|148|ASP|1|136|316
DABC|16|34|9843|148|ASP|0|159|339
DABS|11|29|9843|148|ASP|1|113|293
DABS|12|30|7874|98|ASP|1|122|302
DABT|5|23|9843|148|ASP|1|55|235
DAFH|8|26|9835|148|ASP|0|79|259
DAFH|9|27|4695|100|ASP|0|88|268
DAOB|8|26|9843|148|ASP|1|81|261
DAOE|7|25|9834|148|CON|0|64|244
DAOF|08L|26R|9840|148|ASP|1|76|256
DAOF|08R|26L|9840|148|ASP|1|76|256
DAOI|7|25|5413|98|ASP|0|66|246
DAOI|8|26|8793|148|ASPH|0|80|260
DAOL|8|26|9037|140|ASP|1|76|256
DAON|7|25|8530|148|ASP|1|70|250
DAOO|07L|25R|11811|148|ASP|1|67|247
DAOO|07R|25L|9843|148|CON|1|70|250
DAOR|18|36|9840|148|ASP|0|180|0
DAOR|6|24|12245|148|ASP|0|60|240
DAOS|10|28|4868|100|ASP|0|98|278
DAOV|8|26|5577|98|ASP|0|80|260
DAOY|4|22|9843|148|ASP|0|40|220
DATG|8|26|7218|98|ASPH|0|80|260
DATM|8|26|9843|148|ASPH|0|80|260
DAUA|4|22|9843|148|ASP|1|40|220
DAUB|13|31|9469|148|ASP|0|130|310
DAUE|10|28|5906|148|ASP|0|102|282
DAUE|18|36|9843|148|ASP|0|180|0
DAUG|12|30|10171|197|ASP|1|122|302
DAUG|18|36|7874|148|ASP|0|183|3
DAUH|18|36|9843|148|ASP|1|184|4
DAUH|1|19|0|0|UNK|0|10|190
DAUI|5|23|9843|148|ASP|1|51|231
DAUK|1|19|9843|148|ASP|1|9|189
DAUL|16L|34R|12486|148|ASP|1|157|337
DAUL|16R|34L|12477|148|ASP|0|157|337
DAUO|13|31|9843|148|ASP|1|130|310
DAUO|2|20|6562|98|ASP|0|18|198
DAUT|6|24|9843|148|ASP|0|56|236
DAUU|18|36|10171|148|ASP|0|179|359
DAUU|1|19|9843|148|ASP|0|16|196
DAUZ|14|32|7218|98|ASP|1|145|325
DAUZ|5|23|9843|148|ASP|1|47|227
DBBB|6|24|7874|148|ASP|1|53|233
DBBP|4|22|5249|0|UNK|0|40|220
DFFD|4|22|9843|148|ASP|1|33|213
DFOH|18|36|1920|0|GVL|0|180|360
DFOH|8|26|2560|0|GRS|0|80|260
DFOO|6|24|10826|148|ASP|1|53|233
DGAA|3|21|11165|200|ASP|1|22|202
DGAH|5|23|5266|100|Asphalt|0|50|230
DGLE|5|23|7999|148|ASP|0|45|225
DGLW|3|21|6612|145|ASP|0|20|200
DGSI|2|20|6502|148|ASP|1|12|192
DGSN|7|25|4227|148|ASP|0|63|243
DGTK|4|22|5745|148|ASP|0|30|210
DIAP|3|21|9843|164|ASP|1|23|203
DIBK|3|21|10827|148|ASP|1|24|204
DIBU|3|21|4921|0|UNK|0|30|210
DIDL|4|22|6562|98|CON|0|28|208
DIKO|9|27|6890|98|CON|1|80|260
DIMN|4|22|6726|98|CON|0|25|205
DISP|3|21|6234|98|ASP|1|20|200
DIYO|5|23|9843|148|ASP|1|42|222
DNAA|4|22|11842|197|ASP|1|35|215
DNAI|3|21|11811|0||0|30|210
DNAK|3|21|9195|148|ASP|0|24|204
DNAS|11|29|11155|190|ASP|1|110|290
DNBB|10|28|5577|75|ASP|0|100|280
DNBC|17|35|11154|140|ASP|0|170|350
DNBE|5|23|7870|148|ASP|1|46|226
DNBI|4|22|3900|65|ASP|0|40|220
DNBY|6|24|12139|0|ASP|0|60|240
DNCA|3|21|8040|148|ASP|1|27|207
DNDS|6|24|9840|155|ASP|0|60|240
DNEN|8|26|7879|148|ASP|1|80|260
DNFB|4|22|5582|98|ASP|0|40|220
DNFD|2|20|3165|60|ASP|0|20|200
DNGO|5|23|10827|148|ASP|1|50|230
DNGU|5|23|4800|148|LAT|0|47|227
DNIB|5|23|7875|147|ASP|1|40|220
DNIL|5|23|10169|197|ASP|1|49|229
DNIM|17|35|8858|148|ASP|0|167|347
DNJO|10|28|9845|148|ASP|1|95|275
DNKA|5|23|9843|197|ASP|1|50|230
DNKN|5|23|8040|148|ASP|1|44|224
DNKN|6|24|10831|197|ASP|1|61|241
DNMA|5|23|9846|197|ASP|1|47|227
DNMK|5|23|9830|164|CON|0|52|232
DNMM|18L|36R|8997|148|ASP|1|180|0
DNMM|18R|36L|12794|197|ASP|1|180|0
DNMN|5|23|11153|145|ASP|0|45|225
DNPO|3|21|9846|197|ASP|1|28|208
DNSO|8|26|9844|197|ASP|1|77|257
DNSU|6|DNSU|6868|98|ASP|0|60|-1
DNYO|17|35|9840|148|ASP|1|171|351
DNZA|5|23|5462|151|ASP|0|50|230
DRRM|9|27|6070|98|ASP|0|84|264
DRRN|09L|27R|10499|98|LAT|0|87|267
DRRN|09R|27L|9843|148|BITUM|1|87|267
DRRT|6|24|7053|98|ASP|0|60|240
DRZA|7|25|9843|98|ASP|1|68|248
DRZD|4|22|5249|131|ASP|0|41|221
DRZF|9|27|5906|98|ASP|0|88|268
DRZI|1|19|4438|196||0|11|191
DRZR|5|23|5988|98|ASP|1|53|233
DTKA|9|27|9416|148|ASP|1|93|273
DTMB|7|25|9678|148|ASP|1|74|254
DTNH|9|27|10827|197|ASPH|1|90|270
DTTA|11|29|9318|148|ASP|1|112|292
DTTA|1|19|10499|148|ASP|1|12|192
DTTB|11|29|3975|164|CON|0|111|291
DTTB|8|26|9845|166|PEM|0|83|263
DTTD|2|20|7812|148|ASP|0|23|203
DTTF|5|23|9514|148|ASP|1|48|228
DTTG|6|24|3702|82|ASP|0|61|241
DTTI|13|31|3407|98|ASP|0|126|306
DTTJ|9|27|10171|148|ASP|1|88|268
DTTR|11|29|8858|148|ASP|0|115|295
DTTX|15|33|9843|148|CON|1|148|328
DTTZ|9|27|10581|148|ASP|1|89|269
DXNG|3|21|8202|148|CON|1|22|202
DXXX|4|22|9847|148|ASP|1|39|219
EBAM|11|29|2000|60|GRS|0|110|290
EBAR|9|27|492|98|GRS|0|85|265
EBAW|11|29|4954|148|ASP|1|110|290
EBBE|04L|22R|10085|148|ASP|1|39|219
EBBE|04R|22L|8038|74|ASP|1|39|219
EBBL|05L|23R|10158|148|PEM|1|50|230
EBBL|05R|23L|7874|75|PEM|0|50|230
EBBR|07L|25R|11936|148|ASP|1|65|245
EBBR|07R|25L|10535|148|ASP|1|70|250
EBBR|1|19|9800|164|ASP|1|14|194
EBBT|16|34|2621|98|CON|0|163|343
EBBX|6|24|7874|148|CON|0|58|238
EBBY|14|32|981|99|GRS|0|140|320
EBBY|5|23|827|99|GRS|0|50|230
EBBZ|15|33|1469|131||0|152|332
EBCF|12L|30R|2625|98|grass|0|120|300
EBCF|12R|30L|2215|98|grass|0|120|300
EBCI|6|24|10023|148|ASP|1|66|246
EBCV|8|26|8197|148|ASP|1|80|260
EBDT|6|24|2461|148|Turf|0|60|240
EBFN|11|29|8786|164|PEM|1|108|288
EBFN|2|20|2621|98|CONC|0|20|200
EBFS|08L|26R|11105|148|ASP|1|79|259
EBFS|08R|26L|7381|74|ASP|1|80|260
EBGB|1|19|2016|0|GRS|0|10|190
EBGG|3|21|600|18|grass|0|30|210
EBHN|15|33|0|0|Grass|0|150|330
EBIS|17|35|495|164|G|0|170|350
EBKH|7|25|2264|59|GRS|0|70|250
EBKT|6|24|6234|148|ASP|1|62|242
EBLE|8|26|1969|59|Asphalt|0|80|260
EBLG|04L|22R|7677|148|ASP|1|45|225
EBLG|04R|22L|12106|148|ASP|1|45|225
EBML|9|27|1311|0|Grass|0|90|270
EBMO|4|22|650|30|grass|0|40|220
EBNM|06L|24R|2064|164|grass|0|64|244
EBNM|06R|24L|2264|82|ASP|0|64|244
EBOS|8|26|10499|148|CON|1|75|256
EBSG|9|27|2296|75|ASP|0|88|268
EBSH|14|32|2621|492|GRS|0|140|320
EBSH|5|23|1969|623|GRS|0|50|230
EBSL|6|24|9777|148|ASP|0|60|240
EBSP|5|23|2621|98|ASP|0|48|228
EBST|6|24|3597|164|ASP|0|58|238
EBSU|7|25|8528|147|CON|0|67|247
EBTN|17|35|2560|100|ASPHALT|0|170|350
EBTN|6|24|2148|100|ASPHALT|0|60|240
EBTX|6|24|2421|72|GRS|0|60|240
EBTY|11|29|2067|59|GRS|0|110|290
EBUL|7|25|9777|148|concrete|0|70|250
EBWE|7|25|9777|147|CON|0|68|248
EBZH|9|27|1967|0|Grass|0|90|270
EBZR|5|23|2621|148|CON|0|48|228
EBZU|17|35|400|18|UNK|0|170|350
EBZW|03L|21R|2622|76|ASPH|0|34|214
EBZW|03R|21L|2148|59|grass|0|34|214
EDAB|07L|25R|3281|131|GRS|0|73|253
EDAB|7|25|7218|164|CON|1|73|253
EDAC|4|22|7333|148|CON|1|41|221
EDAD|9|27|3281|82|ASP|1|91|271
EDAE|11|29|3839|75|ASP|1|114|294
EDAG|11|29|3281|0|UNK|0|110|290
EDAH|10R|28L|1969|98|GRS|0|106|286
EDAH|10|28|7562|115|ASP|1|106|286
EDAI|11|29|3035|0|UNK|0|110|290
EDAJ|6|24|2460|79|ASPH|0|60|240
EDAK|11R|29L|3117|131|grass|0|110|290
EDAK|11|29|4642|157|CON|0|115|295
EDAM|8|26|3740|98|CON|0|81|261
EDAN|18|36|2953|0|grass|0|180|360
EDAN|9|27|3937|0|grass|0|90|270
EDAP|9|27|2625|0|UNK|0|90|270
EDAQ|11|29|3675|98|ASP|1|114|294
EDAR|11|29|3000|220|Gras|0|110|290
EDAS|8|26|3133|131|Grass|0|84|264
EDAU|12|30|3281|75|ASP|0|122|302
EDAU|9|27|2461|98|GRS|0|96|276
EDAV|10|28|8268|164|CON|1|100|280
EDAW|10|28|3937|0|UNK|0|100|280
EDAX|7|25|7808|164|CON|1|76|256
EDAY|05R|23L|3937|131|GRS|0|49|229
EDAY|5|23|3937|92|CON|1|49|229
EDAZ|12|30|2297|58|ASP|0|121|301
EDAZ|7|25|5085|75|ASP|1|76|256
EDBA|9|27|2854|0|UNK|0|90|270
EDBC|8|26|8210|148|ASPHALT|0|77|257
EDBF|10|28|2969|75|Asphalt|0|104|284
EDBG|9|27|2789|0|UNK|0|90|270
EDBH|9|27|3937|98|ASP|1|90|270
EDBI|6|24|2625|0|UNK|0|60|240
EDBJ|2|20|3960|75|ASP|1|20|200
EDBJ|8|26|2000|100|GRS|0|76|256
EDBK|14R|32L|3281|98|GRS|0|141|321
EDBK|14|32|3281|75|ASP|1|141|321
EDBL|9|27|2400|100|grass|0|90|270
EDBM|09L|27R|2298|98|GRS|0|88|268
EDBM|9|27|3281|98|ASP|1|88|268
EDBN|9|27|7522|148|CON|1|89|269
EDBO|8|26|2789|0|UNK|0|80|260
EDBP|1|19|2625|0|UNK|0|10|190
EDBQ|12|30|2953|0|UNK|0|120|300
EDBQ|8|26|2887|0|UNK|0|80|260
EDBR|18R|36L|4003|131|GRS|0|178|358
EDBR|18|36|8202|148|ASP|1|179|359
EDBS|7|25|3035|0|UNK|0|70|250
EDBT|7|25|3937|98|CON|0|70|250
EDBU|8|26|2723|0|UNK|0|80|260
EDBV|5|23|2953|0|GRASS|0|50|230
EDBW|8|26|4918|262|CON|0|85|265
EDBY|15|33|2953|0|UNK|0|150|330
EDBZ|08L|26R|2789|0|UNK|0|80|260
EDBZ|08R|26L|2625|0|UNK|0|80|260
EDCA|09R|27L|2953|131|GRS|0|96|276
EDCA|9|27|3281|66|ASP|1|96|276
EDCB|9|27|2247|0|asfalt|1|90|270
EDCE|6|24|3937|131|Grass|0|60|240
EDCG|9|27|2953|60|Asphalt|1|82|262
EDCI|10|28|2887|0|UNK|0|100|280
EDCJ|7|25|1950|65|asphalt|0|70|250
EDCK|7|25|2625|0|UNK|0|70|250
EDCM|03L|21R|3609|131|GRS|0|34|214
EDCM|3|21|3609|92|CON|1|34|214
EDCO|11|29|4757|98|ASP|0|110|290
EDCP|13|31|7874|197|CON|0|137|317
EDCQ|11|29|3445|0|UNK|0|110|290
EDCR|8|26|2100|131|grass|0|80|260
EDCS|10|28|3281|0|UNK|0|100|280
EDCT|7|25|1965|98|Grass|0|70|250
EDCU|9|27|2297|131|Grass|0|90|270
EDCV|9|27|2953|0|UNK|0|90|270
EDCW|8|26|2099|131|Grass|0|80|260
EDCX|4|22|3609|131|grass|0|40|220
EDCY|3|21|6562|98|CONC|1|32|212
EDDB|06L|24R|11811|148|ASPH|1|69|249
EDDB|06R|24L|13123|197|CONC|1|69|249
EDDC|4|22|9350|197|CON|1|41|221
EDDE|9|27|8530|164|ASP|1|98|278
EDDF|07C|25C|13123|197|ASP|1|70|250
EDDF|07L|25R|9186|148|CON|1|70|250
EDDF|07R|25L|13123|148|CON|1|70|250
EDDF|18|36|13123|148|CON|1|180|0
EDDG|7|25|7119|148|ASP|1|71|251
EDDH|15|33|12028|150|ASP|1|153|333
EDDH|5|23|10663|150|ASP|1|50|230
EDDK|13L|31R|12516|197|ASP|1|138|318
EDDK|13R|31L|6112|148|ASP|1|138|318
EDDK|6|24|8067|148|CON|1|64|244
EDDL|05L|23R|8858|148|CON|1|53|233
EDDL|05R|23L|9842|148|CON|1|53|233
EDDM|08L|26R|13123|197|CON|1|83|263
EDDM|08R|26L|13123|197|CON|1|83|263
EDDN|10|28|8858|148|ASP|1|99|279
EDDP|08L|26R|11811|148|CON|1|86|266
EDDP|08R|26L|11811|198|CON|1|86|266
EDDR|08L|26R|1788|164|GRS|0|88|268
EDDR|8|26|6562|148|ASP|1|87|267
EDDS|7|25|10974|148|CON|1|72|252
EDDV|09C|27C|1804|75|ASP|0|92|272
EDDV|09L|27R|10499|148|CON|1|93|273
EDDV|09R|27L|7677|148|CON|1|93|273
EDDW|5|23|2297|75|ASP|0|52|232
EDDW|9|27|8642|148|ASP|1|88|268
EDEG|8|26|2657|0|UNK|0|80|260
EDEH|4|22|0|0|G|0|40|220
EDEL|1|19|1476|98|grass|0|10|190
EDEN|36|18|2200|60|A|0|360|180
EDEP|15L|33R|3435|131|GRASS|0|150|330
EDEP|15R|33L|3612|131|GRASS|0|150|330
EDEQ|8|26|2953|0|UNK|0|80|260
EDER|08R|26L|1200|250|grass|0|80|260
EDER|6|24|2030|46|asphalt|0|60|240
EDEW|6|24|2690|0|UNK|0|60|240
EDFA|6|24|2100|99|G|0|60|240
EDFB|18|36|4265|75|Asphalt|0|180|360
EDFB|9|27|820|98|Grass|0|90|270
EDFC|8|26|2756|0|Asphalt|1|80|260
EDFE|08R|26L|2198|98|GRS|0|86|266
EDFE|8|26|4593|82|ASP|1|84|264
EDFG|7|25|2756|82|Gras|0|70|250
EDFH|3|21|12467|148|ASP|1|32|212
EDFK|17|35|2641|0|UNK|0|170|350
EDFM|09L|27R|2297|98|GRS|0|92|272
EDFM|9|27|3497|82|ASP|1|93|273
EDFN|3|21|2461|98|GRASS|0|30|210
EDFO|8|26|1800|0|Asphalt|1|80|260
EDFQ|11|29|4068|98|ASP|1|113|293
EDFR|3|21|3117|65|asphalt|0|30|210
EDFS|10|28|3215|0|UNK|0|100|280
EDFT|6|24|2230|98|grass|0|64|244
EDFV|06G|24G|3018|98|GRS|0|61|241
EDFV|6|24|2625|66|CON|1|61|241
EDFW|11|29|2198|68|Asphalt|0|110|290
EDFX|14|32|2756|0|UNK|0|140|320
EDFY|7|25|2460|65|Asphalt|0|70|250
EDFZ|07R|25L|3281|262|GRS|0|77|257
EDFZ|7|25|3281|72|ASP|1|74|254
EDGB|7|25|2953|0|UNK|0|70|250
EDGE|10|28|5643|180|CON|1|105|285
EDGM|15|33|2017|65|Asphalt|0|150|330
EDGP|2|20|2625|0|UNK|0|20|200
EDGS|13L|31R|1969|98|GRS|0|128|308
EDGS|13|31|5315|98|ASP|1|128|308
EDGS|4|22|1640|98|GRS|0|38|218
EDGZ|17|35|2543|0|UNK|0|170|350
EDHB|9|27|1640|98|Grass|0|90|270
EDHE|9|27|3609|0|GRASS|0|90|270
EDHF|2|20|3412|98|CON|0|20|200
EDHF|9|27|2323|131|GRS|0|90|270
EDHG|7|25|3215|0|UNK|0|70|250
EDHI|5|23|8629|148|PEM|1|52|232
EDHK|08L|26R|1476|115|GRS|0|81|261
EDHK|8|26|4134|98|ASP|1|82|262
EDHL|7|25|6896|197|ASP|1|72|252
EDHM|5|23|2496|49|asphalt|0|50|230
EDHO|5|23|1969|49|Asfalt|0|50|230
EDHS|10|28|2132|50|Asphalt|0|108|288
EDHW|11|29|2625|0|UNK|0|110|290
EDJA|6|24|8629|148|ASP|1|59|239
EDKA|7|25|3805|59|Asphalt|0|70|250
EDKB|11|29|2625|0|concrete|0|110|290
EDKH|9|27|3117|0|UNK|0|90|270
EDKL|15|33|3035|98|GRS|0|150|330
EDKM|4|22|2953|0|Asphalt|0|40|220
EDKN|10|28|2952|98|grass|0|104|284
EDKO|7|25|2460|49|asphalt|0|70|250
EDKP|10|28|1410|98|Grass|0|100|280
EDKR|9|27|2952|98|grass|0|93|273
EDKU|3|21|1837|100|GRASS|0|32|212
EDKV|6|24|3510|98|ASP|1|59|239
EDKW|7|25|2657|0|UNK|0|70|250
EDKZ|7|25|3839|66|ASP|0|73|253
EDLA|5|23|3461|66|ASP|1|50|230
EDLB|7|25|2870|49|ASPHALT|0|72|252
EDLC|7|25|1968|98|GRASS|0|70|250
EDLD|8|26|4921|98|CONCRETE|1|84|264
EDLE|6|24|5095|148|ASP|1|66|246
EDLF|7|25|2215|131|GRASS|0|70|250
EDLH|6|24|2953|0|CONCRETE + GRASS. MTOM 2|0|60|240
EDLI|11|29|4121|66|ASP|1|111|291
EDLK|6|24|2099|98|Grass|0|60|240
EDLM|7|25|2723|0|UNK|0|70|250
EDLN|13|31|3937|98|ASP|1|129|309
EDLO|04G|22G|3780|296|GRS|0|40|220
EDLO|4|22|1950|64|ASPH|0|40|220
EDLP|6|24|7152|148|ASP|1|57|237
EDLR|6|24|3904|0|UNK|0|60|240
EDLS|11|29|4068|98|ASP|1|108|288
EDLT|10|28|2789|65|ASP|0|100|280
EDLV|9|27|8005|148|PEM|1|92|272
EDLW|6|24|6562|148|ASP|1|61|241
EDLZ|7|25|2690|0|UNK|0|70|250
EDMA|07R|25L|3325|100|GRS|0|72|252
EDMA|7|25|5230|98|ASP|1|71|251
EDMB|4|22|3215|75|ASP|0|41|221
EDMC|10|28|2857|98|grass|0|100|280
EDMD|10|28|2050|98|Grass|0|100|280
EDME|8|26|3806|75|ASP|1|87|267
EDMI|7|25|1773|100|Grass|0|70|250
EDMJ|7|25|1437|39|Asphalt|0|70|250
EDMK|17|35|2953|98|grass|0|170|350
EDMK|7|25|2789|98|grass|0|70|250
EDML|7|25|2953|75|ASP|0|70|250
EDMN|15|33|3770|66|ASP|0|154|334
EDMO|4|22|7500|147|ASP|1|42|222
EDMQ|8|26|2297|66|ASPH|0|83|263
EDMS|9|27|4429|98|ASP|1|97|277
EDMT|9|27|3353|0|Grass|0|90|270
EDMU|10|28|1837|111|grass|0|100|280
EDMV|12|30|3734|66|ASP|1|121|301
EDMY|8|26|2789|0|Concrete|0|80|260
EDNA|9|27|2920|0|Grass|0|90|270
EDNF|16|34|0|0||0|160|340
EDNG|17|35|1575|46|asfalt|0|170|350
EDNH|8|26|2641|0|UNK|0|80|260
EDNI|2|20|2789|0|UNK|0|20|200
EDNJ|8|26|2099|98|Grass|0|80|260
EDNL|5|23|3346|66|ASP|1|56|236
EDNO|4|22|2460|49|ASPH|0|35|215
EDNP|7|25|3200|100|grass|0|70|250
EDNR|10|28|2116|49|Asphalt|0|100|280
EDNS|8|26|2789|0|UNK|0|80|260
EDNT|14|32|2116|98|GRASS|0|144|324
EDNU|8|26|1640|98|Grass|0|80|260
EDNW|8|26|2132|98|Grass|0|80|260
EDNX|7|25|2651|51|ASP|0|70|250
EDNY|6|24|7729|148|ASP|1|60|240
EDNZ|6|24|2625|0|UNK|0|60|240
EDOA|1|19|2625|0|UNK|0|10|190
EDOB|7|25|2296|131|Grass|0|70|250
EDOD|10|28|4199|0|UNK|0|100|280
EDOE|11|29|2625|0|UNK|0|110|290
EDOE|6|24|3117|0|UNK|0|60|240
EDOH|5|23|2953|0|UNK|0|50|230
EDOI|12|30|2821|131|GRS|0|120|300
EDOJ|6|24|3346|0|UNK|0|60|240
EDOK|7|25|2625|0|UNK|0|70|250
EDOM|10|28|1476|98|grass|0|100|280
EDON|8|26|7874|164|CON|0|82|262
EDOQ|8|26|2723|0|UNK|0|80|260
EDOR|8|26|2756|0|UNK|0|80|260
EDOS|6|24|2953|0|UNK|0|60|240
EDOT|5|23|1640|98|Grass|0|50|230
EDOV|08L|26R|2297|131|GRS|0|83|263
EDOV|8|26|6552|171|CON|1|83|263
EDOW|4|22|2625|0|UNK|0|40|220
EDOX|7|25|3281|0|UNK|0|70|250
EDOZ|7|25|2625|0|UNK|0|70|250
EDPA|09L|27R|3116|82|ASP|0|89|269
EDPA|09R|27L|3117|98|GRS|0|88|268
EDPF|11|29|2756|0|UNK|0|110|290
EDPH|10|28|1574|49|Asphalt|0|97|277
EDPJ|7|25|1588|26|ASPH|0|70|250
EDPM|9|27|1968|33|Aspalt|0|86|266
EDPU|16|34|2953|0|UNK|0|160|340
EDPY|12|30|2575|0|UNK|0|120|300
EDQA|3|21|4111|75|ASPH|1|32|212
EDQC|12|30|2073|66|concrete|1|118|298
EDQD|6|24|3550|98|ASP|1|60|240
EDQE|08L|26R|2317|85|GRS|0|87|267
EDQE|8|26|3190|49|ASP|0|88|268
EDQF|9|27|2559|0|UNK|0|90|270
EDQG|8|26|6502|98|Concrete|1|78|258
EDQH|7|25|2297|66|ASP|0|70|250
EDQI|07L|25R|1575|26|ASP|0|73|253
EDQI|07R|25L|1476|98|GRS|0|73|253
EDQK|9|27|2340|160|ASPH|0|85|265
EDQL|4|22|2300|100|GRS|0|44|224
EDQM|8|26|4856|98|ASP|1|87|267
EDQN|9|27|1970|50|ASP|0|90|270
EDQP|9|27|2461|66||0|90|270
EDQR|14|32|1700|80|gras|0|140|320
EDQT|11|29|3609|66|ASP|1|113|293
EDQW|14|32|1700|35|Concrete|0|140|320
EDQY|7|25|2515|0|gras|0|69|249
EDQZ|8|26|2900|0|UNK|0|80|260
EDRB|5|23|10026|148|ASP|1|55|235
EDRF|8|26|1968|65|ASPH|0|75|255
EDRG|6|24|2133|164|GRASS|0|60|240
EDRI|5|23|2428|98|G|0|50|230
EDRJ|7|25|2625|0|UNK|0|70|250
EDRK|6|24|3855|66|ASP|1|58|238
EDRL|11|29|3281|0|UNK|0|110|290
EDRM|18|36|2400|98|grass|0|180|0
EDRP|4|22|2625|65|ASPH|0|40|220
EDRT|4|22|3937|98|CON|0|42|222
EDRY|16R|34L|3281|98|GRS|0|165|345
EDRY|16|34|5501|98|ASP|1|165|345
EDRZ|3|21|9677|148|CON|1|30|210
EDSA|9|27|3435|100|GRS|0|90|270
EDSB|3|21|9787|148|ASP|1|32|212
EDSG|12|30|3609|0|UNK|0|120|300
EDSH|10|28|1640|98|Grass|0|103|283
EDSI|7|25|2822|0|UNK|0|70|250
EDSK|4|22|2247|98|Grass|0|40|220
EDSL|6|24|2559|0|Unpeved runway|0|60|240
EDSN|9|27|4094|98|ASP|0|91|271
EDSO|7|25|1640|131|grass|0|74|254
EDSP|17G|35G|820|98|grass|0|170|350
EDSP|17|35|1335|47|Asphalt|0|170|350
EDSR|1|19|2329|98|GRS|0|11|191
EDST|12|30|2099|98|Grass|0|120|300
EDST|6|24|1706|98|grass|0|60|240
EDSW|7|25|2756|0|UNK|0|70|250
EDSZ|8|26|2635|0|ASHP|1|80|260
EDTB|3|21|2460|98|GRS|0|32|212
EDTD|18|36|4232|98|ASP|1|178|358
EDTF|16|34|4390|98|ASP|1|160|340
EDTG|05R|23L|1969|98|GRS|0|53|233
EDTG|5|23|5413|148|ASP|0|53|233
EDTH|7|25|2461|66|CON|1|70|250
EDTL|3|21|9842|148|ASP|1|28|208
EDTM|07L|25R|2298|100|grass|0|79|259
EDTM|7|25|5138|0|Asphalt|1|79|259
EDTN|14|32|2019|116|GRS|0|140|320
EDTO|2|20|2986|0|UNK|0|20|200
EDTQ|10|28|2204|65|Asphalt|0|100|280
EDTS|5|23|2638|0|UNK|0|50|230
EDTW|14|32|2310|48|ASPH|0|140|320
EDTY|10L|28R|2460|98|GRS|0|99|279
EDTY|10|28|5053|98|CON|1|99|279
EDTZ|12|30|2460|164|Grass|0|120|300
EDUA|4|22|2264|0|G|0|40|220
EDUF|8|26|3937|98|CON|0|80|260
EDUS|09R|27L|2904|131|GRS|0|89|269
EDUS|9|27|3937|98|CON|0|89|269
EDUW|17L|35R|1640|98|GRS|0|170|350
EDUW|17|35|3280|164|CON|0|171|351
EDVC|4|22|2953|132|GRASS|0|42|222
EDVE|8|26|7546|148|ASP|1|85|265
EDVH|3|21|2953|131|Grass|0|30|210
EDVI|13|31|2671|65|Asphalt|0|133|313
EDVJ|11|29|3117|0|UNK|0|110|290
EDVK|9|27|8202|147|ASPH|1|95|275
EDVM|7|25|4003|75|ASP|0|73|253
EDVR|11|29|1989|32|Paved|0|111|291
EDVU|8|26|2625|65|ASPH|0|80|260
EDVY|5|23|2822|0|Concrete|0|50|230
EDWC|10|28|2296|65|ASP|1|100|280
EDWE|7|25|4265|98|ASP|1|73|253
EDWF|8|26|3937|66|ASP|1|79|259
EDWG|10|28|2789|0|ASP|0|100|280
EDWG|1|19|1640|98|GRS|0|10|190
EDWH|6|24|2552|0|TURF|0|60|240
EDWI|16|34|2018|49|ASP|1|161|341
EDWI|2|20|4787|98|ASP|1|20|200
EDWJ|08G|26G|1404|98|Grass|0|80|260
EDWJ|12|30|1558|98|Grass|0|120|300
EDWJ|6|24|1640|98|Grass|0|60|240
EDWJ|7|25|2296|65|Paved|0|70|250
EDWL|5|23|1968|49|concrete|0|50|230
EDWM|18|36|2789|0|UNK|0|180|360
EDWN|5|23|2953|65|ASPH|1|53|233
EDWO|9|27|2625|0|UNK|0|90|270
EDWQ|8|26|2743|72|paved|1|80|260
EDWR|12|30|2854|131|GRS|0|122|302
EDWR|13|31|3281|66|ASP|1|132|312
EDWR|5|23|2657|131|GRS|0|49|229
EDWU|9|27|3051|105|GRS|0|87|267
EDWX|06R|24L|1870|49|Asphalt|0|60|240
EDWY|9|27|3281|66|ASP|1|86|266
EDWZ|9|27|1180|42|ASP|0|90|270
EDXA|7|25|3084|0|UNK|0|70|250
EDXB|11|29|2362|76|ASPHALT|0|110|290
EDXC|9|27|2887|0|UNK|0|90|270
EDXE|10|28|2093|0|Gras|0|104|284
EDXF|11L|29R|3937|197|GRS|0|113|293
EDXF|11|29|4003|98|ASP|1|108|288
EDXF|4|22|2297|148|GRS|0|43|223
EDXG|9|27|2520|0|UNK|0|90|270
EDXH|15|33|1574|98|concrete|0|150|330
EDXH|3|21|1217|66|concrete|0|30|210
EDXH|6|24|846|39|concrete|0|60|240
EDXI|8|26|2789|0|UNK|0|80|260
EDXJ|3|21|4757|98|ASP|1|34|214
EDXK|12|30|2690|0|UNK|0|120|300
EDXL|12|30|2526|0|UNK|0|120|300
EDXM|7|25|2297|59|Hard|0|74|254
EDXN|8|26|2871|0|UNK|0|80|260
EDXO|7|25|2198|98|Asphalt|1|68|248
EDXP|7|25|1673|66|CON|0|70|250
EDXQ|8|26|2644|0|UNK|0|80|260
EDXR|12|30|1969|98|GRS|0|119|299
EDXR|3|21|3150|98|ASP|1|35|215
EDXS|6|24|1477|99|G|0|60|240
EDXT|3|21|1640|98|Grass|0|30|210
EDXW|14|32|6955|148|CON|1|144|324
EDXW|6|24|5564|148|ASP|0|60|240
EDXY|10|28|1984|131|Grass|0|100|280
EDXY|2|20|2165|131|Grass|0|20|200
EEAA|6|24|2067|66|GRS|0|60|240
EEEI|6|24|6562|148|CON|1|62|242
EEHA|5|23|1378|66|grass|0|44|225
EEJI|5|23|1969|98|GRAS TURF|0|50|230
EEKA|14|32|4987|98|ASP|1|147|327
EEKE|17|35|4980|98|ASP|1|180|0
EEKE|5|23|2621|98|ASP|0|59|239
EEKI|16|34|2215|161|GRS|0|160|340
EELM|6|24|1345|79|GRS|0|66|246
EENA|9|27|2000|164|GRAS TURF|0|90|270
EEPU|3|21|6463|98|CON|1|35|215
EERD|8|26|1969|66|GRS|0|87|267
EERI|18|36|3937|0|GRS|0|180|360
EERU|13|31|1967|65|GRAS reinforced|0|130|310
EETN|8|26|11417|148|ASP|1|90|270
EETU|8|26|5905|101|ASP|1|88|268
EEVI|4|22|2625|98|GRS|0|40|220
EEVU|3|21|1312|66|Hard|0|30|210
EFAA|14|24|2834|65|ASPH/GRVL|0|138|318
EFAH|12|30|2624|75|ASPH/GRVL|0|120|300
EFAL|8|26|2460|59|Asphalt|0|80|260
EFET|3|21|6565|148|ASP|1|35|215
EFEU|11|29|3281|59|ASP|1|116|296
EFFO|4|22|2690|59|ASPH/GRASS|0|43|223
EFGE|7|25|2066|39|grass|0|70|250
EFHA|8|26|8533|197|ASP|1|86|266
EFHK|04L|22R|10039|197|ASP|1|48|228
EFHK|04R|22L|11286|197|ASP|1|48|228
EFHK|15|33|9518|197|ASP|1|154|334
EFHL|6|24|1640|49|sand/grass|0|60|240
EFHM|7|25|3000|45|ASP|0|74|254
EFHN|3|21|5249|59|ASP|1|34|214
EFHP|12|30|2526|49|Oilgravel|0|120|300
EFHV|12|30|2592|49|ASP|0|127|307
EFHV|4|22|4134|59|ASP|0|47|227
EFII|17|35|2165|59|Asphalt|0|179|359
EFIK|10|28|1520|49|GVL|0|104|284
EFIK|18|36|3051|49|ASP|0|182|2
EFIM|1|19|3609|75|ASP|1|18|198
EFIM|9|27|4929|49|GVL|0|96|276
EFIT|1|19|4921|98|ASP|1|19|199
EFIV|4|22|8199|148|ASP|1|47|227
EFIV|8|26|2625|148|ASP|1|92|272
EFJM|15|33|2723|49|Oilgravel|0|154|334
EFJM|9|27|2723|59|Asphalt|0|94|274
EFJO|10|28|8202|171|ASP|1|110|290
EFJO|17|35|3937|98|COM|0|181|1
EFJY|12|30|8533|197|ASP|1|134|314
EFKA|17|35|8858|197|ASP|1|177|357
EFKE|18|36|8212|157|ASP|1|188|8
EFKG|15|33|1968|59|ASPH|0|150|330
EFKH|12|30|2788|49|GRVL|0|120|300
EFKI|7|25|8199|157|ASP|1|80|260
EFKJ|7|25|3806|75|ASP|1|70|250
EFKK|11|29|2297|66|ASP|0|112|292
EFKK|1|19|8202|197|ASP|1|11|191
EFKM|17|35|4593|75|ASP|0|175|355
EFKN|11|29|2296|59|ASPH/GRVL|0|110|290
EFKO|5|23|3937|98|ASP|0|57|237
EFKR|9|27|2296|32|GRVL/GRASS|0|90|270
EFKS|12|30|8202|148|ASP|1|132|312
EFKT|16|34|8202|148|ASP|1|166|346
EFKU|15|33|9186|197|ASP|1|157|337
EFKV|12|32|2952|75|ASPH|0|120|320
EFKY|16|34|2765|49|ASPH|0|160|340
EFLA|12|30|1640|75|GVL|0|130|310
EFLA|18|36|1804|75|COM|0|185|5
EFLA|7|25|3937|98|ASP|1|68|248
EFLL|4|22|1115|49|GRASS|0|40|220
EFLN|11|29|3084|59|ASP|0|119|299
EFLP|6|24|8202|197|ASP|1|67|247
EFMA|3|21|6243|197|ASP|1|23|203
EFME|4|22|3937|72|ASP|0|46|226
EFMI|11|29|5584|144|ASP|1|113|293
EFMN|4|22|1312|59|GRASS|0|40|220
EFNS|5|23|1443|75|GRASS|0|60|240
EFNU|4|22|3937|66|ASP|0|39|219
EFNU|9|27|2132|32|ASP|0|96|276
EFOP|14|32|3083|52|Oilgravel|0|140|320
EFOP|6|24|2950|32|Oilgravel|0|60|240
EFOU|12|30|8205|197|ASP|1|121|301
EFPA|16|34|2625|59|Oligravel/GRVL|0|160|340
EFPI|12|30|3322|59|ASP|0|126|306
EFPI|17|35|3773|59|ASP|0|172|352
EFPK|15|33|2427|59|ASPH/GRVL|0|150|330
EFPN|16|34|1640|49|ASPH/GRVL|0|160|340
EFPO|12|30|7713|197|ASP|1|126|306
EFPO|17|35|2628|98|ASP|0|174|354
EFPR|15|33|3280|100|Asphalt|0|150|330
EFPU|8|26|6528|148|ASP|0|92|272
EFPY|15|33|3281|66|ASP|1|156|336
EFRA|18|36|4035|75|Oilgravel|0|186|6
EFRA|5|23|1640|49|SAN|0|50|230
EFRH|10|28|3281|75|ASP|0|107|287
EFRN|18|36|3101|60|ASP|0|190|10
EFRO|3|21|9849|197|ASP|1|37|217
EFRU|15|33|3937|75|ASPH|0|150|330
EFRV|15|33|2755|59|ASPH|0|150|330
EFRY|08L|26R|2854|33|ASP|0|83|263
EFRY|08R|26L|3346|59|COP|0|82|262
EFRY|12L|30R|4167|59|COP|0|129|309
EFRY|12R|30L|1575|33|ASP|0|130|310
EFSA|12|30|7546|148|ASP|1|126|306
EFSE|12|30|4344|49|ASP|0|133|313
EFSE|4|22|3609|49|GVL|0|43|223
EFSI|14|32|6562|148|ASP|1|136|316
EFSO|16|34|4921|98|ASP|1|165|345
EFSU|5|23|2624|49|Oilgravel/sand|0|50|230
EFTO|9|27|1181|49|GRASS|0|89|269
EFTP|6|24|8858|148|ASP|1|64|244
EFTU|8|26|8202|197|ASP|1|85|265
EFUT|7|25|6562|148|ASP|1|78|258
EFVA|16|34|8727|157|ASP|1|163|343
EFVI|16|34|951|82|GRASS|0|160|340
EFVL|9|27|2624|49|GRVL|0|90|270
EFVP|10|28|2950|65|ASPH/GRVL|0|100|280
EFVR|14|32|6562|148|ASP|1|142|322
EFVT|8|26|2427|62|GRVL|0|72|252
EFWB|7|25|2263|49|GRASS|0|70|250
EFYL|15|33|4921|98|ASP|1|155|335
EGAA|17|35|6204|148|ASP|1|162|342
EGAA|7|25|9121|148|ASP|1|65|245
EGAB|14|32|3996|98|ASP|1|140|320
EGAC|4|22|6001|148|ASP|1|35|215
EGAD|15|33|2112|59|ASP|1|154|334
EGAD|3|21|3346|59|ASP|1|36|216
EGAD|8|26|1824|59|ASP|0|81|261
EGAE|8|26|6460|148|ASP|1|73|253
EGAH|8|26|3280|164|Snow|0|79|259
EGAR|18|36|2950|900|Gravel|0|180|360
EGBB|15|33|10013|148|ASP|1|148|328
EGBC|14|32|755|98|GRS|0|140|320
EGBD|10|28|1486|65|Grass|0|101|281
EGBD|17|35|1949|65|Grass|0|176|356
EGBD|5|23|1794|65|Grass|0|52|232
EGBE|5|23|5988|151|ASP|1|47|227
EGBF|11|29|2788|164|Grass|0|110|290
EGBF|8|26|3592|98|Concrete|0|82|262
EGBG|10|28|3084|98|ASP|1|96|276
EGBG|15|33|1624|59|ASP|0|149|329
EGBG|16|34|1371|98|GRS|0|151|331
EGBG|4|22|1608|59|ASP|0|38|218
EGBG|6|24|1099|98|GRS|0|55|235
EGBJ|4|22|3225|75|ASP|1|35|215
EGBJ|9|27|4695|98|ASP|1|85|265
EGBK|03L|21R|4160|98|Concrete|1|26|206
EGBK|03R|21L|2201|98|Grass|0|26|206
EGBK|15|33|1476|59|Grass|0|146|326
EGBK|5|23|1975|98|Grass|0|54|234
EGBM|8|26|3904|91|Asphalt|1|76|256
EGBN|3|21|2693|75|ASP|0|28|208
EGBN|9|27|3445|98|ASP|1|88|268
EGBO|10|28|2624|75|ASP|0|97|277
EGBO|16|34|3878|98|ASP|1|156|336
EGBO|4|22|2083|59|ASP|0|37|217
EGBP|08L|26R|1476|66|GRS|0|86|266
EGBP|8|26|6591|148|ASP|1|80|260
EGBS|8|26|2743|59|ASPH|1|86|266
EGBT|09G|27G|2483|75|Grass|0|88|268
EGBT|9|27|4120|75|Asphalt|0|87|267
EGBW|18|36|3009|75|ASP|1|176|356
EGBW|5|23|1926|59|ASP|0|46|226
EGCB|08L|26R|2103|105|GRASS|0|83|263
EGCB|08R|26L|2051|105|GRASS|0|83|263
EGCB|14|32|1305|105|GRASS|0|134|314
EGCB|2|20|1749|104|GRASS|0|14|195
EGCC|05L|23R|10000|148|ASP|1|51|231
EGCC|05R|23L|10007|148|CON|1|51|231
EGCF|5|23|2907|59|UNK|0|50|230
EGCG|8|26|2693|0|asphalt|0|80|260
EGCJ|11R|29L|2021|59|Grass|0|106|286
EGCJ|1|19|1919|59|Grass|0|1|19
EGCJ|6|24|2601|59|Grass|0|61|241
EGCK|2|20|3534|75|ASP|0|13|193
EGCK|7|25|2887|75|ASP|1|71|251
EGCL|18|36|1968|98|Grass|0|183|3
EGCL|8|26|2198|59|Grass|0|80|260
EGCS|14|32|1509|0|ASP|0|140|320
EGCS|9|27|2691|0|ASP|0|90|270
EGCV|18|36|2542|59|Asphalt|0|181|1
EGCV|5|23|2621|151|Asphalt|1|48|228
EGCW|4|22|3346|59|ASP|0|36|216
EGDM|05N|23N|2513|0|ASP|0|50|230
EGDM|17|35|6278|150|PEM|0|167|347
EGDM|5|23|10538|150|PEM|1|50|230
EGDN|11|29|3582|0|Grass|0|110|290
EGDN|4|22|2099|0|Grass|0|40|220
EGDO|10|28|4295|151|ASP|0|94|274
EGDO|13|31|3005|151|ASP|0|130|310
EGDO|1|19|4610|151|ASP|0|4|184
EGDO|5|23|5984|151|ASP|0|39|219
EGDR|11|29|6006|151|ASP|1|113|293
EGDR|18|36|3448|151|ASP|1|178|358
EGDR|6|24|3372|151|ASP|1|63|243
EGDY|4|22|4797|151|CON|1|37|217
EGDY|8|26|7580|151|CON|1|83|263
EGEA|10H|28H|0|0|Grass|0|100|280
EGEC|11|29|4633|98|ASP|1|106|286
EGED|18|36|1896|98|Grass|0|182|2
EGED|7|25|1729|59|Graded Hardcore|0|66|246
EGEF|6|24|1761|75|Gravel|0|62|242
EGEL|2|20|1640|59|ASP|0|23|203
EGEN|10|28|1729|59|Graded Hardcore|0|99|279
EGEN|14|32|1240|98|Grass|0|136|316
EGEN|3|21|1082|159|Graded Hardcore|0|31|211
EGEO|1|19|4147|98|ASP|1|6|186
EGEP|18|36|1125|101|Grass|0|176|356
EGEP|4|22|1729|59|Graded Hardcore|0|32|212
EGEP|7|25|1096|59|Grass/Graded Hardcore|0|64|244
EGER|2|20|1689|59|Graded Hardcore|0|25|205
EGER|6|24|1348|98|Grass|0|58|248
EGES|11|29|1397|98|Grass|0|105|285
EGES|17|35|1266|98|Grass|0|165|345
EGES|3|21|1532|59|Graded Hardcore|0|26|206
EGET|2|20|5787|59|Asphalt|1|16|196
EGEW|13|31|1381|59|Grass|0|133|313
EGEW|1|19|954|59|Grass|0|11|191
EGEW|9|27|1729|59|Graded Hardcore|0|88|268
EGEY|11|29|1643|59|asphalt|0|105|285
EGFA|8|26|3031|75|ASP|1|72|252
EGFC|H02|H20|984|0|Grass/Helipads Concrete|0|-1|-1
EGFD|15|33|4207|151|ASP|0|150|330
EGFD|17|35|7500|151|ASP|1|170|350
EGFD|5|23|4328|151|ASP|0|47|227
EGFE|3|21|5000|148|ASP|1|30|210
EGFE|9|27|3412|148|ASP|0|88|268
EGFF|12|30|7723|148|ASP|1|117|297
EGFH|10|28|2812|151|ASP|1|97|277
EGFH|4|22|4429|151|CON|1|36|216
EGFP|4|22|2614|98|Concrete/Asphalt|0|36|216
EGGD|9|27|6597|148|ASP|1|86|266
EGGP|9|27|7497|150|ASP|1|86|266
EGGW|7|25|7093|148|ASP|1|74|254
EGHA|8|26|2621|98|Grass|0|79|259
EGHC|12|30|1571|59|Grass|0|116|300
EGHC|16|34|2572|59|ASPH|0|162|342
EGHC|2|20|1585|62|Grass|0|23|203
EGHC|7|25|2274|59|ASPH|0|68|248
EGHE|14|32|2277|75|asphalt|1|139|319
EGHE|9|27|1713|59|ASP|1|87|267
EGHF|5|23|3375|98|Asphalt|0|50|230
EGHG|9|27|3878|121|Grass|0|94|274
EGHH|8|26|7454|151|ASP|1|75|255
EGHI|2|20|6191|119|ASP|1|19|199
EGHJ|12|30|2713|75|Concrete|0|120|300
EGHL|9|27|5896|131|ASP|0|86|266
EGHN|5|23|2900|131|GRASS|0|50|230
EGHO|12|30|2493|101|Grass|0|120|300
EGHO|7|25|3179|75|Asphalt|1|70|250
EGHP|3|21|2953|82|Grass|0|30|210
EGHP|8|26|2920|82|Grass|0|80|260
EGHQ|12|30|9003|148|ASP|1|121|301
EGHR|10|28|2297|98|GRS|0|100|280
EGHR|14|32|4140|101|GRS|0|140|320
EGHR|6|24|2805|98|GRS|0|60|240
EGHS|7|25|2460|85|Asphalt|0|70|250
EGHT|8|26|1187|147|Grass|0|78|258
EGHU|8|26|1968|0|Grass|0|80|260
EGHY|14|32|1771|59|GRASS|0|140|320
EGJA|13|31|2405|121|GRE|1|133|313
EGJA|3|21|1631|121|GRE|0|27|207
EGJA|8|26|2877|59|ASP|1|80|260
EGJB|9|27|5194|148|ASP|1|88|268
EGJJ|8|26|5594|148|ASP|1|83|263
EGKA|13|31|1339|59|GRASS|0|125|305
EGKA|2|20|3385|59|ASP|1|22|202
EGKA|6|24|2621|82|GRASS|0|64|244
EGKB|3|21|5925|148|ASP|1|26|206
EGKH|10|28|4101|98|Grass|0|107|287
EGKH|3|21|0|0|Grass|0|30|210
EGKK|08L|26R|8402|148|ASP|1|78|258
EGKK|08R|26L|10883|148|ASP|1|78|258
EGKL|6|24|1499|88|Grass|0|60|240
EGKR|07H|25H|574|98|Grass|0|70|250
EGKR|07L|25R|2241|75|Grass|1|70|250
EGKR|07R|25L|2943|98|Grass|0|70|250
EGKR|18|36|2792|82|Grass|0|180|360
EGKR|6|24|1640|33|ASPH|0|60|240
EGLA|13|31|2001|59|Grass|0|132|312
EGLA|3|21|1574|59|Grass|0|30|210
EGLC|9|27|4948|98|CON|1|93|273
EGLD|12|30|1791|59|Grass|0|118|298
EGLD|6|24|2543|60|ASP|1|59|239
EGLF|6|24|8005|148|ASP|1|62|242
EGLJ|13|31|5909|151|ASP|1|124|304
EGLJ|18|36|4167|151|ASP|1|178|358
EGLJ|6|24|4229|151|ASP|1|59|239
EGLK|7|25|4380|151|ASP|1|72|252
EGLL|09L|27R|12799|164|ASP|1|90|270
EGLL|09R|27L|12001|164|ASP|1|90|270
EGLM|07L|25R|3642|148|GRS|0|70|250
EGLM|07R|25L|2585|82|Grass|0|65|245
EGLM|11|29|3051|98|GRS|0|110|290
EGLM|3|21|3363|148|GRS|0|30|210
EGLP|6|24|2034|82|grass|0|60|240
EGLS|6|24|2562|164|Grass|0|60|240
EGLW|3|21|114|52|Concrete|1|24|204
EGMA|7|25|2309|98|Grass|0|65|245
EGMC|5|23|6089|118|ASP|1|54|234
EGMD|3|21|4938|105|ASP|1|33|213
EGMF|6|24|1246|65|Grass|0|60|240
EGMJ|10|28|1870|59|Grass|0|100|280
EGMJ|12|30|2132|149|Grass|0|120|300
EGMJ|3|21|1410|75|Grass|0|30|210
EGMT|07L|25R|2640|0|grass|0|70|250
EGNC|1|19|2904|75|ASP|0|1|181
EGNC|6|24|6000|98|ASP|1|59|239
EGNE|14|32|2624|59|ASP|0|142|322
EGNE|2|20|3933|75|ASP|1|25|205
EGNF|18|36|1253|59|Grass|0|178|358
EGNF|6|24|1847|118|Grass|0|56|236
EGNH|10|28|6129|148|ASP|1|95|275
EGNH|13|31|3274|78|ASP|1|127|307
EGNI|11|29|2133|75|G|0|110|290
EGNI|3|21|2622|75|G|0|30|210
EGNJ|2|20|7218|148|ASP|1|22|202
EGNJ|8|26|3248|59|ASP|0|82|262
EGNL|17|35|3318|151|ASP|1|166|346
EGNL|5|23|3438|151|ASP|1|56|236
EGNM|14|32|7381|150|CON|1|138|318
EGNO|7|25|7946|151|ASP|1|71|251
EGNR|4|22|6867|148|ASP|1|41|221
EGNS|3|21|3934|151|ASP|1|28|208
EGNS|8|26|6923|151|ASP|1|78|258
EGNT|7|25|7644|148|ASP|1|65|245
EGNU|16|34|2460|68||0|160|340
EGNU|4|22|2533|0|Grass|0|35|215
EGNU|7|25|1312|65|Tarmac|0|70|250
EGNV|5|23|7516|148|ASP|1|48|228
EGNW|16|34|1630|59|Asphalt|0|152|332
EGNW|3|21|1738|59|Asphalt|0|27|207
EGNX|9|27|9495|148|ASP|1|88|268
EGNY|12|30|2329|98|Grass|0|120|300
EGOE|10|28|3110|150|ASP|1|99|279
EGOE|5|23|3215|150|ASP|1|43|223
EGOQ|4|22|5180|150|ASP|1|37|217
EGOS|18|36|6018|151|ASP|1|180|0
EGOS|5|23|4523|151|ASP|1|45|225
EGOV|13|31|7513|151|ASP|1|131|311
EGOV|1|19|5377|151|ASP|1|6|186
EGOW|16|34|3291|148||0|162|342
EGOW|3|21|5405|150|ASP|1|33|213
EGOW|8|26|3505|148|ASP|1|83|263
EGPA|14|32|2222|61|ASP|0|140|320
EGPA|9|27|4690|148|ASP|1|87|267
EGPB|06H|24H|1781|144|ASP|0|53|233
EGPB|15|33|4672|141|ASP|1|144|324
EGPB|9|27|4915|144|ASP|1|84|264
EGPC|13|31|6007|148|ASP|1|127|307
EGPD|16|34|6407|150|ASP|1|158|338
EGPE|11|29|2300|59|ASP|0|110|290
EGPE|5|23|6194|148|ASP|1|49|229
EGPF|5|23|8730|148|ASP|1|46|226
EGPG|7|25|2690|75|ASPH|1|76|256
EGPH|6|24|8392|148|ASP|1|59|239
EGPI|13|31|5098|151|ASP|1|112|292
EGPI|8|26|2083|59|ASP|1|73|253
EGPJ|6|24|2296|59|Asphalt|0|60|240
EGPK|12|30|9800|148|PEM|1|121|301
EGPK|2|20|6253|148|ASP|1|24|204
EGPL|17|35|3963|151|ASP|1|167|347
EGPL|6|24|6027|151|ASP|1|55|235
EGPN|9|27|4593|98|ASP|1|91|271
EGPO|18|36|7218|151|ASP|1|174|354
EGPO|6|24|3281|75|ASP|1|60|240
EGPR|11|29|2231|151|SAND, TIDAL|0|110|290
EGPR|15|33|2776|151|SAND, TIDAL|0|150|330
EGPR|7|25|2621|197|SAND, TIDAL|0|70|250
EGPS|10|28|1640|49|Concrete|0|100|280
EGPT|15|33|2034|118|Grass|0|153|333
EGPT|3|21|2798|88|Asphalt|1|32|212
EGPT|9|27|1998|72|Asphalt|1|92|272
EGPU|11|29|2690|62|ASP|1|110|290
EGPU|17|35|2598|59|CON|0|168|348
EGPU|5|23|4600|98|ASP|1|47|227
EGQL|8|26|8491|150|ASP|1|82|262
EGQS|10|28|6066|150|ASP|1|96|276
EGQS|5|23|9091|150|ASP|1|44|224
EGSA|2|20|2828|59|UNK|0|22|202
EGSC|5|23|6444|148|ASP|1|50|230
EGSF|10|28|3238|75|ASP|1|94|274
EGSG|03L|21R|2952|151|Grass|0|37|217
EGSG|03R|21L|3533|151|Grass/Asphalt Insert 196|1|37|217
EGSG|10|28|2152|151|Grass|0|100|280
EGSH|9|27|6043|148|Concrete/Asphalt|1|90|270
EGSI|3|21|2624|68|Grass|0|30|210
EGSJ|6|24|2624|59|UNK|0|61|241
EGSL|09L|27R|2621|0|Grass|1|87|267
EGSL|09R|27L|2621|0|Grass|1|87|267
EGSL|9|27|0|0|UNK|0|90|270
EGSM|9|27|3169|59|GRS|0|93|273
EGSP|15|33|1807|59|Grass|1|143|323
EGSP|6|24|3067|98|Grass|1|64|244
EGSQ|18|36|1961|59|Grass|0|181|1
EGSR|06L|24R|3080|98|Grass|1|61|241
EGSR|06R|24L|2552|32|Asphalt|0|61|241
EGSS|4|22|10003|151|ASP|1|44|224
EGST|5|23|2920|85|Grass|1|49|229
EGSU|06L|24R|2887|82|GRS|0|59|239
EGSU|6|24|4750|148|ASP|0|60|240
EGSV|07L|25R|1335|75|Grass|0|64|244
EGSV|2|20|1404|59|Grass|0|20|200
EGSV|7|25|2618|59|Asphalt|0|65|245
EGSX|2|20|6332|148|ASP|0|18|198
EGTB|06G|24G|2001|75|GRS|0|62|242
EGTB|6|24|2411|75|ASP|1|62|242
EGTC|3|21|5902|148|ASP|1|32|212
EGTD|7|25|6168|148|ASP|1|70|250
EGTE|8|26|6811|148|ASP|1|76|256
EGTF|6|24|2667|89|asphalt|1|59|239
EGTH|2|20|2621|60|Grass|0|20|200
EGTK|1|19|5006|98|ASP|1|11|191
EGTO|02L|20R|2713|105|Grass|0|23|203
EGTO|16|34|3159|115|Grass|0|161|341
EGTP|5|23|3084|59|ASP|0|44|224
EGTP|9|27|2461|75|ASP|0|87|267
EGTR|8|26|2135|65|Asphalt|1|81|261
EGTU|17|35|3159|151|ASP|0|170|350
EGTU|4|22|3176|148|ASP|0|44|224
EGTW|17|35|2575|65|Grass|0|170|350
EGTW|4|22|2788|82|Grass|0|40|220
EGUB|1|19|5981|150|ASP|1|8|188
EGUL|5|23|8998|150|PEM|1|56|236
EGUN|10|28|9213|200|PEM|1|103|283
EGUW|5|23|7953|151|ASP|1|48|228
EGVA|9|27|9994|200|ASP|1|88|268
EGVN|7|25|10007|184|ASP|1|74|254
EGVO|9|27|6030|141|ASP|1|93|273
EGVP|17|35|3874|147|Grass|0|170|350
EGVP|9|27|3596|147|Grass|0|90|270
EGWC|6|24|3890|150|ASP|0|58|238
EGWN|2|20|3077|148|Grass|0|21|201
EGWN|7|25|2786|148|Grass|0|72|252
EGWU|7|25|5545|151|ASP|1|70|250
EGXC|7|25|9003|187|CON|1|72|252
EGXE|16|34|7516|151|ASP|1|156|336
EGXT|7|25|9052|200|ASP|1|74|254
EGXW|2|20|9642|198|ASP|1|22|202
EGXY|15|33|4419|150|ASP|0|151|331
EGXY|6|24|5994|150|ASP|0|63|243
EGXZ|13|31|4088|148|ASP|1|126|306
EGXZ|2|20|5948|148|ASP|1|22|202
EGYD|08R|26L|2354|131|GRS|0|89|264
EGYD|1|19|4803|147|ASP|1|8|188
EGYD|8|26|6831|147|ASP|1|83|263
EGYE|10|28|4193|151|ASP|1|103|283
EGYE|18|36|2608|75|ASP|0|178|358
EGYE|6|24|5722|151|ASP|1|58|238
EGYM|1|19|6116|148|CON|1|9|189
EGYM|5|23|9131|148|ASP|1|55|235
EGYP|10|28|8497|150|ASP|1|105|285
EGYP|5|23|5003|75|ASP|1|55|235
EHAL|8|26|2920|82|Grass|0|84|265
EHAM|18C|36C|10826|148|ASP|1|183|3
EHAM|18L|36R|11155|148|ASP|1|183|3
EHAM|18R|36L|12467|198|ASP|1|183|3
EHAM|4|22|6627|148|ASP|1|41|221
EHAM|6|24|11283|148|ASP|1|58|238
EHAM|9|27|11329|148|ASP|1|87|267
EHBD|03G|21G|1969|99|grass|0|27|208
EHBD|3|21|3934|75|ASP|1|30|210
EHBK|3|21|9022|148|ASP|1|30|205
EHDL|2|20|9678|164|PEM|1|18|198
EHDR|7|25|2395|79|CON|0|74|255
EHEH|3|21|9843|148|ASP|1|31|213
EHGG|5|23|8202|148|ASP|1|52|232
EHGR|10|28|9081|148|ASP|1|98|279
EHGR|2|20|6549|98|ASP|1|16|197
EHHO|9|27|3904|79|Grass|0|92|272
EHHV|12|30|2165|164|grass|0|120|301
EHHV|18|36|2297|164|grass|0|177|358
EHHV|7|25|1969|164|grass|0|63|244
EHKD|3|21|4183|98|CON|1|30|212
EHLE|5|23|8858|148|ASPH|1|46|225
EHLW|5|23|8045|164|ASP|1|53|233
EHLW|9|27|6562|164|ASP|1|88|268
EHMZ|9|27|3281|99|grass|0|87|267
EHOW|6|24|2625|66|Asphalt|0|64|245
EHRD|6|24|7218|148|ASP|1|56|235
EHSE|6|24|2723|75|ASPH|0|63|245
EHST|6|24|1639|99|grass|0|58|238
EHTE|8|26|3934|88|ASPH|1|84|264
EHTL|04C|22C|4101|699|grass|0|40|219
EHTL|04L|22R|4000|500|grass|0|40|220
EHTL|04R|22L|4100|700|grass|0|39|219
EHTL|12|30|3600|560|grass|0|119|300
EHTL|14L|32R|4500|910|grass|0|138|320
EHTL|14R|32L|4500|910|grass|0|139|320
EHTW|5|23|9801|148|ASP|1|56|236
EHTX|12|30|2041|131|grass|0|124|304
EHTX|3|21|3637|131|grass|0|34|214
EHVK|06L|24R|9922|150|ASP|1|56|235
EHVK|06R|24L|9931|74|ASP|1|55|236
EHWO|7|25|8015|148|ASP|1|67|248
EIAB|10|28|2034|59|Bituminous|0|100|280
EIBN|7|25|1279|49|ASP|0|70|250
EIBR|36|18|1870|59|Grass|0|360|180
EIBR|NE|SW|300|1|UNK|0|-1|-1
EIBT|7|25|1476|59|GRASS|0|70|250
EICA|5|23|1968|59|UNK|0|50|230
EICK|16|34|6998|148|ASP|1|160|340
EICK|7|25|4298|148|PEM|1|63|243
EICL|9|27|2526|59|ASP|1|90|270
EICM|8|26|4003|98|ASP|1|75|255
EICN|10|28|1375|29|UNK|0|100|280
EIDL|3|21|4908|98|BIT|1|20|200
EIDW|10L|28R|10203|148|CON|1|97|278
EIDW|10R|28L|8652|148|ASPH|1|95|275
EIDW|16|34|6798|148|ASP|1|157|337
EIFR|H||65|65|ASP|0|-1|-1
EIHH|7|25|1739|66|GRS|0|70|250
EIHH|9|27|1640|33|GRS|0|90|270
EIHN|16|34|375|18|UNK|0|160|340
EIIM|14|32|520|18|UNK|0|140|320
EIIR|13|31|1706|59|UNK|0|130|310
EIKH|11|29|1804|59|Grass|0|110|290
EIKH|1|19|1988|32|Grass|0|10|190
EIKK|9|27|3051|75|Grass|0|90|270
EIKN|8|26|7546|148|ASP|1|79|259
EIKY|8|26|6562|148|ASP|1|71|251
EILT|8|26|1969|0|GRASS/HARDCORE|0|80|260
EIME|10|28|6001|150|ASP|1|108|288
EIME|4|22|4800|150|ASP|1|41|221
EIMH|11|29|1312|59|grass|0|110|290
EIMN|15|33|1791|65|Bituminous|0|150|330
EIMN|5|23|869|65||0|50|230
EINC|18|36|2263|59|Grass|0|180|360
EINN|6|24|10495|148|ASP|1|52|232
EIRT|9|27|1476|59|UNK|0|90|270
EISG|10|28|3517|98|ASP|1|100|280
EITM|10|28|1837|39|UNK|0|100|280
EIWF|3|21|4701|98|ASP|1|21|201
EIWT|7|25|3038|23|ASPH|0|67|247
EKAH|10L|28R|9111|75|PEM|1|100|280
EKAH|10R|28L|8865|148|PEM|1|100|280
EKAT|3|21|2133|66|grass|0|30|210
EKBI|9|27|10172|148|ASP|1|87|267
EKCH|04L|22R|11811|148|ASP|1|41|221
EKCH|04R|22L|10827|148|ASP|1|41|221
EKCH|12|30|9186|148|ASPH|1|123|303
EKCR|12|30|3280|490|Grass|0|120|300
EKEB|8|26|8527|148|ASP|1|79|259
EKEL|11|29|2133|82|grass|0|110|290
EKFR|2|20|1400|52|Turf / Grass|0|20|200
EKGH|11|29|3294|59|ASP|1|110|290
EKGL|9|27|2592|98|G|0|90|270
EKGR|1|19|2296|98|Grass|0|10|190
EKHE|9|27|1545|49|Turf/Grass|0|90|270
EKHG|09GL|27GL|2854|98|Grass|0|90|270
EKHG|15|33|2188|98|Grass|0|150|330
EKHG|9|27|3934|98|Asphalt|0|90|270
EKHK|10|28|1854|59|GRS|0|100|280
EKHL|H1||39|39|Concrete|1|-1|-1
EKHM|10|28|3609|328|G|0|100|280
EKHO|7|25|3935|90|ASP|0|73|253
EKHV|10|28|3675|76|ASP|0|97|277
EKKA|09L|27R|9816|75|ASP|1|89|269
EKKA|09R|27L|9607|150|PEM|1|89|269
EKKA|14|32|2296|60|PEM|1|134|314
EKKA|3|21|2818|50|PEM|1|34|214
EKKA|9|27|2789|197|GRS|0|90|270
EKLS|7|25|3045|75|ASP|1|65|245
EKMB|9|27|3937|98|ASP|1|97|277
EKML|9|27|999|45|grass|0|90|270
EKMN|9|27|1640|59|grass|0|90|270
EKOD|13|31|2280|98|GRS|0|130|310
EKOD|6|24|6053|148|ASP|1|60|240
EKPB|4|22|3524|98|ASP|1|46|226
EKRD|7|25|2953|0|UNK|0|70|250
EKRK|11|29|5709|105|ASP|1|116|296
EKRK|3|21|4921|105|ASP|1|31|211
EKRN|11|29|6568|148|ASP|1|114|294
EKRS|5|23|2405|131|GRASS|0|50|230
EKSB|14|32|5895|98|ASP|1|139|319
EKSN|8|26|3934|98|ASP|1|86|266
EKSP|10L|28R|9863|150|PEM|1|105|285
EKSP|10R|28L|9750|80|PEM|1|105|285
EKSS|10|28|2280|98|Grass|0|100|280
EKST|11|29|2953|0|UNK|0|110|290
EKSV|14|32|3933|98|ASP|1|139|319
EKTD|12|30|2871|0|UNK|0|120|300
EKTS|10|28|5249|148|ASP|1|100|280
EKVD|1|19|3301|75|ASP|1|18|198
EKVD|7|25|2310|75|GRS|0|77|257
EKVG|12|30|5902|98|ASP|1|118|298
EKVH|11|29|3976|75|ASP|1|107|287
EKVH|17|35|1804|98|GRE|0|174|354
EKVJ|9|27|4757|98|ASP|1|92|272
EKYT|08L|26R|8707|148|PEM|1|83|263
EKYT|08R|26L|8363|74|ASP|1|83|263
ELLX|6|24|13130|148|ASPHALT|1|57|238
ELNT|8|26|2155|99|grass|0|78|258
ELUS|10|28|2625|98|grass|0|99|281
ENAE|1|19|1968|33|ASP|0|10|190
ENAL|6|24|7592|148|ASP|1|65|245
ENAN|14|32|8097|148|ASP|1|150|330
ENAN|3|21|5486|148|ASP|1|32|212
ENAS|12|30|3040|132|ASP|0|118|298
ENAT|11|29|7165|147|ASP|1|121|301
ENBL|7|25|3084|98|ASP|1|74|254
ENBM|9|27|3281|98|ASP|0|86|266
ENBN|3|21|3937|98|ASP|1|35|215
ENBO|7|25|9167|148|CON|1|78|258
ENBR|17|35|9810|148|ASP|1|170|350
ENBS|3|21|3281|98|ASP|1|44|224
ENBV|6|24|3372|98|ASP|1|62|242
ENCN|3|21|6660|148|ASP|1|35|215
ENDI|8|26|5905|148|ASP|0|77|257
ENDO|9|27|2427|82|Grass|0|90|270
ENDU|10|28|8015|148|ASP|1|109|289
ENEG|4|22|5790|147|Asphalt|0|40|220
ENEN|5|23|1969|72|grass|0|50|230
ENEV|17|35|9236|148|ASP|1|178|358
ENFA|4|22|2624|59|ASP|0|40|220
ENFD|H1|H1|33|0|ASP|0|-1|-1
ENFG|15|33|6722|148|ASP|1|149|329
ENFL|7|25|4144|98|ASP|1|71|251
ENFY|1|19|2624|72|ASP|0|10|190
ENGK|5|23|3674|98|Asphalt|0|50|230
ENGM|01L|19R|11811|148|ASP|1|16|196
ENGM|01R|19L|9678|148|ASP|1|16|196
ENGN|7|25|3281|66|Gravel|0|70|250
ENGS|4|22|1936|66|Gravel/Grass|0|40|220
ENHA|15|33|2625|33|Asphalt|1|150|330
ENHD|13|31|6957|148|ASP|1|134|314
ENHF|4|22|3061|98|ASP|0|46|226
ENHK|11|29|3179|98|ASP|1|119|299
ENHS|10|28|2066|98|Grass|0|100|280
ENHT|9|27|2346|66|Concrete|0|90|270
ENHV|8|26|2625|98|ASP|1|80|260
ENJA|6|24|4921|98|Gravel|0|60|240
ENJB|18|36|2624|59|ASP|0|180|360
ENKA|1|19|3937|131|Gravel|0|10|190
ENKB|7|25|7841|148|ASP|1|72|252
ENKJ|12|30|5321|98|ASP|0|123|303
ENKL|11G|29G|3281|98|Grass|0|110|290
ENKL|11|29|1968|36|Asphalt|0|110|290
ENKR|5|23|6939|148|ASP|1|69|249
ENLI|14|32|9809|148|CON|1|131|311
ENLK|3|21|2881|98|ASP|1|24|204
ENLU|11|29|2296|82|Grass|0|110|290
ENMH|17|35|2887|98|ASP|1|170|350
ENML|7|25|6922|148|ASP|1|71|251
ENMS|16|34|3015|98|ASP|1|160|340
ENNA|16|34|9147|148|ASP|1|176|356
ENNM|7|25|2749|98|ASP|0|72|252
ENNO|12|30|5745|148|ASP|1|127|307
ENOL|15|33|10755|148|ASP|1|154|334
ENOP|7|25|3071|60|ASP|1|70|250
ENOV|6|24|3510|98|ASP|1|61|241
ENPY|H1||100|100|Gravel|1|-1|-1
ENRA|13|31|2759|98|ASP|1|136|316
ENRG|2|20|2411|164|Gravel/Grass|0|20|200
ENRI|10|28|2624|59|ASP|0|100|280
ENRK|15|33|3543|59|Asphalt|1|150|330
ENRM|4|22|2887|98|ASP|0|40|220
ENRO|13|31|5643|131|ASP|1|136|316
ENRS|2|20|3386|98|ASPH|0|26|206
ENRV|16|34|2001|66|Gravel|0|160|340
ENRY|12|30|8012|148|ASP|1|117|297
ENSB|9|27|7608|148|ASP|1|105|285
ENSD|8|26|3182|98|ASP|1|85|265
ENSG|6|24|3150|98|Asphalt|1|59|239
ENSH|36|18|3104|98|ASP|0|9|189
ENSI|1|19|1722|78|Grass|0|10|190
ENSK|8|26|3031|98|ASP|0|86|266
ENSN|1|19|4596|105|ASP|1|9|189
ENSO|14|32|3937|98|ASP|1|145|325
ENSR|14|32|3015|98|ASP|1|154|334
ENSS|15|33|3707|98|ASP|1|163|343
ENST|2|20|4619|98|ASP|1|25|205
ENSU|10|28|2034|98|Grass|1|100|280
ENTC|18|36|8041|148|ASP|1|193|13
ENTE|H1|H1|66|0|ASP|0|-1|-1
ENTO|18|36|9675|148|ASP|1|179|359
ENTS|15|33|2428|98|Gravel|0|150|330
ENTY|5|23|3084|98|Grass|0|50|230
ENUL|5|23|1903|82|Grass|0|50|230
ENVA|9|27|9052|148|ASP|1|90|270
ENVD|7|25|3278|98|ASP|1|87|267
ENVE|1|19|2624|66|ASP|0|10|190
ENVR|3|21|194|112|Asphalt|1|30|210
ENZV|10|28|8035|148|ASP|1|106|286
ENZV|18|36|9369|197|ASP|1|179|359
EPAR|16|34|3914|115|ASP|0|167|347
EPBA|9|27|1673|328|Grass|0|93|273
EPBC|10L|28R|0|0|UNK|0|100|280
EPBC|10R|28L|4265|295|CON|1|103|283
EPBK|1|19|2887|0|UNK|0|10|190
EPBK|8|26|3116|0|UNK|0|80|260
EPBY|8|26|8202|196|CON|1|82|262
EPCD|18L|36R|3346|98|CON|0|180|360
EPCD|18R|36L|2625|164|GRS|0|180|360
EPCE|7|25|8214|170|ASP|0|76|256
EPDE|12|30|8202|197|ASP|1|121|301
EPEL|10|28|2296|259|Grass|0|104|284
EPEL|8|26|2995|328|Grass|0|80|260
EPGD|11|29|9186|147|ASP|1|113|293
EPGI|13|31|3477|656|grass|0|135|315
EPGL|08L|26R|2296|328|grass|0|87|267
EPGL|08R|26L|2952|75|Ashpalt|1|87|267
EPGL|10|28|2231|328|Grass|0|103|283
EPIR|5|23|1312|98|GRE|1|50|230
EPKA|11L|29R|2952|656|grassy|0|110|290
EPKA|11R|29L|3789|98|asphalt concrete|1|110|290
EPKI|9|27|2400|0|Grass|0|90|270
EPKK|7|25|8366|196|CON|1|78|258
EPKM|05L|23R|3640|98|CON|0|49|229
EPKN|11|29|3937|197|CON|0|112|292
EPKP|09R|27L|3281|328|grass|0|90|270
EPKR|11L|29R|3412|0|GRS|0|110|290
EPKR|11R|29L|3035|0|ASP|1|110|290
EPKR|16|34|730|100|Grass|0|16|34
EPKS|12|30|8202|196|CON|1|118|298
EPKT|8|26|10499|148|CON|1|90|270
EPKW|13|31|3264|98|ASP|1|130|310
EPLB|7|25|8268|148|ASPHALT|1|72|252
EPLK|10|28|9843|197|CON|1|108|288
EPLL|7|25|8202|148|ASPH-CONC|1|71|251
EPLS|05L|23R|2296|164|grass paved with a plast|1|53|233
EPLS|05R|23L|4331|164|Grass|0|53|233
EPLS|18|36|3084|164|grass|0|178|358
EPLU|11|29|2952|328|grass|0|114|294
EPLU|13L|31R|3281|98|ASP|1|130|310
EPLU|31L|13R|2788|328|grass|0|307|127
EPLY|10|28|8202|197|ASP|1|100|280
EPMB|7|25|8202|164|CON|1|79|259
EPMI|12|30|8202|148|CON|1|125|305
EPML|08L|26R|1804|197|GRASS|0|80|260
EPML|08R|26L|8176|148|CON|1|90|270
EPML|17|35|2156|82|CON|0|180|0
EPMM|9|27|8245|140|CON|1|90|270
EPMO|8|26|8202|147|ASP|0|82|262
EPMR|17|35|2950|200|grass|0|175|355
EPMR|9|27|2950|200|grass|0|93|273
EPMY|15|33|3018|75|grass|1|153|333
EPNL|4|22|2625|0|UNK|0|40|220
EPNT|12|30|5512|262|UNK|0|120|300
EPOD|10L|28R|2789|0|UNK|0|100|280
EPOD|10R|28L|2789|0|UNK|0|100|280
EPOK|13|31|8190|195|CON|1|136|316
EPOK|8|26|1890|100|ASP|0|87|267
EPPI|3|21|7876|195|PEM|1|35|215
EPPK|7|25|2460|328|grass|1|68|248
EPPO|10|28|8215|164|CONC-ASPH|1|108|288
EPPR|9|27|3825|148|ASP|0|90|270
EPPT|3|21|3117|59|CON|0|30|210
EPPW|10L|28R|8940|98|CON|1|107|287
EPPW|10R|28L|11565|197|CON|1|107|287
EPRA|7|25|8202|148|ASP|1|75|255
EPRJ|08L|26R|2447|164|GRS|0|80|260
EPRJ|08R|26L|2953|98|ASPH|1|89|269
EPRS|36|18|0|0|G|0|360|180
EPRU|8|26|6562|197|CON|0|83|263
EPRZ|08L|26R|2448|164|GRASS|0|80|260
EPRZ|08R|26L|2953|99|CONC/ASPH|0|80|260
EPRZ|09ES|27ES|6840|328|GRS Emergency Strip|0|81|261
EPRZ|9|27|10498|147|CON|1|91|271
EPSC|13|31|8202|197|ASP|1|131|311
EPSD|09L|27R|0|0|UNK|0|90|270
EPSD|09R|27L|2668|826|GRS|0|106|286
EPSN|11|29|8200|190|CON|1|111|291
EPST|12|30|3051|0|Grass|0|126|306
EPSU|8|26|4328|98|ASP|0|80|260
EPSW|7|25|8268|148|asphalt|1|72|252
EPSY|1|19|8202|147|CON|1|19|199
EPTM|11|29|6560|197|ASP|0|116|296
EPTO|10L|28R|2791|328|GRS|0|105|285
EPTO|10|28|4163|187|CON|0|104|284
EPWA|11|29|9186|164|ASPH|1|115|295
EPWA|15|33|12106|196|ASPH|1|152|332
EPWK|8|26|3281|0|UNK|0|80|260
EPWR|11|29|8212|147|CONC-ASPH|1|116|296
EPWS|14|32|2526|0|Grass|0|140|320
EPZA|12R|30L|2625|0|UNK|0|120|300
EPZG|6|24|8202|197|CON|1|65|245
EPZP|6|24|2887|0|UNK|0|60|240
ESCF|1|19|7265|115|ASP|1|18|198
ESCF|8|26|6135|121|ASP|1|83|263
ESCM|3|21|6250|131|ASP|1|33|213
ESCM|8|26|6594|131|ASP|1|75|255
ESDF|1|19|7648|148|ASP|1|9|189
ESFA|4|22|2723|131|Grass|0|40|220
ESFR|18|36|6517|110|ASP|1|185|5
ESFS|17|35|1967|66|Grass|0|170|350
ESGA|6|24|2558|98|Grass|0|60|240
ESGC|3|22|2230|98|Grass|0|30|220
ESGE|04L|22R|2625|60|ASP|1|40|220
ESGE|04R|22L|2625|163|GRE|0|40|220
ESGF|9|27|2296|98|Grass|0|90|270
ESGG|3|21|10823|148|ASP|1|26|206
ESGI|1|19|1970|100|grass|0|10|190
ESGJ|11|29|1969|82|GRE|0|114|294
ESGJ|1|19|7228|148|ASP|1|18|198
ESGK|4|22|4318|98|ASP|1|32|212
ESGL|6|24|6529|148|ASP|1|62|242
ESGM|6|24|2230|115|grass|0|60|240
ESGN|12|30|1969|131|GRAS TURF|0|120|300
ESGO|4|22|2952|92|ASP|0|40|220
ESGP|1|19|3560|148|ASP|1|5|185
ESGR|1|19|5696|98|ASP|1|16|196
ESGS|3|21|2972|115|Grass|0|30|210
ESGT|15|33|5610|98|ASP|1|146|326
ESGU|3|21|2148|98|Grass|0|30|210
ESGV|12|30|1837|164|Grass|0|120|300
ESIA|6|24|7472|131|ASP|1|63|243
ESIB|11|29|6342|131|ASP|1|112|292
ESIB|1|19|7428|131|ASP|1|5|185
ESKC|14|32|1427|115|GRASS|0|144|324
ESKC|3|21|2067|131|GRASS|0|30|210
ESKC|8|26|1542|197|GRASS|0|75|255
ESKD|3|21|2624|72|ASP|0|30|210
ESKK|3|21|4919|98|ASP|1|22|202
ESKM|16|34|5951|148|ASP|1|161|341
ESKN|16|34|6690|131|ASP|1|162|342
ESKN|8|26|9442|148|ASP|1|83|263
ESKO|3|21|2296|131|Grass|0|30|210
ESKS|15|33|8202|148|ASP|0|150|330
ESKT|16GRASS|34GRASS|1968|98|GRASS|0|160|340
ESKT|16|34|2788|114|ASPH|0|160|340
ESKU|1|19|2526|328|Grass|0|10|190
ESKV|1|19|3773|98|ASP|1|4|184
ESMB|3|21|2459|164|Grass|0|30|210
ESMC|1|19|3281|98|Grass|0|10|190
ESME|12|30|2621|66|Asphalt|0|120|300
ESME|6|24|1969|98|Grass|0|60|240
ESMF|17|35|1739|98|Grass|0|170|350
ESMG|1|19|3780|98|ASP|1|17|197
ESMH|14|32|2624|164|Grass|0|140|320
ESMH|6|24|1673|164|Grass|0|60|240
ESMI|12|30|2625|164|grass|1|120|300
ESMJ|11|29|2625|115|Grass|0|110|290
ESMK|1|19|7267|148|ASP|1|7|187
ESML|12L|30R|3445|295|GRS|0|118|298
ESML|12R|30L|3871|98|ASP|1|118|298
ESMO|1|19|4921|98|ASP|0|6|186
ESMP|4|22|3281|98|ASP|0|32|212
ESMQ|16|34|6726|148|ASP|1|152|332
ESMQ|5|23|2179|131|ASP|0|48|228
ESMS|11|29|2615|59|ASP|0|105|285
ESMS|17|35|9186|148|ASP|1|173|353
ESMT|1|19|7419|131|ASP|1|6|186
ESMU|3|21|1982|98|Grass|0|30|210
ESMV|4|22|6726|131|ASP|1|43|223
ESMX|1|19|6900|148|ASP|1|13|193
ESMY|4|22|2625|49|Asphalt|0|40|220
ESMZ|15|33|1969|75|Asphalt|0|150|330
ESNA|14|32|3281|131|ASP|0|140|320
ESNB|14|32|2623|82|ASP|0|140|320
ESNC|6|24|3281|115|ASP|0|59|239
ESND|9|27|5579|98|ASP|1|87|267
ESNG|12|30|5623|148|ASP|1|118|298
ESNJ|14|32|6562|82|ASP|1|144|324
ESNK|17|35|6565|148|ASP|1|172|352
ESNL|14|32|6564|98|ASP|1|143|323
ESNM|15|33|2460|131|GRS|0|143|323
ESNM|18R|36L|2884|98|GRS|0|176|356
ESNM|18|36|3282|59|ASP|1|180|0
ESNN|16|34|6857|148|ASP|1|160|340
ESNO|12|30|6607|148|ASP|1|122|302
ESNP|16|34|3281|82|ASP|1|164|344
ESNQ|3|21|8209|148|ASP|1|34|214
ESNR|15|33|2953|131|GRS|0|153|333
ESNR|3|21|3281|98|ASP|0|27|207
ESNS|10|28|8268|148|ASP|1|106|286
ESNU|14|32|7551|148|ASP|1|138|318
ESNV|10|28|4928|98|ASP|1|103|283
ESNX|12|30|8201|148|ASP|1|128|308
ESNY|12|30|8281|131|ASP|1|130|310
ESNZ|12L|30R|4034|54|ASP|0|122|302
ESNZ|12|30|8202|148|ASP|0|115|295
ESOE|1|19|10728|148|ASP|1|12|192
ESOH|18|36|4951|98|ASP|1|177|357
ESOK|03L|21R|1840|170|GRE|0|26|206
ESOK|3|21|8255|148|ASP|1|26|206
ESOL|6|24|2026|59|ASP|0|60|240
ESOW|1|19|8468|164|ASP|1|8|188
ESPA|14|32|10990|148|ASP|1|137|317
ESPE|11|29|7316|115|ASP|1|117|297
ESQO|15|33|6562|131|ASP|0|147|327
ESSA|01L|19R|10830|148|ASP|1|10|190
ESSA|01R|19L|8201|148|ASP|1|10|190
ESSA|8|26|8202|148|ASP|1|76|256
ESSB|12|30|5472|148|ASP|1|125|305
ESSC|5|23|2625|0|G|0|50|230
ESSD|14|32|7579|148|ASP|1|133|313
ESSE|11|29|2853|131|grass|0|110|290
ESSE|3|21|2133|131|grass|0|30|210
ESSF|12|30|6383|131|CON|1|116|296
ESSG|1|19|2687|98|ASP|1|10|190
ESSI|15|33|2624|82|Grass|0|150|330
ESSI|1|19|1968|82|Grass|0|10|190
ESSK|18|36|6562|148|ASP|1|181|1
ESSL|11|29|7004|148|ASP|1|112|292
ESSN|7|25|2624|59|Asphalt|1|70|250
ESSP|11|29|1948|115|GRS|0|115|295
ESSP|9|27|7228|148|ASP|1|91|271
ESST|16|34|5219|95|ASP|1|158|338
ESSU|18|36|6187|115|ASP|1|178|358
ESSV|10|28|3611|131|GRS|0|101|281
ESSV|3|21|6562|148|ASP|1|21|201
ESSW|15|33|3934|98|ASP 131.615 Mhz|1|146|326
ESSX|5|23|2788|72|ASP|1|50|230
ESSZ|15|33|2296|98|Grass|1|150|330
ESSZ|3|21|2526|98|grass|0|30|210
ESTA|14|32|6381|131|ASP|1|136|316
ESTF|6|24|2624|98|Grass|0|60|240
ESTL|11L|29R|6596|131|ASP|1|113|293
ESTL|11R|29L|7449|131|ASP|1|113|293
ESTT|3|21|2395|98|Grass|0|30|210
ESUD|15|33|7490|131|ASP|1|151|331
ESUE|15|33|5100|98|ASP|1|150|330
ESUI|9|27|2787|98|Grass|0|90|270
ESUJ|14|32|2722|98|Grass|0|140|320
ESUL|9|27|2131|98|Grass|0|90|270
ESUM|12|30|2590|98|ASP|0|120|300
ESUP|11|29|7552|148|ASP|1|118|298
ESUT|15|33|5254|98|ASP|1|152|332
ESVB|16|34|2218|90|ASP|0|160|340
ESVB|9|27|2218|90|ASP|0|90|270
ESVK|15|33|2295|131|Grass|0|150|330
ESVQ|6|24|2755|131|Grass|0|60|240
ESVS|14|32|2750|65|Asphalt|0|140|320
ETAD|5|23|10007|148|ASP|1|45|225
ETAR|8|26|10498|148|ASP|1|83|263
ETAR|9|27|9278|148|ASP|0|87|267
ETHA|9|27|2297|59|ASPH|0|90|270
ETHB|8|26|6010|148|ASP|1|78|258
ETHC|8|26|6007|148|ASP|1|81|261
ETHF|12|30|3413|98|ASP|1|119|299
ETHL|3|21|1968|164|GRS|0|34|214
ETHL|9|27|5400|98|ASP|1|93|273
ETHN|7|25|3320|98|ASP|1|75|255
ETHS|09L|27R|3281|164|GRS|0|88|268
ETHS|6|24|1312|148|GRS|0|64|244
ETHS|9|27|8005|95|ASP|1|91|271
ETIC|14|32|3300|73|ASP|1|143|323
ETIH|9|27|2187|72|ASP|1|90|270
ETIK|6H|24H|2800|100|CON|0|60|240
ETMN|8|26|8002|148|CON|1|78|258
ETND|8|26|4209|148|ASP|1|85|265
ETNG|9|27|10009|147|CON|1|91|271
ETNH|8|26|8005|98|CON|1|79|259
ETNL|9|27|8202|148|CON|1|98|278
ETNN|6|24|8003|148|ASP|1|67|247
ETNS|5|23|8003|98|ASP|1|48|228
ETNS|7|25|6554|148|ASP|0|74|254
ETNT|7|25|8005|98|ASP|1|78|258
ETNW|08R|26L|3569|132|GRS|0|81|261
ETNW|2|20|5573|157|ASP|1|26|206
ETNW|8|26|8199|148|ASP|1|81|261
ETOI|10|28|3500|80|ASP|1|102|282
ETOU|7|25|7065|120|ASP|1|73|253
ETSB|3|21|8225|148|ASP|1|29|209
ETSH|9|27|7936|98|PEM|1|93|273
ETSI|06L|24R|8002|98|CON|1|68|248
ETSI|06R|24L|9646|197|PEM|1|68|248
ETSL|3|21|8012|98|CON|1|29|209
ETSN|9|27|8005|98|ASP|1|91|271
EVAD|15L|33R|0|0|G|0|150|330
EVAD|15R|33L|2130|0|A|0|150|330
EVGA|18|36|8202|148|ASP|1|180|360
EVKA|7|25|2361|131|CON|0|70|250
EVLA|6|24|6568|131|ASP|1|70|250
EVRA|18|36|10499|148|ASP|1|185|5
EVRS|14|32|3281|75|ASP|0|148|328
EVTE|3|21|1262|60|ASP|0|30|210
EVVA|3|21|4259|105|PEM|1|36|216
EYDR|3|21|2953|0|GRASS|0|30|210
EYKA|8|26|10663|148|ASP|1|85|265
EYKL|6|24|1935|138|Grass|0|60|240
EYKL|7|25|1640|69|Asphalt|0|70|250
EYKS|09L|27R|2756|197|GRASS OR EARTH NOT GRADE|0|90|270
EYKS|09R|27L|2756|197|ASP|0|94|274
EYMM|7|25|2625|0|Grass|0|70|250
EYMO|6|24|1280|60|concrete|0|60|240
EYNA|7|25|2953|0|UNK|0|70|250
EYPA|1|19|7480|148|ASP|1|13|193
EYPI|12|30|1967|59|ASP|0|120|300
EYPP|13|31|6562|131|CON|1|137|317
EYPR|18|36|3609|131|GR|0|180|360
EYPR|4|22|2188|59|CON|0|40|220
EYPR|9|27|2953|131|GRA|0|90|270
EYRO|9|27|2625|0|GRASS OR EARTH NOT GRADE|0|90|270
EYSA|14L|32R|11483|148|CON|1|146|326
EYSA|14R|32L|10761|105|CON|0|146|326
EYSB|10|28|3281|98|ASP|0|104|284
EYSE|7|25|3281|0|UNK|0|70|250
EYSI|9|27|1605|85|asphalt|0|90|270
EYVI|1|19|8251|164|ASP|1|22|202
EYVP|15H|33H|620|60|paved|0|150|330
EYVP|18|36|0|0|Grass|0|180|360
EYVP|4|22|1968|328|Grass|0|36|216
FAAB|11|29|4823|115|GVL|0|88|268
FAAB|1|19|6063|151|ASP|1|347|167
FAAB|7|25|5499|118|GVL|0|44|224
FAAG|7|25|6824|66|ASP|1|49|229
FAAL|10|28|4757|100|ASP|0|84|264
FABA|3|21|0|0|paving|0|30|210
FABA|9|27|0|0|gravel|0|90|270
FABB|18|36|5902|49|ASP|1|159|339
FABE|8|26|8202|197|ASP|1|57|237
FABL|12|30|7202|151|ASP|1|102|282
FABL|2|20|8396|151|ASP|1|0|180
FABM|11|29|3855|49|ASP|1|96|276
FABM|13|31|4301|150|GRS|0|108|288
FABO|7|25|4003|30|ASP|0|53|233
FABR|17|35|3300|50|GRS|1|170|350
FACT|16|34|5581|151|ASP|1|136|316
FACT|1|19|10502|200|ASP|1|346|166
FACV|9|27|4101|49|ASP|0|67|247
FADA|11|29|4040|0|UNK|0|110|290
FADA|15|33|3802|0|UNK|0|150|330
FADA|18|36|4483|0|UNK|0|180|360
FADA|3|21|5171|0|UNK|0|30|210
FADK|4|22|4003|151|CON|0|22|202
FADU|18|36|3215|40|asphalt|0|164|344
FADX|20|2|2410|30|Asphalt|0|200|20
FAEC|1|19|4026|0|UNK|0|10|190
FAEL|11|29|6362|150|ASP|1|82|262
FAEL|6|24|5200|150|ASP|1|37|217
FAEO|13|31|5085|33|ASP|0|113|293
FAFB|8|26|4593|49|ASP|1|60|240
FAGC|17|35|6004|75|ASP|1|153|333
FAGG|11|29|6562|148|ASP|1|89|269
FAGM|11|29|5617|50|ASP|1|89|269
FAGM|17|35|4898|50|ASP|1|158|338
FAGR|15|33|2801|98|GVL|0|127|307
FAGR|2|20|4921|75|ASP|0|15|195
FAGT|12|30|2756|131|GRS|0|100|280
FAGT|16|34|3937|49|ASP|0|136|316
FAGT|4|22|3871|131|GRS|0|20|200
FAGY|6|24|5328|36|ASP|1|42|222
FAHG|6|24|3923|52|Asphalt|1|60|240
FAHL|3|21|3963|0|UNK|0|30|210
FAHR|15|33|3937|49|ASP|1|135|315
FAHS|18|36|13095|151|ASP|1|164|344
FAHS|9|27|6939|88|ASP|1|76|256
FAHV|10|28|4298|75|ASP|0|79|259
FAHV|15|33|3694|75|ASP|0|124|304
FAKD|15|33|3281|82|GRE|0|133|313
FAKD|18|36|4921|59|ASP|1|166|346
FAKD|5|23|2953|82|GRE|0|31|211
FAKM|10|28|8002|148|ASP|1|80|260
FAKM|2|20|9843|150|ASP|1|359|179
FAKN|5|23|10171|148|ASP|1|34|214
FAKP|11|29|4265|98|ASP|0|110|290
FAKR|8|26|2684|30|ASP|1|63|243
FAKS|12|30|3937|98|GRS|0|104|284
FAKS|3|21|2953|98|GRS|0|8|188
FAKS|7|25|5824|46|ASP|1|54|234
FAKT|1|19|2658|60|Asphalt|0|10|190
FAKU|2|20|5578|49|ASP|1|4|184
FAKZ|2|20|4921|98|ASP|1|4|184
FALA|7|25|9996|147|ASP|1|57|227
FALC|15|33|5249|49|ASP|1|127|307
FALD|18|36|3000|0||0|180|360
FALE|6|24|12139|197|Asphalt|0|61|241
FALI|18|36|4154|49|ASP|0|166|346
FALI|6|24|2592|66|GRE|0|49|229
FALL|4|22|4462|0|UNK|0|40|220
FALM|10L|28R|1640|49|ASP|0|90|270
FALM|10|28|13189|151|ASP|1|90|270
FALO|10|28|3937|59|ASP|1|81|261
FALW|02L|20R|7680|150|ASP|1|1|181
FALW|02R|20L|7689|150|ASP|1|1|181
FALW|16|34|6533|150|ASP|1|136|316
FALW|7|25|4935|150|ASP|0|46|226
FALY|11|29|3937|49|ASP|0|90|270
FAMB|14|32|5905|48|ASP|0|128|308
FAMB|2|20|4413|82|GVL|0|359|179
FAMD|16|34|4145|75|ASP|0|141|321
FAMG|5|23|4495|100|ASP|1|22|202
FAMI|6|24|3281|33|ASP|0|41|221
FAMJ|14|32|4921|49|ASP|1|123|303
FAMM|4|22|15157|148|ASP|1|23|203
FAMN|9|27|4101|0|ASP|0|72|252
FAMO|10|28|3694|0|Tar|1|100|280
FAMS|3|21|5046|33|ASP|0|16|196
FAMU|17|35|6059|98|ASP|0|157|337
FANC|11|29|4921|75|ASP|1|90|270
FANG|15|33|3658|30||0|150|330
FANS|4|22|3419|0|UNK|0|40|220
FANY|10|28|3970|56|ASP|1|85|265
FAOB|10|28|6926|131|ASP|1|75|255
FAOB|17|35|10220|151|ASP|1|145|325
FAOH|4|22|5577|98|ASP|1|13|193
FAOR|03L|21R|14495|200|ASP|1|14|194
FAOR|03R|21L|11155|197|ASP|1|14|194
FAPA|10C|28C|4304|98|Grass|1|100|280
FAPA|10L|28R|5996|98|Grass|1|100|280
FAPA|10R|28L|3936|98|Grass|1|100|280
FAPA|18|36|2624|98|Grass|0|180|360
FAPA|7|25|3608|98|Grass|0|70|250
FAPE|17|35|5502|151|ASP|1|146|326
FAPE|8|26|7087|151|ASP|1|58|238
FAPF|15|33|4498|0|UNK|0|150|330
FAPG|12|30|4003|66|ASP|0|100|280
FAPH|1|19|4491|60|ASP|1|354|174
FAPI|8|26|7218|82|ASP|1|61|241
FAPJ|9|27|3610|100|ASP|0|64|244
FAPL|16|34|2290|59|ASP|0|160|340
FAPM|16|34|5043|98|ASP|1|142|322
FAPN|5|23|9022|98|ASP|1|37|217
FAPP|1|19|8400|148|ASP|0|359|179
FAPP|5|23|7612|148|ASP|1|38|218
FAPS|15|33|3281|98|GRS|0|135|315
FAPS|3|21|4885|98|ASP|1|13|193
FAPT|12|30|2696|98|Hard Gravel|0|120|300
FAPT|1|19|2559|65||0|10|190
FAPT|6|24|3600|98|Hard Gravel|0|60|240
FAPX|8|26|3281|0|Compacted Gravel|0|80|260
FAPY|11|29|2387|150|GRE|0|96|276
FAPY|6|24|4406|66|ASP|0|43|223
FAQT|12|30|3937|66|Tar - lights 5 clicks on|1|95|275
FARB|5|23|4265|69|ASP|1|34|214
FARG|16|34|4019|50|ASP|1|145|325
FARS|10|28|4921|49|ASP. Avgas available.|0|80|260
FARS|14|32|2395|59|Grass - caution moles|0|113|293
FASB|10|28|5213|66|ASP|0|74|254
FASC|11|29|3609|59|ASP|1|91|271
FASD|2|20|4665|82|ASP|1|358|178
FASE|17|35|4921|59|ASP|0|170|350
FASH|1|19|2492|0|ASP|1|10|190
FASI|14|32|1818|70|GRE|0|118|298
FASI|3|21|5249|59|ASP|1|16|196
FASK|2|20|6520|98|ASP|1|6|186
FASK|6|24|6589|147|GRE|0|49|229
FASS|17|35|5709|75|ASP|1|153|333
FASX|15|33|3291|39|LAT|0|126|306
FASX|6|24|1800|150|GRE|0|40|220
FASZ|17|35|5085|98|ASP|0|156|336
FATA|11|29|3655|25|Tar|0|95|275
FATF|16|34|4593|110|GVL|0|141|321
FATF|3|21|4920|33|ASP|1|10|190
FATF|7|25|3614|110|GVL|0|51|231
FATP|10|28|3937|49|ASP|1|78|258
FATP|1|19|4265|33|ASP|1|351|171
FATT|4|22|4941|62|ASP|1|18|198
FATZ|6|24|4659|66|ASP|1|49|229
FAUL|5|23|5381|75|ASP|1|34|214
FAUP|17|35|16076|197|ASP|1|153|333
FAUP|8|26|2736|98|COM|0|59|239
FAUS|18|36|4440|56|ASP|0|180|360
FAUT|14|32|8530|148|ASP|1|113|293
FAUT|9|27|4921|98|GRE|0|69|249
FAVB|18|36|3937|66|ASP|0|164|344
FAVG|5|23|3035|72|ASP|1|28|208
FAVM|8|26|5085|49|ASP|0|71|251
FAVR|8|26|4265|59|COM|0|57|237
FAVV|15|33|3724|52|ASP|0|125|305
FAVV|3|21|5266|72|ASP|1|9|189
FAWA|3|21|3937|75|tar|0|30|210
FAWB|11|29|5998|98|Asphalt|1|93|273
FAWB|6|24|4200|72|ASP|0|44|224
FAWI|17|35|2500|0|grass|0|170|350
FAWI|4|22|4134|36|ASP|1|19|199
FAWI|9|27|1000|30|dirt|0|90|270
FAWK|1|19|11001|148|ASP|1|352|172
FAWK|6|24|6299|148|ASP|1|44|224
FAWM|7|25|6578|59|ASP|1|50|230
FAWN|14|32|2296|0|concrete|0|140|320
FAWN|5|23|2952|65|hard|0|50|230
FAWT|15|33|4921|98|Soil, rough gravel|0|136|316
FAWV|6|24|2132|0|gravel|0|85|265
FAYP|2|20|5200|75|ASP|1|356|176
FAZR|4|22|6480|100|ASP|0|27|207
FBJW|8|26|5495|82|ASP|1|63|243
FBKE|8|26|6562|98|ASP|0|71|251
FBMN|8|26|6562|98|ASP|1|66|246
FBSK|8|26|13123|148|CON|1|62|242
FBSN|11|29|5381|66|ASP|0|103|283
FBSP|12|30|5840|98|ASP|0|102|282
FBSV|4|22|7218|66|Dirt|0|40|220
FBSW|9|27|6102|0|Asphalt|0|90|270
FCBB|5|23|10827|148|ASP|1|50|230
FCBD|4|22|6725|98|ASP|0|40|220
FCOD|4|22|10827|150|CON|0|40|220
FCOE|14|32|6726|95|ASP|0|140|320
FCOM|7|25|5906|0|UNK|0|70|250
FCOO|9|27|5905|98|ASP|0|79|259
FCOU|1|19|6726|98|ASP|1|14|194
FCPL|14|32|6725|95|ASP|0|140|320
FCPP|17|35|8530|148|ASP|1|166|346
FDMS|7|25|8530|148|ASP|1|53|233
FDSK|2|20|11811|197|ASP|1|20|200
FEFF|16|34|8530|148|ASP|1|165|345
FEFN|17|35|4921|0|UNK|0|170|350
FEFR|14|32|5906|0|UNK|0|140|320
FEFT|17|35|5446|98|ASP|0|167|347
FEFY|8|26|3920|0|GRS|0|80|260
FGBT|3|21|10860|200|ASP|0|30|210
FGMY|18|36|9843|0|CON|0|180|360
FGSL|4|22|9647|151|CON|1|42|222
FHAW|13|31|10019|150|ASP|1|117|297
FHSH|1|19|6398|148|ASP|1|359|179
FIMP|14|32|11056|148|ASP|1|117|297
FIMR|12|30|4223|98|ASP|1|106|286
FJDG|13|31|12003|200|CON|1|122|302
FKKB|3|21|5906|0|UNK|0|30|210
FKKC|5|23|4512|151|ASP|1|43|223
FKKD|12|30|9350|148|ASP|1|117|297
FKKF|8|26|4495|0|UNK|0|80|260
FKKI|2|20|6234|0|UNK|0|20|200
FKKL|13|31|6890|148|ASP|1|130|310
FKKM|4|22|6889|148|ASP|1|38|218
FKKN|2|20|8858|148|ASP|1|22|202
FKKR|9|27|11032|148|ASP|1|86|266
FKKU|15|33|8203|148|ASP|1|147|327
FKKV|17|35|8202|148|ASP|1|171|351
FKKY|3|21|6519|148|ASP|1|24|204
FKYS|1|19|11155|148|ASP|1|10|190
FLCP|18|36|4823|0|UNK|0|180|360
FLIK|15|33|4400|0|Dirt|0|150|330
FLJK|7|25|3232|92||0|70|250
FLKE|11|29|4698|75|ASP|1|104|284
FLKS|13|31|6148|0|Gravel|0|130|310
FLLC|8|26|6594|83|ASP|0|72|252
FLLI|10|28|7520|197|ASP|1|94|274
FLLI|15|33|4501|98|BIT|0|140|320
FLMF|9|27|7218|98|ASP|0|83|263
FLMG|9|27|4800|69|BRI|0|85|265
FLND|10L|28R|8250|150|CON|1|90|270
FLND|10R|28L|4000|75|CON|0|90|270
FLRZ|8|26|5574|0||0|80|260
FLSK|9|27|11483|148|ASP|1|90|270
FLSO|11|29|6562|100|ASP|0|106|286
FLSW|8|26|8858|120|ASP|0|80|260
FMCH|2|20|9514|148|ASP|1|10|190
FMCI|13|31|4265|98|ASP|0|123|303
FMCV|10|28|4429|92|ASP|0|95|275
FMCZ|16|34|6330|92|ASP|1|150|330
FMEE|12|30|10499|148|ASP|1|102|282
FMEE|14|32|8760|148|ASP|1|116|296
FMEP|15|33|7000|150|ASP|1|129|309
FMME|5|23|4921|150|ASP|0|50|230
FMMI|11|29|10171|148|ASP|1|99|279
FMMN|16|34|3609|98|ASP|0|148|328
FMMS|1|19|3451|98|ASP|0|354|174
FMMT|1|19|7218|131|ASP|1|354|174
FMMV|10|28|4921|98|ASP|1|88|268
FMMV|14|32|4413|115|ASP|0|124|304
FMMZ|12|30|3937|0|grass|0|120|300
FMNA|13|31|4921|98|ASP|1|124|304
FMNC|11|29|4101|82|ASP|0|98|278
FMND|2|20|4153|98|ASP|0|5|185
FMNE|11|29|4921|98|ASP|0|103|283
FMNH|18|36|3914|89|ASP|0|163|343
FMNL|11|29|3937|72|COP|0|101|281
FMNM|14|32|7218|148|ASP|1|132|312
FMNN|5|23|7185|148|ASP|1|43|223
FMNQ|8|26|4046|66|BIT|0|72|252
FMNR|14|32|4265|98|ASP|0|128|308
FMNS|16|34|4577|98|ASP|1|152|332
FMNV|14|32|4236|82|ASP|0|132|312
FMNW|1|19|4921|98|ASP|0|2|182
FMNZ|15|33|4450|44|ASP|0|140|320
FMSD|8|26|5280|98|ASP|1|53|233
FMSF|8|26|4101|82|ASP|0|62|242
FMSG|13|31|3445|82|ASP|0|108|288
FMSJ|9|27|5249|0|dirt|0|90|270
FMSK|5|23|3886|79|ASP|0|34|214
FMSM|4|22|4921|98|ASP|0|22|202
FMSR|4|22|4265|98|ASP|0|28|208
FMST|11|29|2625|42|ASP|0|88|268
FMST|4|22|6562|98|ASP|1|23|203
FNBG|14|32|5315|100|ASP|1|131|311
FNBJ|06L|24R|13123|197|ASPH|0|60|240
FNBJ|06R|24L|12470|197|ASPH|0|60|240
FNCA|36|18|8202|98|ASP|1|0|180
FNCT|2|20|12139|145|ASP|0|20|200
FNDU|3|21|6468|80|ASP|0|40|220
FNGI|13|31|10640|95|ASP|0|115|295
FNHU|11|29|8727|148|ASP|0|100|280
FNHU|1|19|3281|0|UNK|0|10|190
FNKU|8|26|8202|98|ASP|1|70|250
FNLU|5|23|12190|148|ASP|1|47|227
FNLU|7|25|8530|197|ASP|1|68|248
FNMA|13|31|7283|98|ASP|0|123|303
FNME|13|31|11483|147|ASP|0|120|300
FNMO|8|26|8202|148|ASP|1|66|246
FNSA|13|31|11155|148|ASP|1|130|310
FNSO|6|24|5905|98|ASP|0|55|235
FNUB|10|28|9570|148|ASP|1|87|267
FNUE|11|29|7875|130|ASP|0|104|284
FNUG|1|19|6562|55|ASP|1|6|186
FNXA|3|21|7400|97|ASP|0|21|201
FOGK|15|33|5841|148|ASP|1|151|331
FOGM|17|35|5891|100|ASP|0|168|348
FOGO|3|21|5906|98|ASP|0|25|205
FOGQ|8|26|4921|98|ASP|0|73|253
FOGR|4|22|7555|148|LAT|1|42|222
FOGR|5|23|0|0|UNK|0|50|230
FOOB|13|31|5726|98|LAT|0|123|303
FOOD|12|30|6234|92|ASP|0|120|300
FOOG|2|20|6234|148|ASP|1|22|202
FOOH|14|32|5285|98|ASP|0|135|315
FOOK|6|24|5892|148|ASP|0|58|238
FOOL|16|34|9844|148|ASP|1|154|334
FOON|15|33|10105|148|ASP|1|144|324
FOOT|15|33|5906|0|UNK|0|150|330
FPPR|18|36|4331|98|ASP|1|168|348
FPST|11|29|7283|148|ASP|0|103|283
FQBR|12|30|7874|148|ASP|1|105|285
FQCH|1|19|7874|148|ASP|1|5|185
FQIN|16|34|4921|98|ASP|1|149|329
FQIN|6|24|2625|98|SAN|0|47|227
FQLC|8|26|8300|148|ASP|1|71|251
FQLU|1|19|4921|98|ASP|0|0|180
FQMA|10|28|5577|148|ASP|1|86|266
FQMA|5|23|12008|148|ASP|1|29|209
FQMP|3|21|6562|88|ASP|0|25|205
FQNC|1|19|10171|148|ASP|0|13|193
FQNP|13|31|5135|148|GVL|0|119|299
FQNP|5|23|6562|148|ASP|1|46|226
FQPB|17|35|5905|148|ASP|1|161|341
FQQL|18|36|5905|148|ASP|1|174|354
FQSG|16|34|2953|75|ASP|0|159|339
FQTT|1|19|8225|148|ASP|1|2|182
FQUG|16|34|5900|98|ASP|0|158|338
FQVL|10|28|2461|75|ASP|0|89|269
FQVL|17|35|4823|98|ASP|1|156|336
FQXA|2|20|5906|0|concrete|0|20|200
FSAL|15|33|3983|75|CON|0|145|325
FSAS|16|34|1210|100|concrete|1|160|340
FSDR|12|30|4531|33|CON|0|110|290
FSFA|13|31|3035|75|CON|0|128|308
FSIA|13|31|9800|151|CON|1|125|305
FSPP|15|33|4318|104|ASP|1|149|329
FSSC|13|31|0|0|concrete|1|130|310
FTTA|4|22|5906|0|UNK|0|40|220
FTTC|9|27|9186|98|ASP|0|93|273
FTTD|4|22|5906|115|ASP|0|35|215
FTTI|9|27|6025|90|PER|0|90|270
FTTJ|5|23|9186|148|ASP|1|46|226
FTTY|6|24|9186|148|ASP|0|58|238
FVBU|13|31|8491|148|ASP|1|115|295
FVBU|2|20|4419|98|ASP|0|8|188
FVCN|9|27|3569|54|ASP|0|84|264
FVCP|14|32|3035|59|ASP|0|132|312
FVCP|6|24|3937|56|ASP|1|54|234
FVCZ|14|32|5785|98|BIT|0|130|310
FVDA|9|27|3000|80||0|82|262
FVFA|12|30|13123|148|ASP|1|110|290
FVKB|9|27|5413|59|ASP|1|82|262
FVMD|10|28|3650|59|ASP|0|98|278
FVMT|9|27|3609|59|BIT|0|84|264
FVMU|12|30|3117|60|MAC|0|113|293
FVMV|10|28|3937|59|GRS|0|88|268
FVMV|17|35|5663|59|BIT|1|162|342
FVTL|13L|31R|8766|100|ASP|1|116|296
FVWN|8|26|15091|98|ASP|0|68|248
FWCL|10|28|7628|98|ASP|1|97|277
FWCL|15|33|4501|98|ASP|0|141|321
FWCM|11|29|3800|0||0|110|290
FWDW|14|32|3980|0||0|140|320
FWKA|14|32|4200|59|ASP|0|138|318
FWKG|8|26|3937|57|ASP|0|74|254
FWKI|14|32|11614|148|ASP|1|131|311
FWSU|15|33|4100|75|Asphalt|1|150|330
FWUU|17|35|4291|62|BIT|0|161|341
FXMM|11|29|3314|75|ASP|1|85|265
FXMM|4|22|10498|148|ASP|1|15|195
FXMU|11|29|1542|98|GRE|0|85|265
FXMU|4|22|4531|98|ASP|1|21|201
FYAR|10|28|6300|66|ASP|1|81|261
FYGF|17|35|3412|98|ASP|0|158|338
FYGF|8|26|11680|148|ASP|1|68|248
FYKM|9|27|7520|128|ASP|0|80|260
FYKT|18|36|4705|98|GVL|0|155|335
FYKT|4|22|7598|148|ASP|1|16|196
FYLZ|12|30|3830|98|GVL|0|99|279
FYLZ|4|22|6004|98|ASP|0|17|197
FYML|12|30|4921|98|GVL|0|98|278
FYML|1|19|6562|82|ASP|0|350|170
FYOA|16|34|4423|98|GVL|0|149|329
FYOA|8|26|9800|98|ASP|1|65|245
FYOG|2|20|5252|59|ASP|1|0|180
FYRU|8|26|11004|98|ASP|0|72|252
FYSA|17|35|5741|0|UNK|0|170|350
FYTM|12|30|4823|56|ASP|1|108|288
FYVF|1|19|5249|197|SAND|0|10|190
FYVF|8|26|6562|295|SAND|0|80|260
FYWB|9|27|7001|98|ASP|1|72|252
FYWE|1|19|7381|98|ASP|1|351|171
FYWE|9|27|3297|98|GVL|0|76|256
FYWH|16|34|5000|98|ASP|1|141|321
FYWH|8|26|15010|148|ASP|1|64|244
FZAA|6|24|13123|197|CON|1|58|238
FZAB|8|26|5526|98|ASP|0|71|251
FZAG|4|22|4864|98|ASP|1|28|208
FZAJ|3|21|3346|0|Gravel|0|30|210
FZAM|1|19|5150|0|Dirt|0|10|190
FZBA|8|26|3937|0|dirt|0|80|260
FZBI|11|29|4692|0|GVL|0|110|290
FZBO|11|29|4528|98|ASP|0|106|286
FZCA|6|24|5151|95|ASP|0|46|226
FZEA|18|36|7223|148|ASP|1|173|353
FZEN|6|24|4856|0|Dirt|0|60|240
FZFD|7|25|10499|197|ASP|1|73|253
FZFE|7|25|4134|0|Dirt|0|70|250
FZFK|11|29|6550|148|ASP|1|102|282
FZFP|5|23|6626|134|LAT|0|50|230
FZFU|11|29|5578|0||0|110|290
FZGA|5|23|7200|164|GVL|0|48|228
FZIA|10|28|7218|98|ASP|0|97|277
FZIC|13|31|11483|148|ASP|1|125|305
FZJH|13|31|8202|148|ASP|1|130|310
FZKA|10|28|6070|98|ASP|0|96|276
FZKJ|7|25|6890|98|ASP|1|73|253
FZMA|17|35|6562|148|ASP|0|164|344
FZNA|17|35|9695|148|ASP|1|174|354
FZNP|11|29|6600|0|ASP/GVL|0|110|290
FZOA|18|36|7218|148|ASP|1|176|356
FZOK|13|31|291|0|grass|0|130|310
FZQA|7|25|10623|164|ASP|1|66|246
FZQM|11|29|5741|98|ASP|0|101|281
FZRF|6|24|5741|98|ASP|0|58|238
FZRQ|11|29|6234|0||0|110|290
FZSA|13L|31R|8858|148|ASP|1|121|301
FZSA|13R|31L|8858|148|ASP|0|121|301
FZSB|10|28|4823|0|dirt|0|100|280
FZUA|11|29|7218|148|ASP|1|108|288
FZUK|16|34|5249|0|Gravel|0|160|340
FZVA|9|27|5249|0|TURF|0|90|270
FZVS|7|25|4117|0|grass|0|70|250
FZWA|16|34|6558|148|ASP|1|161|341
GABS|6|24|10498|148|ASP|1|57|237
GAGM|5|23|4921|0|UNK|0|50|230
GAGO|7|25|8202|148|ASP|1|62|242
GAKL|9|27|6234|131|TURF|0|90|270
GAKY|9|27|5267|98|ASP|1|81|261
GAMB|5|23|8340|94|ASP|1|47|227
GANK|3|21|1299|98|Brown clay gravel|0|30|210
GANR|8|26|4921|0|UNK|0|80|260
GASK|8|26|9350|75|Dirt|0|76|256
GASO|8|26|5255|100|ASP|1|71|251
GATB|7|25|6923|98|ASP|1|68|248
GATS|05L|23R|8201|98|ASP|0|46|226
GATS|15|33|3924|154|GVL|0|153|333
GATS|16|34|0|0|UNK|0|160|340
GATS|5|23|0|0|UNK|0|50|230
GBYD|14|32|11811|148|ASP|1|131|311
GCFV|1|19|11598|148|ASP|1|2|182
GCGM|9|27|4921|98|ASP|1|81|261
GCHI|16|34|4101|98|ASP|1|153|333
GCLA|36|18|7218|148|ASP|1|359|179
GCLP|03L|21R|10171|148|ASP|1|22|202
GCLP|03R|21L|10171|148|ASP|1|22|202
GCRR|3|21|7874|148|ASP|1|27|207
GCTS|7|25|10499|148|ASP|1|69|249
GCXO|12|30|10404|148|ASP|1|111|291
GECE|7|25|787|115|ASP|1|67|247
GEML|15|33|4701|148|ASP|1|146|326
GFBO|4|22|4003|0|GVL|0|40|220
GFKE|4|22|3770|0|TURF|0|40|220
GFLL|12|30|10498|150|ASP|1|107|287
GFYE|15|33|3000|0|TURF|0|150|330
GGCF|6|24|6231|74|BIT|0|50|230
GGOV|3|21|10499|148|ASP|1|19|199
GLMR|5|23|6000|100|ASP|1|40|220
GLRB|4|22|11000|150|ASP|1|31|211
GMAA|10|28|9547|148|ASP|0|98|278
GMAD|9|27|10499|148|ASP|1|91|271
GMAT|3|21|6562|98|ASP|1|28|208
GMFB|9|27|10499|148|ASP|0|90|270
GMFF|9|27|10499|148|ASP|1|90|270
GMFI|3|21|6920|115|ASP|0|25|205
GMFK|13|31|10499|148|ASP|1|125|305
GMFM|8|26|6420|164|ASP|0|77|257
GMFM|9|27|9252|164|ASP|1|83|263
GMFO|13|31|9843|148|ASP|1|132|312
GMFO|6|24|9843|148|BIT|1|58|238
GMMB|14|32|10085|150|ASP|0|141|321
GMMD|5|23|8169|148|ASP|1|50|230
GMME|3|21|11483|148|ASP|1|33|213
GMMH|3|21|9842|148|ASP|1|23|203
GMMI|16|34|8553|148|BIT|1|159|339
GMML|2|20|8861|148|ASP|1|16|196
GMML|4|22|8202|148|ASP|1|32|212
GMMN|17L|35R|12205|148|ASP|1|164|344
GMMN|17R|35L|12205|148|ASP|1|164|344
GMMT|18|36|3687|50|asphalt|0|180|360
GMMW|8|26|9842|148|ASP|1|78|258
GMMX|10|28|10170|148|ASP|1|96|276
GMMY|3|21|6035|150|ASP|0|19|199
GMMY|7|25|7995|150|CON|1|63|243
GMMZ|12|30|9842|148|ASP|1|117|297
GMSL|7|25|11302|140|ASP|1|72|252
GMTA|17|35|10511|148|ASP|1|173|353
GMTN|7|25|10784|148|CON|0|70|250
GMTT|10|28|11483|148|ASP|1|96|276
GOBD|1|19|11483|197|ASP|1|359|179
GOGG|10|28|5069|98|ASP|1|88|268
GOGS|14|32|6573|98|ASP|1|136|316
GOOK|6|24|5249|98|ASP|0|50|230
GOOY|18|36|11450|148|ASP|1|173|353
GOSM|13|31|6299|0|GVL|0|130|310
GOSR|8|26|5085|0||0|80|260
GOSS|18|36|6230|100|ASP|1|173|353
GOTB|7|25|5741|98|MAC|1|59|239
GOTK|11|29|5906|148|ASP|1|103|283
GOTT|6|24|6562|98|ASP|1|49|229
GQNA|4|22|5245|100|BIT|0|32|212
GQND|7|25|5249|96|ASP|0|64|244
GQNF|7|25|8202|95|ASP|0|61|241
GQNI|9|27|6890|100|ASP|1|84|264
GQNK|7|25|8202|148|ASP|0|60|240
GQNO|16|34|11155|197|concrete|1|150|330
GQNO|6|24|7875|148|concrete|1|50|230
GQNS|7|25|5249|98|MAC|0|56|236
GQPA|4|22|9855|98|ASP|1|30|210
GQPP|2|20|7961|148|ASP|1|14|194
GQPT|1|19|7515|70|ASP|0|358|178
GQPZ|9|27|8202|0|ASP|0|90|270
GUBE|15|33|6000|0|asphalt|0|150|330
GUCY|6|24|10826|148|ASP|1|49|229
GUFA|6|24|5249|131|ASP|0|48|228
GUFH|9|27|7595|148|ASP|0|84|264
GUGO|11|29|5249|0|dirt|0|110|290
GUKR|7|25|5118|0|ASP|0|70|250
GUKU|1|19|5922|0|dirt|0|10|190
GULB|6|24|9843|148|dirt|0|51|231
GUMA|7|25|4921|0|GRS|0|70|250
GUNZ|18|36|4921|0|dirt|0|180|360
GUOK|2|20|5052|0|dirt|0|20|200
GUSA|4|22|3773|0|dirt|0|40|220
GUSB|12|30|4921|0|dirt|0|120|300
GUSI|11|29|4905|0|GVL|0|110|290
GVAC|1|19|9843|148|ASP|1|358|178
GVAN|14|32|1476|98|ASP|0|140|320
GVBA|3|21|6890|148|ASP|0|16|196
GVMA|1|19|3937|0|ASP|0|10|190
GVNP|3|21|6890|148|ASP|0|22|202
GVSF|14|32|3937|0|UNK|0|140|320
GVSN|1|19|4593|98|ASP|0|356|176
GVSV|6|24|6561|98|ASP|1|54|234
HAAB|07L|25R|12139|148|ASP|1|74|254
HAAB|07R|25L|12467|148|ASP|1|74|254
HAAM|3|21|9170|153|ASP|1|32|212
HAAX|16|34|7874|148|ASP|1|160|340
HABD|4|22|9842|148|PEM|1|45|225
HADR|15|33|8791|148|ASP|1|152|332
HAGM|18|36|8248|148|CON|0|180|0
HAGN|17|35|9072|145|ASP|1|170|350
HAGO|4|22|7505|115|PEM|0|39|219
HAHM|16|34|5940|0|ASP|0|160|340
HAJJ|3|21|8202|0|Asphalt|0|30|210
HAJM|13|31|6562|163|ASP|0|125|305
HAKD|8|26|8202|0|Concrete|0|80|260
HALA|1|19|9843|148|ASPH|0|10|190
HALL|10|28|7990|175|ASP|1|96|276
HAMK|11|29|11825|142|ASP|1|112|292
HASM|13|21|8202|0|CON|0|130|210
HASO|11|29|8218|148|ASP|0|115|295
HBBA|17|35|11811|148|ASP|1|172|352
HBBA|2|20|0|0|UNK|0|20|200
HBBE|12|30|3117|0|UNK|0|120|300
HCMF|1|19|3550|115|SAN|0|10|190
HCMF|9|27|7874|148|ASP|0|90|270
HCMH|6|24|12139|148|ASP|1|55|235
HCMI|5|23|13582|164|ASP|0|47|227
HCMK|5|23|12139|147|ASP|0|43|223
HCMM|5|23|10446|148|ASP|0|50|230
HCMN|4|22|7218|0|Gravel|0|40|220
HCMR|05L|23R|9859|0|ASP|0|50|230
HCMR|05R|23L|9859|0|TURF|0|50|230
HCMV|4|22|7875|0|dirt|0|40|220
HDAM|9|27|10335|148|PEM|1|91|271
HDCH|10|28|7795|98|ASP|0|100|280
HE11|13|31|6562|140|ASP|1|134|314
HE12|4|22|8481|141|ASP|0|47|227
HE12|9|27|8646|131|ASP|0|90|270
HE17|14|32|9863|131|ASP|0|143|323
HE18|16L|34R|9837|131|ASP|0|165|345
HE18|16R|34L|9864|131|ASP|0|165|345
HE19|13|31|6555|130|ASP|0|137|317
HE20|14|32|7835|148|ASP|0|138|318
HE21|15|33|7000|100|ASP|0|148|328
HE23|16|34|9500|69|ASP|0|159|339
HE25|16L|34R|9842|115|ASP|0|157|337
HE25|16R|34L|9842|131|ASP|0|157|337
HE27|11|29|9840|125|ASP|0|111|291
HE28|15|33|9925|132|ASP|1|152|332
HE28|18|36|10568|132|ASP|0|186|6
HE30|15|33|7847|130|ASP|0|153|333
HE30|16|34|9078|134|ASP|0|163|343
HE32|14|32|9084|131|ASP|1|139|319
HE32|17|35|9047|131|ASP|0|165|345
HE33|13|31|6583|98|ASP|0|129|309
HE34|14L|32R|8805|148|ASP|0|136|316
HE34|14R|32L|8805|130|ASP|0|136|316
HE35|11|29|9712|148|ASP|0|112|292
HE35|9|27|9752|148|ASP|0|90|270
HE36|15|33|8241|148|ASP|0|146|326
HE37|09L|27R|5100|150|ASP|0|96|276
HE37|09R|27L|8200|150|ASP|0|93|273
HE37|17L|35R|9960|160|ASP|0|169|349
HE37|17R|35L|5140|150|ASP|0|169|349
HE37|4|22|11480|150|ASP|0|45|225
HE39|02C|20C|9855|131|ASP|0|17|197
HE39|02L|20R|9857|130|ASP|0|17|197
HE39|02R|20L|9836|146|ASP|0|18|198
HE40|16L|34R|9882|130|ASP|0|159|339
HE40|16R|34L|9882|130|ASP|1|159|339
HE41|16L|34R|9855|98|ASP|0|162|342
HE41|16R|34L|9853|136|ASP|0|162|342
HE42|16|34|9054|114|ASP|0|166|346
HE46|7|25|2623|196|ASP|0|72|252
HEAL|13|31|11479|148|ASP|1|130|310
HEAR|16L|34R|9905|148|ASP|1|157|337
HEAR|16R|34L|9905|148|ASPH|1|157|337
HEAT|13|31|9905|148|ASP|1|130|310
HEAZ|18|36|6726|148|ASP|1|181|1
HEAZ|5|23|3917|164|ASP|0|47|227
HEBA|14L|32R|11156|148|ASP|1|143|323
HEBA|14R|32L|11155|148|ASP|1|143|323
HEBA|4|22|7221|148|ASP|0|143|323
HEBL|15|33|9843|148|ASP|1|150|330
HEBS|1|19|11565|152|ASP|0|9|189
HEBS|6|24|9843|131|ASP|0|56|236
HECA|05C|23C|13120|197|Asphalt|1|45|225
HECA|05L|23R|10830|197|Asphalt|1|49|229
HECA|05R|23L|13124|197|Asphalt|1|49|229
HECP|01L|19R|10600|130|ASP|1|15|195
HECP|01R|19L|11000|130|ASP|0|20|200
HECW|10|28|9125|147|ASP|1|107|287
HECW|16L|34R|11939|196|ASP|1|165|345
HEDK|15|33|8166|148|ASP|0|149|329
HEGN|16L|34R|13171|148|ASP|1|165|345
HEGN|16R|34L|13168|197|ASPHALT|1|165|345
HEGO|16|34|5249|98|ASP|1|163|343
HEGR|8|26|7874|98|ASP|0|76|256
HEGS|11|29|9460|145|ASP|1|113|293
HEGS|12|30|9473|145|ASP|1|124|304
HEKG|18|36|11483|148|ASP|1|180|0
HELX|2|20|9843|148|ASP|1|23|203
HEMA|15|33|11253|148|ASP|1|150|330
HEMM|15|33|9843|148|ASP|0|150|330
HEMM|6|24|9843|148|ASP|0|60|240
HEOC|1|19|6562|115|ASP|0|10|190
HEOW|1|19|11483|148|ASP|0|9|189
HEPS|10|28|7707|148|ASP|1|106|286
HESC|17|35|6939|118|ASP|0|172|352
HESG|15|33|9843|148|Asphalt|0|150|330
HESH|04L|22R|10108|148|ASP|1|43|223
HESH|04R|22L|10108|148|ASP|1|43|223
HESN|17|35|11161|148|ASP|1|171|351
HESX|16R|34L|12421|246|ASP|1|165|345
HETB|04L|22R|13123|148|ASP|1|42|222
HETB|4|22|0|0|UNK|0|40|220
HETR|10|28|9843|148|ASP|1|104|284
HHAS|12|30|5951|148|ASP|0|120|300
HHAS|7|25|9842|148|ASP|1|74|254
HHMS|7|25|11384|148|CON|1|75|255
HHSB|12|30|11531|148|ASP|0|120|300
HJJJ|13|31|10171|148|ASP|1|130|310
HKAM|8|26|3284|0|ASP|0|80|260
HKEL|8|26|11480|147|ASP|1|79|259
HKEM|14|32|5246|65|Asphalt|0|140|320
HKGA|17|35|3556|61|asphalt|0|170|350
HKJK|6|24|13507|148|ASP|1|54|234
HKKG|7|25|3420|49|BIT|0|79|259
HKKI|6|24|10823|148|ASP|1|62|242
HKKT|4|22|4757|75|ASP|0|40|220
HKKU|5|23|3116|65|ASP|0|53|233
HKLK|9|27|6195|62|ASP|0|92|272
HKLO|09L|27R|1645|64|GRE|0|83|263
HKLO|09R|27L|3281|64|ASP|0|83|263
HKLO|9|27|0|0|UNK|0|90|270
HKLU|15|33|6561|105|ASP|0|152|332
HKLU|7|25|3054|46|GRE|0|73|253
HKLU|8|26|3054|46|GRE|0|74|254
HKMA|5|23|3609|0|UNK|0|50|230
HKML|17|35|4600|0|UNK|0|170|350
HKML|8|26|3701|0|UNK|0|80|260
HKMO|15|33|4473|118|ASP|0|150|330
HKMO|3|21|10991|151|ASP|1|29|209
HKMS|9|27|3450|0||0|90|270
HKMY|14|32|4265|0|UNK|0|140|320
HKNK|14|32|5607|0|ASP|0|140|320
HKNL|3|21|3900|0|ASP|0|30|210
HKNV|18|36|3616|55|BIT|0|185|5
HKNW|14|32|5052|76|ASP|0|134|314
HKNW|7|25|4798|72|ASP|1|70|250
HKRE|6|24|7998|151|ASP|1|57|237
HKSB|12|30|2650|0||0|120|300
HKUK|1|19|3851|0||0|10|190
HKWJ|15|33|9193|104|ASP|0|146|326
HLAM|13|31|5700|95|ASP|0|132|312
HLAM|14|32|3324|79|SAN|0|141|321
HLAM|8|26|3452|82|ASP|0|87|267
HLBD|17|35|7495|155|ASP|0|172|352
HLFL|16|34|7051|148|ASP|1|165|345
HLGD|13|31|11807|148|ASP|0|134|314
HLGD|18|36|11807|148|ASP|0|180|0
HLGL|18|36|6575|100|ASP|1|180|0
HLGL|9|27|3302|73|ASP|0|90|270
HLGT|17|35|11811|148|ASP|1|172|352
HLGT|6|24|6643|98|ASP|0|61|241
HLKF|02L|20R|12007|100|ASP|1|15|195
HLKF|02R|20L|12007|148|ASP|1|15|195
HLLB|15L|33R|11732|148|ASP|1|150|330
HLLB|15R|33L|11731|148|ASP|1|150|330
HLLM|10|28|11155|148|ASP|1|103|283
HLLQ|10|28|11824|148|ASP|0|103|283
HLLQ|3|21|6214|190|ASP|0|30|210
HLLS|13|31|11778|148|ASP|1|133|313
HLMB|15|33|7220|100|ASP|0|146|326
HLMS|15|33|11155|148|ASPHALT|0|144|324
HLNF|12|30|4985|110|COP|0|120|300
HLNF|18|36|6295|98|ASP|0|179|359
HLNR|15|33|9910|148|ASP|0|146|326
HLON|13|31|5905|98|ASP|0|132|312
HLRA|12|30|6880|100|ASP|0|127|307
HLSA|16|34|7220|160|ASP|0|167|347
HLTD|1|19|6516|131|ASP|0|8|188
HLTD|6|24|11811|148|ASP|0|62|242
HLTQ|15|33|9865|150|ASP|0|149|329
HLTQ|2|20|9895|150|ASP|0|20|200
HLTQ|9|27|9835|150|ASP|0|89|269
HLWA|17|35|3815|54|ASP|0|169|349
HLWA|18|36|6918|94|ASP|0|179|359
HLZA|12|30|7050|95|ASP|0|118|298
HLZA|5|23|4505|65|GVL|0|48|228
HLZG|15|33|5940|100|ASP|0|146|326
HLZU|17|35|5725|98|ASP|0|168|348
HLZU|6|24|5496|98|ASP|0|56|236
HLZW|6|24|5906|148|ASP|0|60|240
HRYG|1|19|3330|75|ASP|0|10|190
HRYI|9|27|4000|50|'asphalt'|0|70|270
HRYR|10|28|11483|148|ASP|1|100|280
HRYU|14|32|4000|100|grass|0|140|320
HRZA|2|20|4921|148|ASP|0|17|197
HSAT|1|19|5905|0|UNK|0|10|190
HSDN|17|35|9843|148|ASP|1|173|353
HSDZ|17|35|9020|148|ASP|1|170|350
HSFS|18|36|5010|148|GVL|0|184|4
HSFS|5|23|9744|148|ASP|1|52|232
HSGN|11|29|6194|0|UNK|0|110|290
HSGN|4|22|5305|0|UNK|0|40|220
HSKA|2|20|8202|148|ASP|1|22|202
HSLI|6|24|8375|175|ASP|0|63|243
HSMN|2|20|13186|197|Asphalt|1|20|200
HSNN|4|22|9880|148|ASP|1|41|221
HSOB|1|19|9843|148|ASP|1|8|188
HSPN|16|34|8202|148|ASP|1|165|345
HSSG|4|22|9829|148|asphalt|0|40|220
HSSK|18|36|9751|148|Asphalt|1|177|357
HSSW|6|24|6562|0|gravel|0|60|240
HTAR|9|27|5377|105|BIT|0|93|273
HTBU|13|31|4535|93|Asphalt|1|130|310
HTDA|14|32|3280|98|ASP|0|135|315
HTDA|5|23|9843|151|ASP|1|45|225
HTDO|10|28|6700|98|ASP|0|91|271
HTGW|9|27|10925|148|ASP|0|90|270
HTIR|2|20|5508|98|ASP|0|13|193
HTKA|16|34|5797|0|UNK|0|160|340
HTKI|17|35|5906|0|GRS|0|170|350
HTKJ|9|27|11834|148|ASP|1|87|267
HTLI|10|28|4475|0|grass|0|100|280
HTLI|16|34|5735|0|grass|0|160|340
HTLI|3|21|5292|0|grass|0|30|210
HTLM|12|30|4003|66|BIT|0|119|299
HTMA|15|33|5348|0|ASP|0|150|330
HTMB|13|31|4921|0||0|130|310
HTMT|1|19|7410|98|ASP|0|4|184
HTMT|8|26|3815|98|GRE|0|80|260
HTMU|18|36|5249|108|Hard|0|180|360
HTMW|12|30|10212|148|ASP|1|116|296
HTPE|2|20|5003|98|ASP|1|22|202
HTSN|13|31|7480|0|GVL|0|130|310
HTSU|7|25|0|0||0|70|250
HTSY|11|29|6785|0|GVL|0|110|290
HTTB|13|31|6234|0|ASP|0|130|310
HTTB|8|26|4921|0|gravel|0|80|260
HTTG|6|24|4160|102|ASP|1|62|242
HTZA|18|36|9915|148|ASP|1|174|354
HUAJ|9|27|3710|65|GRE|0|92|272
HUAR|18|36|5600|0|Unpaved|0|180|360
HUEN|12|30|7900|150|ASP|0|121|301
HUEN|17|35|12000|150|ASP|1|171|351
HUGG|5|23|5055|0|Gravel|0|50|230
HUGU|17|35|10314|98|ASP|0|160|340
HUKJ|14|32|3630|81|dirt|0|140|320
HUKS|1|19|5151|0|UNK|0|10|190
HUMA|11|29|5446|100|GVL|0|104|284
HUPA|7|25|5774|98|Murram|0|70|250
HUSO|5|23|6100|98|ASP|0|51|231
K10U|2|20|6700|60|ASPH-GRVL-F|0|36|196
KAAA|14|32|3003|135|GRS|0|144|324
KAAA|3|21|3999|75|ASP|1|35|215
KAAF|13|31|5350|150|CON|1|135|315
KAAF|18|36|5265|150|CON|0|180|0
KAAF|6|24|5070|150|CON|1|60|240
KAAO|18|36|6101|100|CON|1|187|7
KAAS|5|23|5003|75|ASP|1|50|230
KAAT|13|31|4301|50|ASP|1|148|328
KAAT|3|21|2935|60|ASP|1|46|226
KABE|13|31|5797|150|ASP|1|123|303
KABE|6|24|7600|150|ASP|1|51|231
KABI|17L|35R|7198|150|ASP|1|180|0
KABI|17R|35L|7202|150|ASP|1|180|0
KABI|4|22|3678|100|ASP|1|52|232
KABQ|12|30|6000|150|CONC-G|0|129|309
KABQ|3|21|10000|150|CONC-G|0|45|225
KABQ|8|26|13793|150|CONC-G|0|90|270
KABR|13|31|6901|100|CON|1|135|315
KABR|17|35|5500|100|ASP|1|180|0
KABY|16|34|5200|150|ASP|1|162|342
KABY|4|22|6601|150|ASP|1|42|222
KACB|2|20|5000|100|ASP|1|17|197
KACJ|5|23|6021|100|ASP|1|46|226
KACJ|9|27|3787|75|ASP|0|91|271
KACK|12|30|2696|50|ASP|0|107|287
KACK|15|33|4000|100|ASP|1|135|315
KACK|6|24|6303|150|ASP|1|45|225
KACP|18|36|4993|75|ASP|1|170|350
KACQ|15|33|3398|75|ASP|1|154|334
KACT|14|32|5896|150|ASP|1|149|329
KACT|1|19|6596|150|ASP|1|14|194
KACV|14|32|6000|150|ASP|1|153|333
KACV|1|19|4499|150|ASP|1|30|210
KACY|13|31|10000|150|ASP|1|118|298
KACY|4|22|6144|150|PEM|1|28|208
KACZ|9|27|3998|75|ASP|1|85|265
KADC|16|34|4005|75|ASP|1|164|344
KADG|11|29|1810|150|GRS|0|107|287
KADG|5|23|5001|100|ASP|1|47|227
KADH|13|31|3103|50|ASP|0|135|315
KADH|17|35|6203|100|ASP|1|180|0
KADM|13|31|9001|150|CON|1|135|315
KADM|17|35|5350|100|ASP|0|180|0
KADS|16|34|7202|100|ASP|1|160|340
KADT|16|34|5001|75|ASP|1|173|353
KADT|17|35|2420|75|GRS|0|174|354
KADT|3|21|2400|100|GRS|0|41|221
KADU|14|32|3640|60|CON|1|148|328
KADW|01L|19R|9300|200|CON|1|0|180
KADW|01R|19L|9755|150|PEM|1|0|180
KAEG|17|35|5999|100|ASP|1|180|0
KAEG|4|22|7400|100|ASP|1|46|226
KAEJ|15|33|8300|75|ASP|1|162|342
KAEL|17|35|5000|100|ASP|1|168|348
KAEL|5|23|2899|75|ASP|0|47|227
KAEX|14|32|9352|150|CON|1|144|324
KAFF|16C|34C|4500|75|ASP|0|170|350
KAFF|16L|34R|3500|75|ASP|0|171|351
KAFF|16R|34L|4500|40|ASP|0|170|350
KAFF|8|26|2153|75|ASP|0|95|275
KAFJ|9|27|5000|75|ASP|1|85|265
KAFK|15|33|4500|75|CON|1|152|332
KAFK|5|23|2550|150|GRS|0|48|228
KAFN|16|34|2982|134|ASP|1|148|328
KAFO|16|34|7023|75|ASP|1|180|0
KAFP|16|34|5498|100|ASP|1|154|334
KAFW|16L|34R|11000|150|CONC-GRVD|1|170|350
KAFW|16R|34L|11010|150|CONC-GRVD|1|170|350
KAGC|10|28|6501|150|CON|1|90|270
KAGC|13|31|3825|100|CON|1|120|300
KAGC|H1|H1|47|45|CONC-G|0|-1|-1
KAGO|18|36|5007|100|ASP|1|181|1
KAGR|5|23|8000|150|ASP|1|50|230
KAGS|17|35|8001|150|ASP|1|168|348
KAGS|8|26|6001|75|ASP|1|78|258
KAGZ|14|32|2228|150|GRS|0|145|325
KAGZ|8|26|3500|60|ASP|1|93|273
KAHC|8|26|7167|150|ASP|1|99|279
KAHH|18|36|4001|75|ASP|1|178|358
KAHN|2|20|4000|100|ASP|1|21|201
KAHN|9|27|5522|100|ASP|1|88|268
KAHQ|13|31|3290|150|GRS|1|142|322
KAHQ|2|20|4101|75|CON|1|24|204
KAIA|12|30|9202|150|ASP|1|134|314
KAIA|17|35|6311|75|ASP|0|179|359
KAIA|8|26|6200|75|ASP|1|89|269
KAIB|11|29|4000|80|GRE|0|124|304
KAIB|5|23|4600|75|ASP|1|58|238
KAID|12|30|5400|100|ASP|1|115|295
KAID|18|36|3400|75|ASP|1|180|0
KAIG|17|35|4010|75|ASP|1|164|344
KAIG|9|27|3400|75|ASP|1|83|263
KAIK|1|19|3800|75|ASPH-G|0|0|180
KAIK|7|25|5500|100|ASPH-G|0|60|240
KAIO|12|30|3911|75|ASP|1|123|303
KAIO|2|20|5000|75|CONC-E|0|22|202
KAIT|16|34|4018|75|ASP|1|164|344
KAIT|8|26|3400|150|GRS|0|88|268
KAIV|6|24|4970|80|ASP|1|62|242
KAIZ|3|21|6497|100|ASP|1|37|217
KAJG|13|31|4500|75|ASP|1|131|311
KAJG|4|22|4000|100|ASP|1|41|221
KAJO|7|25|3199|60|ASP|1|91|271
KAJR|6|24|5500|100|ASP|1|57|237
KAJZ|3|21|5598|75|ASP|1|42|222
KAKH|3|21|3769|100|ASP|1|28|208
KAKO|11|29|7000|100|ASP|1|119|299
KAKQ|2|20|4337|75|ASP|1|17|197
KAKR|7|25|6337|150|ASP|1|62|242
KALB|10|28|7200|150|ASP|1|88|268
KALB|1|19|8500|150|ASP|1|358|178
KALI|13|31|5997|100|ASP|1|134|314
KALI|17|35|4490|100|ASP|1|179|359
KALM|16|34|3512|200|GRE|0|173|353
KALM|3|21|7006|150|ASP|1|46|226
KALN|11|29|8101|150|ASP|1|113|293
KALN|17|35|6500|100|ASP|1|173|353
KALO|12|30|8400|150|ASP|1|128|308
KALO|18|36|6002|150|ASP|1|188|8
KALS|2|20|8519|100|ASP|1|32|212
KALS|6|24|3200|100|GRE|0|76|256
KALW|16|34|5948|150|PEM|0|180|0
KALW|2|20|6526|150|ASP|1|36|216
KALW|7|25|4486|150|PEM|0|90|270
KALX|18|36|5425|96|ASP|1|178|358
KAMA|13|31|7901|150|CON|1|138|318
KAMA|4|22|13502|300|CON|1|46|226
KAMG|15|33|5000|100|ASP|1|151|331
KAMN|18|36|3200|75|ASP|1|180|0
KAMN|9|27|5000|75|ASP|1|90|270
KAMT|5|23|3762|65|ASP|1|45|225
KAMW|13|31|3492|100|ASP|1|136|316
KAMW|1|19|5700|100|ASP|1|17|197
KANB|5|23|7000|150|ASP|1|48|228
KAND|17|35|4995|150|ASP|0|166|346
KAND|5|23|6002|150|ASP|1|46|226
KANE|18|36|4855|100|ASP|1|182|2
KANE|9|27|5000|75|ASP|1|92|272
KANJ|14|32|5235|100|ASP|1|136|316
KANK|6|24|7347|75|ASP|1|71|251
KANP|12|30|2500|48|ASP|1|108|288
KANQ|5|23|4540|75|ASP|1|47|227
KANW|13|31|5501|75|ASPH-F|0|134|314
KANW|17|35|6824|110|ASP|1|179|359
KANY|10|28|2200|150|GRS|0|104|284
KANY|17|35|3598|70|ASP|1|180|0
KAOC|6|24|6600|75|ASP|1|70|250
KAOH|10|28|5149|150|ASP|1|90|270
KAOO|12|30|3668|75|ASP|1|108|288
KAOO|3|21|5466|100|ASP|1|16|196
KAOV|13|31|3634|50|ASP|1|137|317
KAPA|10|28|4800|75|ASP|1|111|291
KAPA|17L|35R|10001|100|ASP|1|178|358
KAPA|17R|35L|7001|75|ASP|1|178|358
KAPC|18L|36R|2510|75|ASP|0|201|21
KAPC|18R|36L|5931|150|ASP|1|201|21
KAPC|6|24|5007|150|CON|1|77|257
KAPF|14|32|5000|100|ASP|1|134|314
KAPF|5|23|6600|150|ASP|1|44|224
KAPF|NE|SW|1850|100|TURF|0|44|224
KAPG|17|35|5004|149|ASP|0|161|341
KAPG|4|22|7997|200|ASP|1|28|208
KAPG|8|26|4849|149|ASP|0|71|251
KAPH|5|23|2201|100|GRS|0|42|222
KAPN|1|19|9001|150|CON|1|0|180
KAPN|7|25|5031|100|CON|1|60|240
KAPT|4|22|3500|75|ASP|1|38|218
KAPV|18|36|6498|150|ASP|1|196|16
KAPV|8|26|4099|60|ASP|1|90|270
KAPY|12|30|5000|60|ASP|1|129|309
KAQO|13|31|3240|150|GRS|0|138|318
KAQO|17|35|4202|75|ASP|1|179|359
KAQP|13|31|3500|75|ASP|1|136|316
KAQP|4|22|2725|157|GRS|0|44|224
KAQR|18|36|3015|40|ASP|1|181|1
KAQW|11|29|4300|100|ASP|1|109|289
KAQX|17|35|5005|75|ASP|1|162|342
KARA|16W|34W|5000|150|WATER|0|160|340
KARA|16|34|8002|200|CON|1|168|348
KARB|6|24|3505|75|CON|1|55|235
KARG|13|31|5003|150|CON|0|135|315
KARG|18|36|5001|150|CON|1|180|0
KARG|4|22|6001|150|CON|1|45|225
KARM|14|32|5004|75|ASP|1|151|331
KARR|15|33|5502|100|CON|1|147|327
KARR|18|36|3199|75|ASP|1|180|0
KARR|9|27|6501|100|CON|1|89|269
KART|10|28|5000|150|ASP|1|93|273
KART|7|25|5000|150|ASP|1|53|233
KARV|10|28|3602|75|ASP|1|101|281
KARV|18|36|5150|100|ASP|1|179|359
KARW|7|25|3434|75|ASP|1|60|240
KASD|18|36|5002|100|ASP|1|180|0
KASE|15|33|8006|100|ASP|1|160|340
KASG|18|36|5302|75|ASP|1|187|7
KASH|14|32|5501|100|ASP|1|123|303
KASJ|1|19|4502|75|ASP|1|1|181
KASL|15|33|5000|100|ASP|1|157|337
KASL|1|19|3298|60|ASP|0|22|202
KASN|3|21|6001|100|ASP|1|35|215
KAST|13|31|4996|100|ASP|1|154|334
KAST|8|26|5796|100|ASP|1|95|275
KASW|18|36|4020|75|ASP|1|179|359
KASW|9|27|6000|100|ASP|1|89|269
KASX|13|31|3498|75|ASP|1|131|311
KASX|2|20|5199|100|ASP|1|21|201
KASY|14|32|4300|60|ASP|1|151|331
KASY|8|26|2825|150|GRS|0|90|270
KATA|5|23|3800|60|ASP|1|52|232
KATL|08L|26R|9000|150|CON|1|90|270
KATL|08R|26L|10000|150|CON|1|90|270
KATL|09L|27R|11890|150|CON|1|90|270
KATL|09R|27L|9001|150|CON|1|90|270
KATL|10|28|9000|150|CON|1|90|270
KATS|12|30|5390|150|ASP|1|135|315
KATS|3|21|6301|150|ASP|1|45|225
KATW|11|29|6501|150|CON|1|116|296
KATW|3|21|8002|150|CON|1|26|206
KATY|12|30|6900|150|ASP|1|125|305
KATY|17|35|6895|150|ASP|1|180|0
KAUG|17|35|5001|150|ASP|1|153|333
KAUG|8|26|2703|75|ASP|1|62|242
KAUH|16|34|4301|75|ASP|1|169|349
KAUM|17|35|5800|100|CONC-G|0|172|352
KAUN|7|25|3700|75|ASP|1|84|264
KAUO|11|29|4000|75|ASP|1|107|287
KAUO|18|36|5264|100|ASP|1|181|1
KAUS|18L|36R|9000|150|CON|1|179|359
KAUS|18R|36L|12248|150|CON|1|179|359
KAUW|12W|30W|8000|300|WATER|0|120|300
KAUW|12|30|4950|100|ASP|1|125|305
KAUW|4|22|3085|100|ASP|1|43|223
KAVC|1|19|5002|75|ASP|1|358|178
KAVK|18|36|5001|75|ASP|1|180|0
KAVK|8|26|1850|170|GRE|0|90|270
KAVL|17|35|8001|150|ASP|1|160|340
KAVO|4|22|5364|100|ASP|1|45|225
KAVO|9|27|3825|75|ASP|0|90|270
KAVP|10|28|4300|150|ASP|1|92|272
KAVP|4|22|7501|150|ASP|1|33|213
KAVQ|12|30|6901|100|ASP|1|136|316
KAVQ|3|21|3893|75|ASP|1|46|226
KAVX|4|22|3000|60|ASP|1|54|234
KAWG|13|31|3401|50|CON|1|135|315
KAWG|18|36|4000|75|CON|1|183|3
KAWM|17|35|6003|100|CON|1|180|0
KAWO|11|29|3500|75|ASP|1|127|307
KAWO|16|34|5333|100|ASP|1|179|359
KAXA|12|30|3960|75|CON|1|132|312
KAXA|18|36|2880|160|GRS|0|188|8
KAXH|9|27|5003|100|ASP|1|94|274
KAXN|13|31|5100|100|ASP|1|139|319
KAXN|4|22|4099|75|ASP|1|49|229
KAXQ|6|24|4100|75|ASP|1|45|225
KAXS|17|35|5501|75|CON|1|180|0
KAXV|8|26|5001|100|ASP|1|77|257
KAXX|17|35|8900|100|ASP|1|182|2
KAYS|13|31|3528|100|ASP|0|128|308
KAYS|18|36|6000|150|ASP|1|179|359
KAYS|5|23|5035|100|ASP|0|42|222
KAYX|3|21|6000|150|ASP|1|30|210
KAZC|11|29|6300|75|ASP|1|122|302
KAZC|2|20|5099|60|ASPH-G|0|28|208
KAZE|14|32|4508|75|ASP|1|141|321
KAZO|17|35|6500|150|ASP|1|171|351
KAZO|5|23|3436|100|ASP|1|45|225
KAZO|9|27|2800|60|ASP|1|90|270
KBAB|15|33|12000|300|CON|1|161|341
KBAD|15|33|11756|300|PEM|1|151|331
KBAF|15|33|5000|100|ASP|1|140|320
KBAF|2|20|9000|150|ASP|1|10|190
KBAK|14|32|5000|100|ASP|1|135|315
KBAK|5|23|6400|150|ASP|1|45|225
KBAM|12|30|7300|100|ASP|1|139|319
KBAM|3|21|7299|150|ASP|1|49|229
KBAX|17|35|5000|75|ASP|1|165|345
KBAX|4|22|3496|75|ASP|1|28|208
KBAZ|13|31|5352|100|ASP|1|136|316
KBAZ|17|35|5364|100|ASP|1|181|1
KBBB|14|32|4000|75|ASP|1|144|324
KBBD|17|35|4604|75|ASP|1|180|0
KBBG|14|32|7140|150|CONC-G|1|145|325
KBBP|6|24|5000|75|ASP|1|57|237
KBBW|14|32|4203|75|CON|1|149|329
KBCB|13|31|5501|100|ASP|1|117|297
KBCE|3|21|7395|75|ASP|1|46|226
KBCK|8|26|4600|75|ASP|1|80|260
KBCT|5|23|6276|150|ASP|1|44|224
KBDE|12|30|5499|100|ASP|1|121|301
KBDE|13W|31W|6000|1200|WATER|0|130|310
KBDG|17|35|5781|75|ASP|1|180|0
KBDH|13|31|5500|100|ASPH-G|1|130|310
KBDH|3|21|2980|250|TURF-P|0|35|215
KBDJ|16|34|2540|160|TURF-F|0|160|340
KBDJ|5|23|3170|165|TURF-F|0|50|230
KBDL|15|33|6847|150|ASP|1|135|315
KBDL|6|24|9510|200|ASP|1|44|224
KBDN|16|34|5200|75|ASPH-E|0|180|0
KBDQ|9|27|4000|50|ASP|1|90|270
KBDR|11|29|4761|150|ASP|1|98|278
KBDR|6|24|4677|150|ASP|1|45|225
KBDU|08G|26G|4100|20|ASPH-TURF-F|0|80|260
KBDU|8|26|4100|75|ASPH-G|0|80|260
KBEA|12|30|4551|75|ASP|1|131|311
KBEA|18|36|2530|60|GRS|0|189|9
KBEC|18|36|8000|100|CON|1|191|11
KBED|11|29|7001|150|ASP|1|98|278
KBED|5|23|5106|150|ASP|1|37|217
KBEH|13|31|3662|100|ASP|1|132|312
KBEH|18|36|2498|100|ASP|1|180|0
KBEH|9|27|5109|100|ASP|1|90|270
KBFA|17|35|5200|60|ASP|1|169|349
KBFD|14|32|6309|150|ASP|1|134|314
KBFD|5|23|4500|100|ASP|1|44|224
KBFE|13|31|2765|75|ASP|0|135|315
KBFE|2|20|5217|75|ASP|1|26|206
KBFF|12|30|8279|150|ASP|1|136|316
KBFF|5|23|8001|150|ASP|1|68|248
KBFI|14L|32R|3709|100|ASP|1|140|320
KBFI|14R|32L|10007|200|ASP|1|140|320
KBFK|17|35|4000|60|ASP|1|180|0
KBFL|12L|30R|10857|150|ASP|1|135|316
KBFL|12R|30L|3700|75|ASP|1|136|316
KBFM|14|32|9618|150|PEM|1|139|319
KBFM|18|36|7800|150|PEM|1|180|0
KBFR|13|31|4501|100|ASP|1|129|309
KBFR|6|24|3089|70|ASP|0|58|238
KBGD|17|35|6300|100|ASP|1|178|358
KBGD|3|21|3898|50|ASP|1|40|220
KBGE|14|32|5003|100|ASP|0|139|319
KBGE|9|27|5502|150|ASP|1|90|270
KBGF|18|36|5003|75|ASP|1|182|2
KBGM|10|28|5002|150|ASP|1|87|267
KBGM|16|34|7100|150|ASP|1|148|328
KBGR|15|33|11440|200|ASP|1|134|314
KBHB|17|35|3364|75|ASP|0|151|331
KBHB|4|22|5200|100|ASP|1|24|204
KBHC|8|26|5003|75|ASP|1|75|255
KBHK|13|31|4898|75|ASP|1|138|318
KBHM|18|36|7100|150|ASP|1|180|0
KBHM|6|24|10000|150|ASP|1|55|235
KBID|10|28|2502|100|ASPH-E|0|84|264
KBIE|13|31|4401|100|ASP|1|143|323
KBIE|17|35|5602|100|PEM|1|180|0
KBIF|4|22|13554|150|PEM|1|44|224
KBIH|12|30|7498|100|ASP|1|136|316
KBIH|16|34|5600|100|ASP|1|181|1
KBIH|7|25|5566|100|ASP|1|90|270
KBIJ|5|23|5500|100|ASP|1|50|230
KBIL|10L|28R|10518|150|ASP|1|112|292
KBIL|10R|28L|3801|75|ASP|1|112|292
KBIL|7|25|5501|75|ASP|1|84|264
KBIS|13|31|8794|150|ASP|1|138|318
KBIS|3|21|6600|100|ASP|1|39|219
KBIV|8|26|6264|100|ASP|1|80|260
KBIX|3|21|7630|150|PEM|1|35|215
KBJC|12L|30R|9000|100|ASP|1|124|304
KBJC|12R|30L|7004|75|ASP|1|124|304
KBJC|3|21|3601|75|ASP|1|34|214
KBJI|13|31|6598|150|ASP|1|134|314
KBJI|7|25|5699|150|ASP|1|74|254
KBJJ|10|28|5191|100|ASP|1|90|270
KBKD|13|31|2400|50|ASP|0|135|315
KBKD|17|35|4998|100|ASP|1|180|0
KBKD|4|22|2399|50|ASP|0|45|225
KBKE|13|31|5095|100|ASP|1|142|322
KBKE|17|35|4359|75|ASP|0|181|1
KBKE|8|26|3999|140|ASP|0|97|277
KBKF|14|32|11000|150|PEM|1|151|331
KBKL|06L|24R|6604|150|ASP|1|58|238
KBKL|06R|24L|5197|100|ASP|1|58|238
KBKN|17|35|3500|60|ASP|1|180|0
KBKS|14|32|3071|40|ASP|0|150|330
KBKS|17|35|5002|75|ASP|1|180|0
KBKT|1|19|4032|75|CON|1|1|181
KBKT|4|22|4632|150|CON|1|34|214
KBKV|3|21|5015|150|CON|1|26|206
KBKV|9|27|7001|150|CON|1|90|270
KBKW|10|28|5000|100|ASP|1|94|274
KBKW|1|19|6750|150|ASP|1|8|188
KBKX|12|30|5231|100|ASP|1|129|309
KBKX|17|35|3599|60|ASP|1|177|357
KBLF|5|23|4742|100|ASP|1|42|222
KBLH|17|35|5800|100|ASP|1|180|0
KBLH|8|26|6543|150|ASP|1|90|270
KBLI|16|34|6701|150|ASP|1|180|0
KBLM|14|32|7300|80|ASP|1|132|312
KBLM|3|21|3707|50|ASP|0|22|202
KBLU|15|33|3300|50|ASP|1|168|348
KBLV|14L|32R|10000|150|CON|1|137|317
KBLV|14R|32L|8001|150|PEM|1|136|316
KBMC|17|35|8900|100|ASP|1|180|0
KBMG|17|35|6500|150|ASP|1|171|351
KBMG|6|24|3798|100|ASP|1|62|242
KBMI|11|29|6525|150|PEM|1|108|288
KBMI|2|20|8000|150|CON|1|18|198
KBML|18|36|5200|100|ASP|1|164|344
KBMQ|1|19|5000|75|ASP|1|16|196
KBMT|13|31|4000|75|ASP|1|132|312
KBMT|16|34|2300|100|GRS|0|169|349
KBNA|02C|20C|8001|150|CON|1|18|198
KBNA|02L|20R|7703|150|CON|1|18|198
KBNA|02R|20L|8000|150|CON|1|18|198
KBNA|13|31|11030|150|ASP|1|133|313
KBNG|8|26|5200|150|ASP|1|91|271
KBNL|17|35|5119|100|ASP|1|160|340
KBNL|5|23|5255|70|ASP|0|45|225
KBNO|12|30|5100|75|ASP|1|135|315
KBNO|3|21|4600|60|CON|1|48|228
KBNW|15|33|4807|75|PEM|1|149|329
KBNW|2|20|3298|290|GRE|0|25|205
KBOI|10L|28R|10000|150|ASP|1|115|295
KBOI|10R|28L|9763|150|ASP|1|115|295
KBOK|12|30|2900|60|ASPH-G|1|120|316
KBOS|04L|22R|7861|150|ASP|1|20|200
KBOS|04R|22L|10005|150|ASP|1|20|200
KBOS|14|32|5000|100|ASPH-G|0|125|305
KBOS|15L|33R|2557|100|ASP|1|135|315
KBOS|15R|33L|10083|150|ASP|1|135|315
KBOS|9|27|7000|150|ASP|1|77|257
KBOW|09L|27R|5001|150|ASP|1|87|267
KBOW|09R|27L|4400|150|ASP|0|87|267
KBOW|5|23|5000|100|ASP|1|46|226
KBPG|17|35|8802|100|PEM|1|182|2
KBPG|6|24|4601|75|ASP|1|67|247
KBPI|13|31|6803|75|ASP|1|148|328
KBPK|5|23|5001|75|ASP|1|52|232
KBPT|12|30|6750|150|CON|1|121|301
KBPT|16|34|5070|150|PEM|1|166|346
KBQK|7|25|8001|150|PEM|1|65|245
KBQP|16|34|4000|100|ASP|1|164|344
KBQR|9|27|3200|75|ASP|1|78|258
KBRD|12|30|4080|75|ASP|1|126|306
KBRD|16|34|6500|150|CONC-E|0|163|343
KBRD|5|23|6500|150|ASP|1|53|234
KBRL|12|30|5350|100|CON|1|120|300
KBRL|18|36|6702|150|PEM|1|180|0
KBRO|13|31|7400|150|ASP|1|135|315
KBRO|18|36|6000|150|ASP|1|182|2
KBRY|2|20|5003|75|ASP|1|22|202
KBST|15|33|4000|100|ASP|1|134|314
KBTA|13|31|4200|100|CON|1|137|317
KBTF|16|34|4700|70|ASP|1|180|0
KBTL|13|31|4835|100|ASP|1|126|306
KBTL|5|23|10003|150|ASP|1|43|223
KBTM|11|29|5100|75|ASP|1|129|309
KBTM|15|33|9001|150|ASP|1|167|347
KBTN|13|31|4200|75|ASP|1|135|315
KBTN|1|19|2300|120|GRS|0|26|206
KBTP|8|26|4801|100|ASP|1|72|252
KBTR|04L|22R|6900|150|CON|1|43|223
KBTR|04R|22L|3799|75|ASP|1|43|223
KBTR|13|31|7004|150|ASP|1|133|313
KBTV|15|33|8320|150|ASP|1|131|311
KBTV|1|19|3611|75|ASP|1|351|171
KBTY|16|34|5600|60|ASP|1|178|358
KBUB|15|33|3212|50|ASP|1|159|339
KBUF|14|32|7161|150|ASP|1|127|307
KBUF|5|23|8102|150|ASP|1|44|224
KBUM|18|36|4000|75|ASP|1|182|2
KBUR|15|33|6886|150|ASP|1|167|347
KBUR|8|26|5801|150|ASP|1|91|271
KBUU|11|29|4300|75|ASP|1|109|289
KBUU|1|19|2477|130|GRS|0|12|192
KBUY|6|24|5000|100|ASP|1|52|232
KBVI|10|28|4501|100|ASP|1|94|274
KBVN|15|33|3700|60|CON|1|154|334
KBVO|17|35|6200|100|PEM|1|179|359
KBVS|11|29|5477|100|ASP|1|126|306
KBVS|4|22|3000|60|ASP|1|56|236
KBVX|18|36|3078|60|ASP|0|181|1
KBVX|8|26|6002|150|ASP|1|80|260
KBVY|16|34|4634|100|ASP|1|141|321
KBVY|9|27|5001|150|ASP|1|74|254
KBWC|8|26|4402|60|ASP|1|90|270
KBWD|13|31|4596|100|ASP|1|134|314
KBWD|17|35|5599|150|ASP|1|179|359
KBWG|12|30|3955|150|ASP|1|120|300
KBWG|3|21|6500|150|ASP|1|30|210
KBWI|10|28|10502|200|ASP|1|94|274
KBWI|15L|33R|5000|100|ASP|1|144|324
KBWI|15R|33L|9501|150|ASP|1|144|324
KBWP|15|33|5100|75|ASP|1|157|337
KBWP|3|21|3280|150|GRS|0|38|218
KBXA|18|36|3799|100|ASP|1|183|3
KBXG|8|26|4035|75|ASP|1|71|251
KBXK|17|35|5500|75|ASP|1|182|2
KBXM|01R|19L|8000|200|ASP|1|355|175
KBYG|13|31|6143|75|ASP|1|138|318
KBYH|18|36|11602|150|PEM|1|180|0
KBYI|2|20|4094|80|ASP|1|37|217
KBYI|6|24|4067|75|ASP|1|79|259
KBYS|13|31|5800|175|GRE|0|140|320
KBYS|4|22|9500|175|GRE|1|52|232
KBYY|13|31|5107|75|ASP|1|134|314
KBZN|11|29|3197|80|GRS|0|136|316
KBZN|12|30|9003|150|ASP|1|136|316
KBZN|3|21|2650|75|ASP|0|46|226
KC73|12|30|2803|75|ASP|1|121|301
KC73|8|26|3899|75|ASP|1|80|260
KCAD|18|36|2005|150|GRS|0|179|359
KCAD|7|25|5000|100|ASP|1|66|246
KCAE|11|29|8601|150|ASP|1|105|285
KCAE|5|23|8001|150|PEM|1|45|225
KCAG|7|25|5600|100|ASP|1|83|263
KCAK|1|19|7601|150|ASP|1|2|182
KCAK|5|23|7597|150|ASP|1|47|227
KCAO|12|30|4100|60|ASP|1|130|310
KCAO|2|20|6300|75|ASP|1|30|210
KCAR|11|29|3017|75|ASP|1|86|266
KCAR|1|19|4003|100|ASP|1|347|167
KCAV|14|32|3515|60|CON|1|146|326
KCBE|11|29|2442|150|ASP|1|97|277
KCBE|5|23|5048|150|ASP|1|39|219
KCBF|14|32|3650|60|CON|1|141|321
KCBF|18|36|5500|100|CON|1|182|2
KCBG|16|34|4000|75|ASP|1|163|343
KCBK|12|30|2660|90|GRS|0|136|316
KCBK|17|35|5109|75|CON|1|180|0
KCBK|4|22|2600|80|GRS|0|46|226
KCBM|13C|31C|12000|300|PEM|1|134|314
KCBM|13L|31R|8000|150|PEM|1|135|315
KCBM|13R|31L|6300|175|CON|1|134|314
KCCA|13|31|4012|50|ASPH-G|0|132|312
KCCB|6|24|3864|75|ASP|1|69|249
KCCO|15|33|5500|100|ASP|1|142|322
KCCR|01L|19R|5001|150|PEM|1|24|204
KCCR|01R|19L|2770|75|ASP|1|24|204
KCCR|14L|32R|4602|150|PEM|1|154|334
KCCR|14R|32L|2799|75|ASP|0|154|334
KCCY|12|30|4001|75|CON|1|125|305
KCCY|17|35|1780|170|GRS|0|180|0
KCCY|4|22|2536|160|GRS|0|45|225
KCDA|2|20|3300|60|ASP|1|8|188
KCDC|2|20|8653|150|ASP|1|34|214
KCDC|8|26|4822|60|ASP|1|97|277
KCDH|18|36|6501|100|ASP|1|188|8
KCDI|4|22|4298|75|ASP|1|33|213
KCDK|5|23|2355|100|ASPH-F|1|50|270
KCDN|14|32|2998|100|ASP|0|135|315
KCDN|6|24|5000|100|ASP|1|52|232
KCDR|11|29|4401|75|CON|1|125|305
KCDR|2|20|6001|100|CON|1|35|215
KCDS|17|35|5949|75|ASP|1|182|2
KCDS|4|22|4425|60|ASP|0|47|227
KCDW|10|28|3721|75|ASPH-G|0|83|263
KCDW|4|22|4553|80|ASP|1|30|210
KCEA|17|35|3873|40|ASP|0|180|0
KCEC|11|29|5002|150|ASP|1|133|313
KCEC|17|35|5002|150|ASP|1|193|13
KCEF|15|33|7082|150|ASP|1|134|314
KCEF|5|23|11597|301|ASP|1|34|214
KCEK|13|31|3370|150|GRS|0|134|314
KCEK|17|35|4202|75|CON|1|180|0
KCEU|7|25|5000|100|ASP|1|68|248
KCEV|18|36|6500|100|ASP|1|179|359
KCEV|4|22|2833|100|GRS|0|36|216
KCEW|17|35|8005|150|ASP|1|171|351
KCEY|5|23|6200|100|ASP|1|50|230
KCEZ|3|21|7205|100|ASP|1|42|222
KCFD|15|33|4000|75|ASPH-G|1|152|332
KCFD|17|35|1330|40|GRS|0|180|0
KCFE|18|36|3200|75|ASPH-G|1|181|1
KCFJ|4|22|4500|75|ASP|1|43|223
KCFS|12|30|2300|110|GRS|0|120|300
KCFS|5|23|4300|75|ASP|1|52|232
KCFT|7|25|4970|75|ASP|1|82|262
KCFV|17|35|5872|100|ASP|1|180|0
KCFV|4|22|4000|75|ASP|0|44|224
KCGC|18|36|3020|100|GRS|0|180|0
KCGC|9|27|4555|75|ASP|1|91|271
KCGE|16|34|4476|75|ASP|1|144|324
KCGF|6|24|5502|100|ASP|1|50|230
KCGI|10|28|6499|150|CON|1|106|286
KCGI|2|20|3996|100|PEM|1|21|201
KCGS|15|33|2980|60|ASP|1|138|318
KCGZ|5|23|5200|100|ASP|1|60|240
KCHA|15|33|5000|150|ASP|1|146|326
KCHA|2|20|7400|150|ASP|1|17|197
KCHD|04L|22R|4401|75|ASP|1|50|230
KCHD|04R|22L|4870|75|ASP|1|50|230
KCHK|17|35|5100|100|CON|1|180|0
KCHK|18|36|2840|145|GRS|0|180|0
KCHK|2|20|2525|100|TURF-G|0|33|213
KCHN|18|36|4000|75|ASP|1|180|0
KCHO|3|21|6001|150|ASP|1|22|202
KCHQ|18|36|3196|60|ASP|1|180|0
KCHS|15|33|9001|200|CON|1|147|327
KCHS|3|21|7004|150|ASP|1|24|204
KCHT|14|32|3900|74|ASP|1|143|323
KCHT|2|20|3614|110|GRE|0|26|206
KCHU|13|31|3499|77|ASP|1|135|315
KCIC|13L|31R|6724|150|ASP|1|147|327
KCIC|13R|31L|3005|60|ASP|0|148|328
KCID|13|31|6200|150|PER|1|136|316
KCID|9|27|8601|150|PER|1|91|271
KCII|14|32|5000|75|ASP|1|160|340
KCII|5|23|3700|60|ASP|1|67|247
KCIN|13|31|5500|100|CON|1|137|317
KCIN|3|21|2620|125|GRS|0|35|215
KCIR|14|32|4003|100|ASP|1|141|321
KCIR|2|20|3201|60|ASP|1|21|201
KCIU|16|34|7201|200|CON|1|150|330
KCIU|9|27|5000|75|ASP|1|90|270
KCJR|4|22|5000|100|ASP|1|28|208
KCKA|17|35|7946|150|CON|0|182|2
KCKB|3|21|7800|150|ASP|1|23|203
KCKC|10|28|5002|100|ASP|1|95|275
KCKF|10|28|5001|150|ASP|1|97|277
KCKF|5|23|5006|100|ASP|0|50|230
KCKI|14|32|5000|75|ASP|1|132|312
KCKM|18|36|5404|100|ASP|1|183|3
KCKN|13|31|4300|75|ASP|1|133|313
KCKN|17|35|2978|202|GRS|0|181|1
KCKN|6|24|2089|202|GRS|0|71|251
KCKP|18|36|4000|75|CON|1|183|3
KCKP|1|19|1980|100|GRS|0|11|191
KCKV|17|35|6000|100|ASP|1|166|346
KCKV|5|23|4004|100|ASP|0|52|232
KCKZ|8|26|4215|100|ASP|1|70|250
KCLE|06L|24R|9000|150|CON|1|50|230
KCLE|06R|24L|9953|150|CON|1|50|230
KCLE|10|28|6018|150|PEM|1|93|273
KCLI|14|32|4600|75|ASP|1|137|317
KCLI|4|22|3299|100|ASP|1|43|223
KCLI|9|27|2000|170|GRS|0|88|268
KCLK|13|31|1416|245|GRS|0|136|316
KCLK|17|35|4300|75|ASP|1|179|359
KCLL|11|29|5159|150|ASP|1|109|289
KCLL|17|35|7000|150|PEM|1|169|349
KCLM|13|31|3245|50|ASP|1|148|328
KCLM|8|26|6347|150|ASP|1|105|285
KCLR|8|26|3423|50|ASP|0|91|271
KCLS|16|34|5000|150|CON|1|178|358
KCLT|18C|36C|10000|150|CONC-F|0|176|356
KCLT|18L|36R|8676|150|PEM|1|176|356
KCLT|18R|36L|10000|150|CON|1|176|356
KCLW|16|34|3300|75|ASP|1|155|335
KCMA|8|26|6013|150|PEM|1|91|271
KCMD|2|20|5500|100|ASP|1|17|197
KCMH|10L|28R|8000|150|ASP|1|94|274
KCMH|10R|28L|10125|150|ASP|1|94|274
KCMI|14L|32R|8100|150|CON|1|136|316
KCMI|14R|32L|3817|75|ASP|1|60|240
KCMI|18|36|5299|150|CON|1|179|359
KCMR|18|36|5992|100|ASP|1|192|12
KCMX|13|31|6501|150|ASP|1|131|311
KCMX|7|25|5196|100|ASP|1|67|247
KCMY|11|29|4708|100|ASP|1|112|292
KCMY|1|19|4295|50|ASP|1|15|195
KCNB|12|30|4650|75|ASP|1|121|301
KCNC|10|28|4000|75|CON|1|102|282
KCNC|17|35|2800|75|CON|1|180|0
KCNH|11|29|3100|100|ASP|1|93|273
KCNK|12|30|2205|300|GRS|0|132|312
KCNK|17|35|3600|60|ASP|1|180|0
KCNK|3|21|1665|260|GRS|0|38|218
KCNM|14L|32R|4615|150|ASP|0|156|336
KCNM|14R|32L|5839|100|ASP|1|154|334
KCNM|3|21|7854|150|ASP|1|44|224
KCNM|8|26|5333|75|ASP|1|90|270
KCNO|08L|26R|4858|150|ASP|1|89|269
KCNO|08R|26L|7000|150|ASP|1|89|269
KCNO|3|21|6023|150|ASP|1|44|224
KCNP|12|30|4000|55|ASP|1|130|310
KCNU|18|36|4255|75|ASP|1|187|7
KCNU|8|26|2200|135|GRS|0|90|270
KCNW|17L|35R|8600|150|ASP|1|178|358
KCNW|17R|35L|6292|150|CON|0|178|358
KCNY|3|21|7100|75|ASP|1|40|220
KCOD|4|22|8268|100|ASP|1|52|232
KCOE|2|20|5400|75|ASP|1|32|212
KCOE|6|24|7400|100|ASP|1|70|250
KCOF|11|29|4000|200|ASP|1|106|286
KCOF|3|21|9023|200|ASP|1|20|200
KCOI|11|29|3601|75|ASP|1|109|289
KCOM|15|33|4503|75|ASP|1|155|335
KCON|12|30|3200|75|ASP|1|105|285
KCON|17|35|6005|100|ASP|1|155|335
KCOQ|17|35|4003|75|ASP|1|179|359
KCOQ|7|25|3100|75|ASP|1|73|253
KCOS|12|30|8269|150|ASP|1|135|315
KCOS|17L|35R|13501|150|CON|1|180|350
KCOS|17R|35L|11022|150|ASP|1|180|0
KCOT|13|31|5005|75|ASP|1|134|314
KCOU|13|31|5500|100|Concrete|1|135|315
KCOU|2|20|6501|150|CON|1|21|201
KCPC|6|24|5500|75|ASP|1|42|222
KCPK|5|23|5500|100|ASP|1|37|217
KCPM|07L|25R|3322|60|ASP|0|90|270
KCPM|07R|25L|3322|60|ASP|1|90|270
KCPR|17|35|7696|60|ASP|0|179|359
KCPR|3|21|10164|150|ASP|1|44|224
KCPS|12L|30R|3800|75|CON|1|122|302
KCPS|12R|30L|6997|100|ASP|1|122|302
KCPS|5|23|2799|75|ASPH-F|0|47|227
KCPT|15|33|5700|100|ASP|1|159|339
KCPU|13|31|3603|60|ASP|1|146|326
KCQA|8|26|3795|75|ASP|1|83|263
KCQB|17|35|4000|60|ASP|1|180|0
KCQM|13|31|3200|75|ASP|1|137|317
KCQM|7|25|1570|120|TURF-F|0|67|247
KCQW|8|26|5000|75|ASP|1|70|250
KCQX|6|24|3001|100|ASP|1|44|224
KCRE|5|23|5996|100|ASP|1|46|226
KCRG|14|32|3998|100|ASP|1|135|315
KCRG|5|23|4004|100|ASP|1|45|225
KCRP|13|31|7508|150|ASP|1|136|316
KCRP|17|35|6080|150|ASP|1|179|359
KCRQ|6|24|4897|150|ASP|1|79|259
KCRS|14|32|5004|75|ASP|1|145|325
KCRS|2|20|3200|75|GRS|0|22|202
KCRT|5|23|5009|75|ASP|1|52|232
KCRW|5|23|6715|150|ASP|1|47|227
KCRX|18|36|6500|100|ASPH-G|0|174|354
KCRZ|18|36|2684|50|CON|1|181|1
KCSB|14|32|4099|60|ASP|1|155|335
KCSG|13|31|3997|150|ASP|1|127|307
KCSG|6|24|6997|150|ASP|1|54|234
KCSM|17L|35R|5193|75|CON|0|180|0
KCSM|17R|35L|13503|150|CON|1|180|0
KCSQ|16|34|4901|75|ASP|1|165|345
KCSQ|4|22|1692|100|GRS|0|45|225
KCSV|8|26|5418|100|ASP|1|74|254
KCTB|13|31|5300|75|ASP|1|152|332
KCTB|5|23|5299|75|ASP|1|64|244
KCTJ|17|35|5652|100|ASP|1|164|344
KCTK|18|36|3899|75|ASP|1|181|1
KCTK|9|27|3295|60|ASP|1|90|270
KCTY|13|31|5001|100|ASP|1|134|314
KCTY|4|22|5005|75|ASP|1|44|224
KCTZ|6|24|4220|75|ASP|1|51|231
KCUB|13|31|5002|75|ASP|1|127|307
KCUH|11|29|2500|75|GRE|0|122|302
KCUH|18|36|5201|100|CON|1|180|0
KCUH|2|20|2860|80|GRE|0|28|208
KCUH|8|26|2700|55|GRE|0|90|270
KCUL|18|36|4001|75|ASP|1|180|0
KCUT|8|26|5500|60|ASP|1|84|264
KCVB|16|34|5001|75|ASP|1|161|341
KCVG|18C|36C|11000|150|PEM|1|180|0
KCVG|18L|36R|10000|150|CON|1|180|0
KCVG|18R|36L|8000|150|CON|1|180|0
KCVG|9|27|12000|150|PEM|1|90|270
KCVH|13|31|6350|100|ASPH-G|1|142|322
KCVH|6|24|3150|100|ASPH-G|1|72|252
KCVK|4|22|5156|75|ASP|1|41|221
KCVN|12|30|5697|150|ASP|1|130|310
KCVN|4|22|6200|150|ASP|1|46|226
KCVN|8|26|2442|75|GRE|0|90|270
KCVO|10|28|3245|75|ASP|1|112|292
KCVO|18|36|5900|150|ASP|1|187|7
KCVS|13|31|8200|150|PEM|1|135|315
KCVS|4|22|10000|150|CON|1|45|225
KCVX|4|22|1280|200|GRS|0|46|226
KCVX|9|27|4550|75|ASP|1|85|265
KCWA|17|35|6501|150|CON|1|170|350
KCWA|8|26|7645|150|CON|1|77|257
KCWC|17|35|4450|75|ASP|1|180|0
KCWF|15|33|10701|200|CON|1|155|335
KCWI|14|32|3700|100|ASP|1|144|324
KCWI|3|21|5204|100|ASP|1|30|210
KCWV|9|27|5002|75|ASP|1|89|269
KCXE|18|36|3400|50|ASP|1|175|355
KCXL|8|26|4679|75|ASP|1|91|271
KCXO|14|32|6000|150|ASP|1|146|326
KCXO|1|19|3974|100|ASP|1|17|197
KCXP|9|27|5906|75|ASP|1|107|287
KCXU|8|26|5004|100|ASP|1|79|259
KCXW|4|22|5500|100|concrete|1|40|220
KCXY|12|30|3925|100|ASP|1|117|297
KCXY|8|26|5001|150|ASP|1|71|251
KCYO|1|19|4351|75|ASP|1|3|183
KCYS|13|31|6691|150|ASP|1|135|315
KCYS|9|27|9267|150|CON|1|95|275
KCYW|17|35|4199|75|ASP|1|181|1
KCZD|13|31|4201|75|CON|1|138|318
KCZD|18|36|3000|300|GRE|0|190|10
KCZG|3|21|3900|75|ASP|1|24|204
KCZK|6|24|1800|30|ASPH-G|0|60|309
KCZL|17|35|6000|75|ASP|1|168|348
KCZT|13|31|4997|75|ASP|1|134|314
KD07|13|31|4200|60|ASP|1|144|324
KDAA|14|32|5618|75|ASP|1|133|313
KDAB|07L|25R|10500|150|ASP|1|65|245
KDAB|07R|25L|3195|100|ASP|1|65|245
KDAB|16|34|6001|150|ASP|1|157|337
KDAF|18|36|2700|60|ASPH-F|0|179|359
KDAG|4|22|5119|100|ASP|1|50|230
KDAG|8|26|6400|150|ASP|1|90|270
KDAL|13L|31R|7752|150|CON|1|136|316
KDAL|13R|31L|8800|150|CON|1|136|316
KDAN|13|31|4020|100|ASP|1|125|305
KDAN|2|20|6500|150|ASP|1|16|196
KDAW|15|33|4201|75|ASP|1|132|312
KDAY|06L|24R|10900|150|PEM|1|55|235
KDAY|06R|24L|7001|150|PEM|1|55|235
KDAY|18|36|8502|150|PEM|1|178|358
KDBN|14|32|5004|150|ASP|0|136|316
KDBN|2|20|6002|150|ASP|1|16|196
KDBQ|13|31|6502|100|CON|1|135|315
KDBQ|18|36|6327|150|CON|1|180|0
KDCA|15|33|5204|150|ASP|1|143|323
KDCA|1|19|7169|150|ASP|1|356|176
KDCA|4|22|5000|150|ASP|1|26|206
KDCM|17|35|5000|100|ASP|1|168|348
KDCM|5|23|4998|150|ASP|0|54|234
KDCU|18|36|6107|100|ASP|1|180|0
KDCY|18|36|4621|75|ASP|1|180|0
KDDC|14|32|6899|100|ASP|1|154|334
KDDC|2|20|4649|100|ASP|1|32|212
KDDH|13|31|3704|75|ASP|1|119|299
KDEC|12|30|6799|150|PEM|1|119|299
KDEC|18|36|5299|150|ASP|1|179|359
KDEC|6|24|8496|150|PEM|1|59|239
KDED|12|30|6001|100|ASP|1|117|297
KDED|5|23|4301|75|ASP|1|49|229
KDEH|11|29|4001|75|CON|1|115|295
KDEN|16L|34R|12000|150|CON|1|180|0
KDEN|16R|34L|16000|200|CON|1|180|0
KDEN|17L|35R|12000|150|CON|1|180|0
KDEN|17R|35L|12000|150|CON|1|180|0
KDEN|7|25|12000|150|CON|1|90|270
KDEN|8|26|12000|150|CON|1|90|270
KDEQ|8|26|5000|75|ASP|1|83|263
KDET|15|33|5090|100|ASP|1|143|323
KDET|7|25|4025|100|ASP|1|68|248
KDEW|16|34|6100|75|ASP|1|180|0
KDEW|4|22|3200|60|ASP|0|61|241
KDFI|12|30|4197|72|ASP|1|115|295
KDFW|13L|31R|9000|200|CON|1|135|315
KDFW|13R|31L|9301|150|CON|1|139|319
KDFW|17C|35C|13401|150|CON|1|180|0
KDFW|17L|35R|8500|150|CON|1|180|0
KDFW|17R|35L|13401|200|CON|1|180|0
KDFW|18L|36R|13400|200|CON|1|180|0
KDFW|18R|36L|13400|150|CON|1|180|0
KDGL|18|36|4095|100|GRE|0|191|11
KDGL|3|21|5760|75|ASP|1|36|216
KDGW|11|29|6532|100|ASP|1|118|298
KDGW|5|23|4760|75|ASP|1|67|247
KDHN|14|32|8498|150|ASP|1|135|315
KDHN|18|36|5000|150|ASP|1|180|0
KDHT|17|35|6400|75|ASP|1|180|0
KDHT|3|21|5669|75|ASP|1|45|225
KDIJ|3|21|7302|75|ASP|1|48|228
KDIK|14|32|6400|100|ASP|1|150|330
KDIK|7|25|4700|75|ASP|1|80|260
KDKB|2|20|7227|100|ASP|1|20|200
KDKB|9|27|4201|75|ASP|1|90|270
KDKK|15|33|4000|100|ASP|1|139|319
KDKK|6|24|5000|100|ASP|1|50|230
KDKR|2|20|4000|75|ASP|1|21|201
KDKX|8|26|3497|75|ASP|1|75|255
KDLC|7|25|3000|60|ASP|1|64|244
KDLF|13C|31C|8857|150|PEM|1|135|315
KDLF|13L|31R|8311|150|PEM|1|135|315
KDLF|13R|31L|6246|150|ASP|1|135|315
KDLH|3|21|5699|150|ASP|1|32|212
KDLH|9|27|10152|150|CON|1|92|272
KDLL|14|32|2740|100|GRS|0|135|315
KDLL|1|19|5010|100|ASP|1|9|189
KDLN|17|35|6500|75|ASPH-G|1|179|359
KDLN|4|22|3599|60|ASPH-F|1|50|230
KDLO|14|32|5650|75|ASP|1|159|339
KDLS|12|30|5097|100|ASP|1|145|325
KDLS|7|25|4647|100|ASP|0|88|268
KDLZ|10|28|5000|100|ASP|1|98|278
KDMA|12|30|13643|200|PEM|1|138|318
KDMN|4|22|5675|60|ASP|1|52|232
KDMN|8|26|6627|75|ASP|1|90|270
KDMO|18|36|5500|100|CON|1|182|2
KDMO|5|23|3520|50|ASP|0|54|234
KDMW|16|34|5100|100|ASP|1|148|328
KDNL|11|29|3738|100|ASP|1|104|284
KDNL|5|23|4002|100|ASP|1|45|225
KDNN|14|32|5498|100|ASP|1|137|317
KDNS|12|30|5000|75|CON|1|124|304
KDNS|18|36|2025|105|GRS|0|179|359
KDNS|6|24|1780|175|GRS|0|62|242
KDNV|16|34|3999|100|ASP|1|164|344
KDNV|3|21|6002|100|ASP|1|29|209
KDOV|14|32|12903|150|PEM|1|126|306
KDOV|1|19|9602|200|PEM|1|3|183
KDPA|02L|20R|7570|100|CON|1|14|194
KDPA|02R|20L|5100|100|CON|1|14|194
KDPA|10|28|4751|75|ASP|1|96|276
KDPA|15|33|3401|100|ASP|1|148|328
KDPG|12|30|7000|150|ASP|1|135|315
KDPL|5|23|6002|75|ASP|1|36|216
KDQH|4|22|6005|100|ASP|1|37|217
KDRA|2|20|7515|100|ASP|1|34|214
KDRI|14|32|4220|60|ASP|0|135|315
KDRI|18|36|5495|100|PEM|1|179|359
KDRM|18|36|2500|150|GRS|0|172|352
KDRM|8|26|4000|75|ASP|1|72|252
KDRO|3|21|9201|150|ASPH-G|0|37|217
KDRT|13|31|6300|100|ASP|1|140|320
KDSM|13|31|9001|150|ASP|1|132|312
KDSM|5|23|9003|150|ASP|1|54|234
KDSV|14|32|3365|100|ASP|1|128|308
KDSV|18|36|2443|100|ASP|1|169|349
KDTA|12|30|5935|85|ASP|0|132|312
KDTA|17|35|5500|75|ASP|1|180|0
KDTL|14|32|5201|100|ASP|1|140|320
KDTL|17|35|1880|250|GRS|0|180|0
KDTN|14|32|5018|150|ASP|1|140|320
KDTN|5|23|3200|75|ASP|1|55|235
KDTO|18L|36R|7002|150|ASP|1|181|1
KDTO|18R|36L|5003|75|Asphalt|0|180|360
KDTS|14|32|5001|100|ASP|1|142|322
KDTW|03L|21R|8501|200|PEM|1|29|209
KDTW|03R|21L|10001|150|CON|1|29|209
KDTW|04L|22R|10000|150|CON|1|29|209
KDTW|04R|22L|12003|200|CON|1|29|209
KDTW|09L|27R|8708|200|PEM|1|89|269
KDTW|09R|27L|8500|150|CON|1|89|269
KDUA|17|35|6800|100|ASP|1|180|0
KDUC|17|35|6650|100|CON|1|180|0
KDUG|17|35|7311|100|ASP|1|180|0
KDUG|8|26|5000|75|ASP|1|90|270
KDUH|9|27|5013|50|ASP|1|87|267
KDUJ|7|25|5504|100|ASP|1|62|242
KDUX|14|32|3100|60|ASP|1|152|332
KDUX|1|19|5474|75|ASP|1|23|203
KDVK|13|31|5000|75|ASP|1|122|302
KDVK|1|19|2357|75|ASP|0|8|188
KDVL|13|31|5509|150|ASP|1|138|318
KDVL|3|21|4313|75|ASP|1|45|225
KDVN|15|33|5501|100|CON|1|150|330
KDVN|3|21|4001|100|CON|1|30|210
KDVO|13|31|3300|75|ASP|1|148|328
KDVP|17|35|2773|60|ASP|1|183|3
KDVT|07L|25R|4500|75|ASP|1|86|266
KDVT|07R|25L|8208|100|ASP|1|86|266
KDWA|16|34|6000|100|ASP|1|180|0
KDWH|17L|35R|3987|35|ASP|0|173|353
KDWH|17R|35L|7009|100|ASP|1|173|353
KDWH|17W|35W|2530|100|WATER|0|170|350
KDWU|10|28|5602|100|ASP|1|94|274
KDXE|18|36|4500|100|ASP|1|182|2
KDXR|17|35|3135|100|ASP|0|153|333
KDXR|8|26|4422|150|ASP|1|70|250
KDXX|13|31|3302|75|ASP|1|140|320
KDXX|8|26|3019|135|GRS|0|90|270
KDYA|4|22|5000|100|ASP|1|43|223
KDYB|6|24|3701|75|ASP|1|49|229
KDYL|5|23|3004|60|ASP|1|36|216
KDYR|16|34|4000|75|ASP|1|162|342
KDYR|4|22|5698|100|ASP|1|40|220
KDYS|161|341|3500|60|GRE|0|161|341
KDYS|162|342|3500|60|ASPH|0|160|340
KDYS|16|34|13500|300|PEM|1|169|349
KDYT|09W|27W|5000|1500|WATER|0|90|270
KDYT|13W|31W|10000|2000|WATER|0|130|310
KDYT|14|32|3050|75|ASP|1|138|318
KDZB|17|35|5978|100|ASP|1|181|1
KDZJ|8|26|5004|100|ASP|1|72|252
KEAG|13|31|3500|60|CON|1|136|316
KEAG|1|19|2360|115|GRS|0|18|198
KEAN|8|26|5900|75|ASP|1|89|269
KEAR|13|31|4498|75|CON|1|141|321
KEAR|18|36|7094|150|ASP|1|187|7
KEAT|12|30|7000|150|ASP|1|135|315
KEAT|7|25|4460|150|ASP|0|90|270
KEAU|14|32|4999|100|CON|1|139|319
KEAU|4|22|8101|150|CON|1|45|225
KEBG|14|32|5000|75|ASP|1|144|324
KEBS|14|32|4007|75|CON|1|144|324
KEBS|5|23|2655|90|GRS|0|48|228
KECG|10|28|7219|150|CON|1|92|272
KECP|16|34|10000|0|CON|1|160|340
KECS|13|31|5300|75|CON|1|144|324
KECS|17|35|2666|40|GRS|0|180|0
KECS|5|23|2220|50|GRS|0|60|240
KECU|14|32|4050|50|ASP|1|145|325
KEDC|13|31|6025|100|ASPH-G|1|130|310
KEDC|16|34|1550|25|ASPH-F|0|166|346
KEDE|1|19|6000|100|ASP|1|0|180
KEDJ|7|25|5000|100|ASP|1|69|249
KEDN|5|23|5100|100|ASP|1|52|232
KEDU|17|35|3176|50|ASPH-G|0|180|0
KEDW|04L|22R|12000|200|ASPH|0|40|220
KEDW|04R|22L|15024|300|CONC|0|58|238
KEDW|6|24|8000|50|CON|0|77|257
KEED|11|29|5005|100|ASP|1|119|299
KEED|2|20|4235|100|ASP|1|29|209
KEEN|14|32|4001|150|ASP|1|127|307
KEEN|2|20|6201|100|ASP|1|3|183
KEEO|3|21|6500|60|ASP|1|40|220
KEET|16|34|5000|75|ASP|0|157|337
KEFC|14|32|4498|60|ASP|1|152|332
KEFC|18|36|3650|120|GRS|0|193|13
KEFD|17L|35R|4609|75|CON|0|179|359
KEFD|17R|35L|9001|150|CON|1|179|359
KEFK|18|36|5300|100|ASP|1|160|340
KEFK|5|23|4000|100|ASP|0|29|209
KEFT|12|30|5000|75|ASP|1|122|302
KEFT|2|20|3000|75|ASP|1|22|202
KEFW|14|32|3200|75|CON|1|143|323
KEFW|18|36|1715|150|GRS|0|191|11
KEGE|7|25|9000|150|ASP|1|82|262
KEGI|180|360|3500|60|ASPH|0|180|360
KEGI|18|36|8000|150|ASP|1|181|1
KEGQ|13|31|3401|60|CON|1|137|317
KEGQ|17|35|2177|150|GRS|0|180|0
KEGQ|4|22|2545|120|GRS|0|45|225
KEGT|18|36|5201|100|CON|1|179|359
KEGV|13|31|3400|60|ASP|1|132|312
KEGV|4|22|5000|76|ASP|1|45|225
KEHA|17|35|4900|60|ASP|1|179|359
KEHA|4|22|4900|60|ASP|1|48|228
KEHO|5|23|5002|100|ASP|1|47|227
KEHR|9|27|5504|100|ASP|1|88|268
KEIK|16|34|4700|60|CON|1|167|347
KEIW|18|36|3203|60|ASP|1|180|0
KEKA|12|30|3000|75|ASPH-G|1|135|315
KEKM|18|36|4001|75|ASP|1|172|352
KEKM|8|26|2500|100|GRE|0|75|255
KEKM|9|27|6500|120|ASP|1|90|270
KEKN|14|32|4543|140|ASP|0|129|309
KEKN|5|23|4501|140|ASP|1|39|219
KEKO|12|30|2871|60|ASP|0|134|314
KEKO|5|23|7214|150|ASP|1|69|249
KEKQ|3|21|4000|75|ASP|1|36|216
KEKS|16|34|6600|75|ASP|1|177|357
KEKX|5|23|6001|100|ASP|1|47|227
KEKY|5|23|6007|100|ASP|1|50|230
KELA|17|35|3801|60|ASP|1|171|351
KELD|4|22|6600|150|ASP|1|46|226
KELK|17|35|5400|75|CON|1|180|0
KELM|10|28|5404|150|ASP|1|89|269
KELM|5|23|2017|150|GRS|0|50|230
KELM|6|24|7000|150|ASP|1|50|230
KELN|11|29|4300|150|CON|1|133|313
KELN|7|25|5590|150|ASP|0|88|268
KELO|12|30|5600|100|ASP|1|120|300
KELP|08L|26R|5493|75|ASP|1|88|268
KELP|08R|26L|9025|150|ASP|1|93|273
KELP|4|22|12020|150|ASP|1|50|230
KELY|12|30|4814|60|ASP|1|141|321
KELY|18|36|6018|150|ASP|1|194|14
KELZ|10|28|5302|100|ASP|1|90|270
KEMM|10|28|3250|60|GVL|0|120|300
KEMM|16|34|8200|75|ASP|1|174|354
KEMM|4|22|2850|60|CON|1|54|234
KEMP|1|19|5005|100|ASP|1|12|192
KEMP|6|24|3875|298|GRS|0|64|244
KEMT|1|19|3995|75|ASP|1|25|205
KEMV|15|33|5044|100|ASP|1|147|327
KEND|17C|35C|9202|150|PEM|1|180|0
KEND|17L|35R|5024|150|CON|1|180|0
KEND|17R|35L|9202|150|PEM|1|180|0
KENL|18|36|5001|75|ASP|1|181|1
KENL|9|27|3300|60|ASP|1|87|267
KENV|12|30|8001|100|ASP|1|135|315
KENV|8|26|8000|150|ASP|1|90|270
KENW|07L|25R|6600|100|CONC-G|1|64|244
KENW|07R|25L|3302|75|ASPH-CONC-F|1|64|244
KENW|15|33|4440|100|CONC-G|1|144|324
KEOE|4|22|3498|60|ASP|1|37|217
KEOK|14|32|3576|100|CON|1|142|322
KEOK|8|26|5500|100|CON|1|86|266
KEOP|7|25|4900|75|ASP|1|62|242
KEOS|1|19|5001|100|ASP|1|12|192
KEPH|11|29|3843|60|CON|1|128|308
KEPH|3|21|5500|75|ASPH-F|0|43|223
KEPH|4|22|3467|150|ASPH|0|42|222
KEPM|15|33|4000|75|ASP|1|127|307
KEQA|15|33|4200|75|CON|1|159|339
KEQA|4|22|4205|75|ASP|1|43|223
KEQY|5|23|5500|75|ASP|1|47|227
KERI|2|20|3508|150|ASP|1|10|190
KERI|6|24|8420|150|ASP|1|54|234
KERR|15|33|3680|75|GRVL-G|0|150|330
KERV|12|30|6000|100|ASP|1|130|310
KERV|3|21|4047|60|ASP|1|33|213
KERY|11|29|4300|75|ASP|1|110|290
KERY|4|22|2900|150|GRS|0|34|214
KESC|18|36|5000|100|ASP|1|181|1
KESC|9|27|6501|150|ASP|1|91|271
KESF|14|32|5601|150|ASP|1|145|325
KESF|8|26|5999|150|ASP|1|91|271
KESN|15|33|4003|100|ASP|1|138|318
KESN|4|22|5500|100|ASP|1|30|210
KEST|16|34|4797|75|CON|1|170|350
KEST|6|24|2985|90|GRE|0|73|253
KESW|9|27|2640|100|TURF-F|0|90|270
KETB|13|31|4494|75|ASP|1|127|307
KETB|6|24|3897|75|ASP|1|59|239
KETC|9|27|4000|60|ASP|1|84|264
KETH|16|34|3300|75|ASP|1|164|344
KETH|4|22|1919|175|GRS|0|60|240
KETN|17|35|4020|60|ASP|1|182|2
KEUF|18|36|5000|100|ASP|1|184|4
KEUG|16L|34R|6000|150|ASP|1|179|359
KEUG|16R|34L|8009|150|ASP|1|179|359
KEUL|12|30|5500|100|ASP|1|135|315
KEVB|11|29|4299|100|ASP|1|107|287
KEVB|2|20|4000|100|ASP|0|17|197
KEVB|7|25|5000|75|ASPH-G|0|62|242
KEVM|14|32|2506|100|ASP|1|139|319
KEVM|5|23|2685|110|GRS|0|51|231
KEVM|9|27|4215|100|ASP|1|94|274
KEVU|14|32|4000|75|CON|1|148|328
KEVV|18|36|6286|150|ASP|1|181|1
KEVV|4|22|8021|150|ASP|1|38|218
KEVV|9|27|3500|75|ASP|1|91|271
KEVW|5|23|7300|100|ASP|1|67|247
KEVY|11|29|3600|200|GRE|1|98|278
KEVY|17|35|4487|65|ASP|1|165|345
KEWB|14|32|5000|150|ASP|1|129|309
KEWB|5|23|4997|150|ASP|1|38|218
KEWK|17|35|7003|100|ASP|1|180|0
KEWK|8|26|3501|60|ASP|1|91|271
KEWN|14|32|4000|150|ASPH-G|0|128|308
KEWN|4|22|6004|150|ASP|1|31|211
KEWR|04L|22R|11000|150|ASP|1|26|206
KEWR|04R|22L|10000|150|ASP|1|26|206
KEWR|11|29|6800|150|PEM|1|95|275
KEXX|6|24|5000|100|ASP|1|70|250
KEYE|3|21|4200|75|ASP|1|25|206
KEYF|15|33|5001|75|ASP|1|144|324
KEYW|9|27|5076|100|ASP|1|89|269
KEZF|15|33|1300|150|GRE|0|145|325
KEZF|6|24|2910|100|ASP|1|45|225
KEZI|1|19|3200|60|ASP|1|11|191
KEZI|9|27|4500|75|ASP|1|91|271
KEZM|2|20|6506|100|ASP|1|15|195
KEZS|11|29|3900|75|ASP|1|112|292
KEZS|17|35|2225|60|ASPH|0|165|345
KEZS|ALL|WAY|12000|1000|WATER|0|-1|-1
KEZZ|17|35|4000|75|CON|1|175|355
KF10|18|36|3501|50|ASP|1|181|1
KF30|17|35|3500|60|ASP|1|175|355
KFAF|14|32|3020|75|ASP|1|128|308
KFAM|2|20|4221|75|CON|1|24|204
KFAR|13|31|3800|150|PEM|1|137|317
KFAR|18|36|9000|150|CON|1|180|0
KFAR|9|27|6300|100|CON|1|90|270
KFAT|11L|29R|9217|150|ASP|1|125|305
KFAT|11R|29L|8008|150|ASP|1|125|305
KFAY|10|28|4801|150|ASP|1|91|271
KFAY|4|22|7712|150|ASP|1|31|211
KFBG|9|27|4650|100|ASP|1|86|266
KFBL|12|30|4254|72|ASP|1|127|307
KFBR|4|22|6402|80|ASP|1|54|234
KFBR|6|24|4042|50|GRE|0|78|258
KFBY|11|29|2455|150|GRE|0|120|300
KFBY|17|35|3700|75|CON|1|180|0
KFCH|12|30|3630|75|ASPH-G|0|125|305
KFCI|15|33|5500|100|ASP|1|141|321
KFCM|10L|28R|3898|75|ASP|1|101|281
KFCM|10R|28L|5000|75|ASP|1|101|281
KFCM|18|36|2691|75|ASP|1|186|6
KFCS|13|31|4573|75|ASP|1|137|317
KFCY|18|36|3014|50|ASP|1|181|1
KFDK|12|30|3600|75|ASP|1|116|296
KFDK|5|23|5220|100|ASP|1|40|220
KFDR|12|30|4550|75|CON|0|135|315
KFDR|17L|35R|3180|50|CON|0|180|0
KFDR|17|35|6099|150|ASPH-F|0|180|0
KFDR|3|21|4800|60|CON|0|44|224
KFDW|4|22|5004|100|ASP|1|38|218
KFDY|18|36|6500|100|ASP|1|180|0
KFDY|7|25|5883|100|ASP|1|69|249
KFEP|13|31|2285|150|GRS|0|126|306
KFEP|18|36|2496|150|GRS|0|179|359
KFEP|6|24|5504|100|ASP|1|53|233
KFET|14|32|5500|100|ASPH-CONC-G|0|141|321
KFET|1|19|2444|50|ASPH-G|0|11|191
KFFA|3|21|3000|60|ASP|0|24|204
KFFC|13|31|5219|100|ASP|1|128|308
KFFL|18|36|4001|75|ASP|1|180|0
KFFL|8|26|2450|165|GRE|0|86|266
KFFM|13|31|5639|100|ASP|1|133|313
KFFM|17|35|3301|75|ASP|1|179|359
KFFO|05L|23R|12601|300|PEM|1|49|229
KFFO|05R|23L|7000|150|ASP|1|49|229
KFFT|6|24|5005|100|ASP|1|64|244
KFFX|19|1|6500|100|ASP|1|179|359
KFFX|9|27|3502|75|ASP|1|91|271
KFFZ|04L|22R|3799|75|ASP|1|51|231
KFFZ|04R|22L|5101|100|ASP|1|51|231
KFGU|3|21|4700|75|ASP|1|30|210
KFGX|7|25|5001|75|ASP|1|67|247
KFHR|16|34|3402|75|ASP|1|177|357
KFHU|12|30|5366|100|PEM|1|127|307
KFHU|3|21|4285|75|PEM|1|37|217
KFHU|8|26|12001|150|CON|1|90|270
KFIG|12|30|4500|75|ASP|1|109|289
KFIT|14|32|5001|100|ASP|1|129|309
KFKA|11|29|4000|75|ASP|1|108|288
KFKL|12|30|3698|100|ASP|1|106|286
KFKL|3|21|5200|150|ASP|1|17|197
KFKN|9|27|4977|100|ASP|1|81|261
KFKR|4|22|2527|70|ASP|1|34|214
KFKR|9|27|5000|75|ASP|1|90|270
KFKS|15|33|4050|75|ASP|1|139|319
KFLD|18|36|5941|100|ASP|1|180|0
KFLD|9|27|3602|75|ASP|1|92|272
KFLG|3|21|6999|150|ASP|1|41|221
KFLL|10L|28R|9000|150|ASP|1|90|270
KFLL|10R|28L|8000|150|ASP|1|90|270
KFLO|1|19|5999|150|ASP|1|2|182
KFLO|9|27|6499|150|ASP|1|84|264
KFLP|4|22|5000|75|ASP|1|51|231
KFLV|15|33|5905|100|PEM|1|159|339
KFLX|13|31|4207|100|GRE|0|146|326
KFLX|3|21|5703|75|ASP|1|48|228
KFME|10|28|3000|75|ASP|1|94|274
KFMH|14|32|9500|200|PEM|1|127|307
KFMH|5|23|8000|200|PEM|1|38|218
KFMM|14|32|5219|60|CON|1|152|332
KFMM|17|35|3800|30|GRE|0|181|1
KFMM|8|26|2467|100|GRE|0|90|270
KFMN|5|23|6500|150|ASP|1|65|245
KFMN|7|25|6704|100|ASP|1|88|268
KFMY|13|31|4912|150|ASP|1|130|310
KFMY|5|23|6406|150|ASP|1|48|228
KFMZ|12|30|3011|60|CON|0|135|315
KFMZ|17|35|4316|75|ASP|1|180|0
KFNB|14|32|3999|60|CON|1|149|329
KFNL|15|33|8500|100|ASP|1|160|340
KFNL|6|24|2273|40|ASP|0|71|251
KFNT|18|36|7849|150|ASP|1|179|359
KFNT|9|27|7201|150|ASP|1|88|268
KFOA|15|33|2700|100|GRE|0|147|327
KFOA|3|21|5003|75|ASP|1|30|210
KFOD|12|30|5300|100|ASP|1|127|307
KFOD|6|24|6548|150|ASP|1|65|245
KFOE|13|31|12802|200|CON|1|137|317
KFOE|3|21|7000|150|CON|1|40|220
KFOK|15|33|5000|150|ASP|1|133|313
KFOK|1|19|5000|150|PEM|0|358|178
KFOK|6|24|9000|150|PEM|1|42|222
KFOM|4|22|5050|75|ASP|1|53|233
KFOT|11|29|4005|100|ASP|1|127|307
KFOZ|15|33|3100|75|ASP|1|151|331
KFPK|14|32|2318|100|GRS|0|140|320
KFPK|2|20|3500|75|CON|1|21|201
KFPR|10R|28L|6492|150|ASP|1|90|270
KFPR|14|32|4756|100|ASP|1|135|315
KFQD|1|19|5000|100|ASP|1|15|195
KFRG|14|32|6827|150|ASP|1|132|312
KFRG|1|19|5516|150|ASP|1|359|179
KFRH|8|26|5500|100|ASP|1|76|256
KFRI|4|22|4500|150|CON|1|50|230
KFRM|13|31|5505|100|ASP|1|134|314
KFRM|2|20|3300|75|ASP|1|28|208
KFRR|9|27|3007|75|ASP|1|87|267
KFSD|15|33|8000|150|ASP|1|155|335
KFSD|3|21|8999|150|CON|1|35|215
KFSD|9|27|3152|75|CON|1|103|283
KFSE|16|34|3501|75|ASP|1|168|348
KFSI|17|35|5000|200|CON|1|180|0
KFSK|18|36|4403|75|ASP|1|180|0
KFSM|7|25|8000|150|ASP|1|81|261
KFSO|1|19|3000|60|ASP|1|354|174
KFST|11|29|3900|100|GRS|0|128|308
KFST|12|30|7507|100|ASP|1|127|307
KFST|16|34|3981|150|TURF|0|171|351
KFST|3|21|4399|60|ASP|1|37|217
KFST|7|25|5200|150|GRS|0|81|261
KFSU|3|21|5800|75|ASP|1|45|225
KFSU|8|26|5300|60|ASP|1|90|270
KFSW|16|34|4002|75|CON|1|167|347
KFTK|15|33|5253|75|ASP|1|148|328
KFTK|18|36|5185|150|ASP|1|177|357
KFTK|5|23|1900|90|ASP|0|46|226
KFTT|12|30|2487|100|GRE|0|122|302
KFTT|18|36|4000|75|CON|1|182|2
KFTT|6|24|3203|47|ASPH-F|0|57|237
KFTW|16|34|7501|150|CON|1|172|352
KFTW|17|35|4006|75|ASP|1|172|352
KFTY|14|32|4157|100|ASP|1|139|319
KFTY|8|26|5796|100|ASP|1|80|260
KFTY|9|27|2801|60|ASP|0|80|260
KFUL|6|24|3121|75|ASP|1|77|257
KFVE|14|32|4600|75|ASP|1|116|296
KFVX|3|21|4400|75|ASP|1|20|200
KFWA|14|32|8001|150|PEM|1|135|315
KFWA|5|23|12000|150|PEM|1|44|224
KFWA|9|27|4001|75|PEM|0|90|270
KFWC|18|36|1999|60|ASP|1|181|1
KFWC|9|27|4000|75|ASP|1|90|270
KFWN|3|21|3499|75|ASP|1|16|196
KFWQ|8|26|4001|75|ASP|1|67|247
KFWS|18L|36R|4000|60|GRS|0|180|0
KFWS|18R|36L|6002|100|ASP|1|180|360
KFXE|13|31|4000|100|ASP|1|129|309
KFXE|9|27|6001|100|ASP|1|84|264
KFXY|15|33|5806|100|ASP|1|155|335
KFXY|9|27|2708|60|ASP|1|95|275
KFYE|1|19|5000|75|ASP|1|8|188
KFYJ|10|28|5000|75|ASP|0|86|266
KFYM|2|20|5900|100|ASP|1|14|194
KFYV|16|34|6006|100|ASP|1|169|349
KFZG|15|33|3400|300|GRS|0|141|321
KFZG|1|19|5002|100|ASP|1|12|192
KFZI|9|27|4198|100|ASP|1|90|270
KFZY|15|33|5197|100|ASP|1|137|317
KFZY|6|24|3996|100|ASP|1|47|227
KGAB|16|34|2800|65|DIRT-G|0|160|340
KGAB|8|26|5900|65|DIRT-G|0|80|260
KGAD|18|36|4806|150|ASP|1|180|0
KGAD|6|24|6802|150|ASP|1|61|241
KGAF|17|35|3899|75|ASP|1|180|0
KGAF|8|26|4300|150|GRS|0|90|270
KGAG|17|35|5415|100|ASPH-P|1|180|0
KGAI|14|32|4202|75|ASP|1|127|307
KGAO|18|36|6500|100|ASP|1|181|1
KGAS|5|23|3998|75|ASP|1|48|228
KGBD|11|29|4698|75|ASP|1|120|300
KGBD|17|35|7850|100|ASP|1|180|0
KGBG|10|28|3601|100|ASP|1|101|281
KGBG|3|21|5793|150|ASP|1|28|208
KGBN|17|35|8500|150|ASP|1|181|1
KGBR|11|29|2579|50|ASP|1|96|276
KGCC|16|34|7500|150|CON|1|170|350
KGCC|3|21|5803|75|CON|1|38|218
KGCD|17|35|5220|60|ASPH-G|0|182|2
KGCD|9|27|4471|60|ASPH-G|0|110|290
KGCK|12|30|5700|100|CON|1|135|315
KGCK|17|35|7300|100|PEM|1|180|0
KGCM|17|35|5200|75|ASP|1|180|0
KGCN|3|21|8999|150|ASP|1|41|221
KGCT|18|36|3400|60|CON|1|180|0
KGCY|5|23|6302|100|ASP|1|47|227
KGDB|15|33|3700|75|ASP|1|157|337
KGDJ|1|19|5201|75|ASP|1|17|197
KGDM|18|36|2999|75|ASP|1|165|345
KGDV|12|30|5704|100|ASP|1|136|316
KGDV|2|20|3000|60|ASP|1|36|216
KGDW|15|33|2500|150|GRS|0|162|342
KGDW|9|27|4700|75|ASP|1|88|268
KGED|10|28|3109|75|ASPH|1|90|270
KGED|4|22|5500|150|ASP|1|33|213
KGEG|3|21|11002|150|ASP|1|45|225
KGEG|8|26|8198|150|ASP|1|90|270
KGEO|17|35|3530|65|ASP|1|170|350
KGEU|1|19|7099|100|ASP|1|26|206
KGEV|10|28|5002|75|ASP|1|89|269
KGEY|16|34|7003|150|ASP|1|169|349
KGEY|8|26|6953|75|ASP|0|86|266
KGEZ|1|19|5000|100|ASP|1|6|186
KGEZ|9|27|2670|190|GRS|0|92|272
KGFA|H1||100|100|ASPH|0|-1|-1
KGFA|H2||100|100|CONC|0|-1|-1
KGFD|18|36|2165|150|TURF-F|1|180|250
KGFK|09L|27R|4206|100|CONC-G|0|90|270
KGFK|09R|27L|3300|60|CON|1|90|270
KGFK|17L|35R|3900|75|CON|1|180|0
KGFK|17R|35L|7349|150|ASP|1|180|0
KGFL|12|30|4000|100|ASP|1|110|290
KGFL|1|19|5000|150|ASP|1|358|178
KGFZ|14|32|2500|50|CON|1|142|322
KGFZ|7|25|3400|60|CON|1|74|254
KGGE|11|29|4539|150|ASP|1|101|281
KGGE|5|23|5001|100|ASP|1|41|221
KGGF|15|33|4800|60|CON|1|150|330
KGGG|13|31|10000|150|ASP|1|134|314
KGGG|18|36|6109|150|ASPH-G|0|179|359
KGGI|13|31|5200|75|CON|1|135|315
KGGP|9|27|5001|75|ASP|1|89|269
KGGW|12|30|5001|100|ASP|1|134|314
KGGW|8|26|5000|75|ASP|1|90|270
KGHG|6|24|3001|75|ASP|1|46|226
KGHM|2|20|4002|75|ASP|1|18|198
KGHW|15|33|4500|75|ASP|1|161|341
KGHW|5|23|2801|209|GRS|0|58|238
KGIC|7|25|5100|75|ASP|1|91|271
KGIF|11|29|4001|60|ASP|0|103|283
KGIF|5|23|5006|100|ASP|1|45|225
KGJT|11|29|10501|150|ASP|1|125|305
KGJT|4|22|5502|75|ASP|1|54|234
KGKJ|7|25|5002|75|ASP|1|61|241
KGKT|10|28|5506|75|ASP|1|99|279
KGKY|16|34|6080|100|CON|1|168|348
KGLD|12|30|5499|100|CON|1|134|314
KGLD|17|35|1800|40|GRS|0|180|0
KGLD|5|23|3501|75|ASP|1|63|243
KGLE|12|30|4296|80|ASP|0|133|313
KGLE|17|35|6000|100|ASP|1|181|1
KGLH|18L|36R|8001|150|ASP|1|180|0
KGLH|18R|36L|7019|150|PEM|1|180|0
KGLR|18|36|3000|75|ASP|1|174|354
KGLR|9|27|6578|150|ASP|1|90|270
KGLS|13|31|6000|150|PEM|1|140|320
KGLS|17|35|6001|150|CON|1|181|1
KGLW|7|25|5301|100|ASP|1|71|251
KGLY|4|22|4001|60|ASP|1|45|225
KGMJ|18|36|5250|75|ASP|1|180|0
KGMU|10|28|3998|80|ASP|1|92|272
KGMU|1|19|5393|100|ASP|1|5|185
KGNB|9|27|5095|70|ASP|1|101|281
KGNC|17|35|4998|75|ASP|1|179|359
KGNC|8|26|5376|75|ASP|1|90|270
KGNF|13|31|7000|150|ASP|1|132|312
KGNF|4|22|5000|100|ASP|0|52|232
KGNG|7|25|4736|75|ASP|1|84|264
KGNT|13|31|7172|75|ASP|1|145|325
KGNT|8|26|2350|40|GRE|0|92|272
KGNV|11|29|7504|150|ASP|1|102|282
KGNV|7|25|4158|100|ASP|1|61|241
KGOK|16|34|4102|75|CON|1|165|345
KGON|15|33|4000|96|ASP|1|135|315
KGON|5|23|5000|150|ASP|1|34|214
KGOO|7|25|4657|75|ASP|1|87|267
KGOP|17|35|3400|60|ASPH-G|0|170|350
KGOV|14|32|5000|150|ASP|1|136|316
KGOV|5|23|5000|150|CON|0|46|226
KGPH|18|36|5504|100|ASP|1|187|7
KGPI|12|30|3504|75|ASP|1|136|316
KGPI|2|20|9007|150|ASP|1|35|215
KGPM|18|36|4001|75|CON|1|180|360
KGPT|14|32|9002|150|PEM|1|135|315
KGPT|18|36|4935|150|ASP|1|180|0
KGPZ|10|28|1450|150|GRS|0|104|284
KGPZ|16|34|5755|100|ASP|1|166|346
KGPZ|5|23|3000|60|ASPH-F|1|47|227
KGQQ|5|23|3505|75|ASP|1|47|227
KGRB|18|36|8201|150|CON|1|180|0
KGRB|6|24|7700|150|CON|1|60|240
KGRD|9|27|5003|100|ASP|1|85|265
KGRE|18|36|4002|75|ASP|1|180|0
KGRE|9|27|3200|250|GRS|0|90|270
KGRF|15|33|6125|150|ASP|1|167|347
KGRI|13|31|6608|100|CON|1|135|315
KGRI|17|35|7002|150|ASP|1|180|0
KGRK|15|33|10000|200|PEM|1|157|337
KGRN|11|29|2284|50|ASP|1|123|303
KGRN|4|22|5196|75|ASP|1|49|229
KGRR|08L|26R|5000|100|CON|1|81|261
KGRR|08R|26L|10000|150|CON|1|81|261
KGRR|17|35|8501|150|CON|1|171|351
KGSB|8|26|11758|300|PEM|1|73|253
KGSH|5|23|2585|180|GRS|0|44|224
KGSH|9|27|5000|75|ASP|1|89|269
KGSO|05L|23R|9000|150|ASPH|1|46|226
KGSO|05R|23L|10001|150|ASPH-G|0|46|226
KGSO|14|32|6380|150|ASP|1|135|315
KGSP|4|22|11000|150|PEM|1|32|212
KGTB|15|33|4999|150|CON|1|134|314
KGTB|3|21|10000|150|CON|1|16|196
KGTB|8|26|4482|150|CON|1|70|250
KGTE|14|32|3300|250|GRS|1|149|329
KGTE|3|21|2599|50|CON|1|38|218
KGTF|17|35|6357|150|ASP|1|180|0
KGTF|3|21|10502|150|ASP|1|45|225
KGTF|7|25|4294|75|ASP|1|90|270
KGTG|12|30|3000|60|ASP|1|121|301
KGTG|5|23|3315|120|GRS|0|56|236
KGTR|18|36|8002|150|ASP|1|180|0
KGTU|11|29|4100|75|ASP|1|121|301
KGTU|18|36|5000|100|ASP|1|184|4
KGUC|17|35|3000|150|GVL|0|180|0
KGUC|6|24|9400|150|ASP|1|74|254
KGUP|6|24|7316|100|ASP|1|74|254
KGUS|5|23|12501|200|ASP|1|44|224
KGUY|18|36|5900|100|ASP|1|186|6
KGUY|6|24|1795|200|GRS|0|68|248
KGVE|5|23|2300|40|ASPH-P|1|38|218
KGVL|11|29|4001|100|ASP|0|108|288
KGVL|5|23|5500|100|ASPH-G|0|41|221
KGVQ|10|28|5500|100|ASP|1|91|271
KGVT|17|35|8030|150|ASP|1|181|1
KGWB|9|27|5000|100|ASP|1|89|269
KGWO|18|36|6503|150|ASP|1|181|1
KGWO|5|23|5005|150|ASP|1|52|232
KGWO|9|27|2689|60|ASP|0|87|267
KGWR|16|34|5000|60|ASP|1|164|344
KGWR|6|24|3000|100|GRS|0|62|242
KGWS|14|32|3305|50|ASP|0|153|333
KGWW|5|23|5500|100|ASP|1|43|223
KGXY|10|28|5801|100|ASP|1|105|285
KGXY|17|35|10000|100|ASP|1|178|358
KGYB|17|35|4000|75|ASP|1|174|354
KGYH|5|23|8000|150|CON|1|40|220
KGYI|13|31|2300|150|ASP|0|143|323
KGYI|17L|35R|9000|150|PEM|1|182|2
KGYL|13|31|3300|75|ASP|1|131|311
KGYR|3|21|8500|150|ASP|1|38|218
KGYY|12|30|7003|150|ASP|1|124|304
KGYY|2|20|3603|100|ASP|1|21|201
KGZH|10|28|4000|150|ASP|1|100|280
KGZH|1|19|4000|150|ASP|1|5|185
KGZS|16|34|5001|75|ASP|1|153|333
KH92|17|35|3210|60|ASP|1|180|0
KHAB|18|36|5500|100|ASP|1|182|2
KHAE|17|35|4400|100|CON|1|170|350
KHAF|12|30|5000|150|ASP|1|137|317
KHAI|5|23|2729|60|ASP|1|45|225
KHAI|9|27|4000|75|ASP|1|90|270
KHAO|12|30|5500|100|ASP|1|120|300
KHBC|13|31|3121|60|ASP|1|140|320
KHBG|13|31|6099|150|ASP|1|131|311
KHBI|3|21|5501|100|ASP|1|22|202
KHBR|17|35|5507|100|ASP|1|180|0
KHBV|13|31|5003|75|ASP|1|134|314
KHBZ|6|24|4002|75|ASP|1|60|240
KHCD|15|33|4000|75|ASP|1|152|332
KHCO|13|31|4007|75|ASP|1|140|320
KHCR|4|22|6898|75|ASP|1|50|230
KHDC|13|31|6502|100|PEM|1|136|316
KHDC|18|36|5001|150|CON|1|180|0
KHDE|11|29|1769|300|GRE|0|126|306
KHDE|18|36|4701|75|PEM|1|190|10
KHDN|10|28|10000|150|ASP|1|114|294
KHDO|13|31|6045|150|CON|0|135|315
KHDO|17L|35R|6024|150|CON|1|180|0
KHDO|17R|35L|3224|140|ASP|0|180|0
KHDO|4|22|5400|150|CON|0|45|225
KHDO|8|26|6059|150|CON|0|90|270
KHEE|8|26|3009|60|ASP|1|90|270
KHEF|16L|34R|5700|100|ASP|1|151|331
KHEF|16R|34L|3702|100|ASP|1|151|331
KHEG|11|29|3500|100|ASP|1|110|290
KHEG|7|25|4000|100|ASP|1|65|245
KHEI|12|30|4652|75|ASP|1|135|315
KHEI|17|35|1890|100|GRS|0|179|359
KHEQ|14|32|5000|75|ASP|1|149|329
KHEZ|13|31|6500|150|ASP|1|136|316
KHEZ|18|36|5000|150|ASP|1|181|1
KHFD|11|29|2314|71|ASP|1|99|279
KHFD|2|20|4417|150|ASP|1|9|189
KHFD|NE|SW|2309|150|TURF|0|-1|-1
KHFF|11|29|4740|150|CON|1|109|289
KHFF|4|22|5001|150|ASP|0|35|215
KHFJ|18|36|5000|75|CON|1|179|359
KHFY|1|19|5102|75|ASP|1|8|188
KHGR|2|20|3160|100|ASP|1|15|195
KHGR|9|27|5461|150|ASP|1|80|260
KHHF|18|36|3000|30|ASP|0|185|5
KHHF|4|22|5000|75|ASP|1|44|224
KHHG|9|27|5001|75|ASP|1|92|272
KHHR|7|25|4956|100|CON|1|87|267
KHHW|17|35|3400|75|ASP|1|180|0
KHIB|13|31|6758|150|ASP|1|132|312
KHIB|4|22|3075|75|ASP|0|49|229
KHIE|10|28|4001|75|ASP|1|87|267
KHIF|14|32|13508|200|PEM|1|153|333
KHIG|16|34|4400|75|ASP|1|165|345
KHII|14|32|8001|100|ASP|1|150|330
KHII|1AZ|LH2|2000|200|Concrete|0|10|-1
KHIO|13L|31R|3600|60|Asphalt|1|144|324
KHIO|13R|31L|6600|150|ASP|1|144|324
KHIO|2|20|4049|100|ASP|1|40|220
KHJH|12|30|3600|60|CON|1|128|308
KHJH|3|21|2532|150|GRE|0|42|222
KHJO|14|32|5175|75|ASP|1|152|332
KHKA|18|36|5001|75|ASP|1|179|359
KHKS|11|29|4822|150|CON|1|115|295
KHKS|16|34|5387|150|ASP|1|159|339
KHKY|6|24|6400|150|ASP|1|55|235
KHLB|18|36|5933|100|ASP|1|180|0
KHLC|17|35|5000|75|CON|1|181|1
KHLG|16|34|4499|150|ASP|1|151|331
KHLG|3|21|5001|150|ASP|1|26|206
KHLN|16|34|2989|75|ASP|1|179|359
KHLN|5|23|4644|75|ASP|1|66|246
KHLN|9|27|9000|150|ASP|1|103|283
KHLR|16H|34H|3803|144|ASP|1|164|344
KHLX|1|19|4204|75|ASP|1|10|190
KHMN|16|34|12131|150|PEM|1|168|348
KHMN|4|22|10575|300|PEM|1|48|228
KHMN|7|25|12800|150|PEM|1|80|260
KHMT|4|22|2045|25|ASP|0|64|244
KHMT|5|23|4314|100|ASP|1|63|243
KHMZ|14|32|5005|75|ASP|1|128|308
KHNB|9|27|5000|75|ASP|1|91|271
KHND|17L|35R|5001|75|ASP|1|180|0
KHND|17R|35L|6501|100|ASP|1|181|1
KHNR|15|33|4100|75|ASP|1|156|336
KHNR|3|21|1700|120|GRS|0|37|217
KHNZ|6|24|5003|100|ASP|1|51|231
KHOB|12|30|6002|150|ASP|1|135|315
KHOB|17|35|4998|100|ASP|0|180|0
KHOB|3|21|7398|150|ASP|1|45|225
KHOC|5|23|3520|75|ASP|1|49|229
KHOE|14|32|4000|75|ASP|1|135|315
KHON|12|30|7201|100|CON|1|128|308
KHON|17|35|5000|75|CON|1|180|0
KHOP|18|36|4500|150|ASP|0|179|359
KHOP|5|23|11800|200|ASP|1|44|224
KHOT|13|31|4099|150|ASP|1|134|314
KHOT|5|23|6595|150|ASP|1|54|234
KHOU|12L|30R|5148|100|CON|1|134|314
KHOU|12R|30L|7602|150|ASP|1|134|314
KHOU|17|35|6000|150|PEM|1|179|359
KHOU|4|22|7602|150|CON|1|44|224
KHPN|11|29|4451|150|ASP|1|102|282
KHPN|16|34|6548|150|ASP|1|150|330
KHPT|17|35|4018|75|CON|1|180|0
KHPY|14|32|4334|50|ASP|1|143|323
KHQG|13|31|2626|35|ASP|0|135|315
KHQG|2|20|5000|75|CON|1|25|205
KHQM|6|24|5000|150|ASP|1|80|260
KHQU|10|28|5200|100|ASP|1|93|273
KHQZ|17|35|5999|100|CON|1|181|1
KHRI|5|23|4500|75|ASP|1|62|242
KHRJ|5|23|4300|75|ASP|1|40|220
KHRL|13|31|7257|150|ASP|1|136|316
KHRL|17L|35R|5949|150|ASP|1|181|1
KHRL|17R|35L|8301|150|ASP|1|181|1
KHRO|18|36|6161|150|ASP|1|186|6
KHRT|18|36|9600|150|CON|1|176|356
KHRU|17|35|4184|75|ASP|1|180|0
KHRX|14|32|3880|135|GRS|0|151|331
KHRX|2|20|6100|100|CONC|1|29|209
KHSA|18|36|8500|150|ASP|1|180|0
KHSB|14|32|2764|75|ASP|1|141|321
KHSB|6|24|5013|75|ASP|1|63|243
KHSD|17|35|5000|100|CON|1|178|358
KHSE|7|25|3000|75|ASP|0|57|237
KHSG|5|23|6370|75|ASPH|1|50|230
KHSI|14|32|6451|100|CON|1|150|330
KHSI|4|22|4501|75|CON|1|47|227
KHSP|7|25|5600|100|ASP|1|59|239
KHSR|1|19|4505|100|ASP|1|22|202
KHSR|6|24|3950|250|GRS|0|76|256
KHST|5|23|11201|300|CON|1|49|229
KHSV|18L|36R|10006|150|ASP|1|181|1
KHSV|18R|36L|12600|150|ASP|1|181|1
KHTH|10|28|6000|100|ASP|1|116|296
KHTH|15|33|3500|130|GRE|0|164|344
KHTL|18|36|2200|100|GRS|0|180|0
KHTL|9|27|4000|75|ASP|1|89|269
KHTS|12|30|6509|150|ASP|1|112|292
KHTW|8|26|3001|70|ASP|1|81|261
KHUA|17|35|7300|150|ASP|1|169|349
KHUF|14|32|7200|150|PEM|1|135|315
KHUF|5|23|9020|150|ASP|1|47|227
KHUL|5|23|5001|150|ASP|1|31|211
KHUM|12|30|4999|200|CON|1|126|306
KHUT|13|31|7004|100|ASP|1|138|318
KHUT|17|35|4252|75|ASP|1|177|357
KHUT|4|22|6000|100|PEM|1|42|222
KHVC|8|26|5502|100|ASP|1|78|258
KHVE|17|35|5000|120|GRS|0|185|5
KHVE|8|26|5675|75|ASP|1|93|273
KHVN|2|20|5600|150|ASP|1|3|183
KHVR|3|21|3699|60|ASP|1|45|225
KHVR|8|26|5205|100|ASPH-F|1|90|270
KHVS|3|21|5000|75|ASP|1|22|202
KHWD|10L|28R|3107|75|ASP|1|120|300
KHWD|10R|28L|5694|150|ASP|1|120|300
KHWO|10L|28R|3240|100|ASP|0|100|280
KHWO|10R|28L|3255|100|ASP|1|100|280
KHWO|19L|1R|3260|100|ASP|1|190|10
KHWO|19R|1L|3350|100|ASP|1|190|10
KHWQ|8|26|4200|60|ASP|1|96|276
KHWV|15|33|4224|150|PEM|1|135|315
KHWV|6|24|4200|100|ASP|1|45|225
KHWY|15|33|5000|100|ASPH-G|0|139|319
KHXD|3|21|5000|100|ASP|1|26|206
KHXF|18|36|2250|215|GRS|0|178|358
KHXF|9|27|3401|75|ASPH|1|91|271
KHYA|15|33|5252|150|ASP|1|140|320
KHYA|6|24|5425|150|ASP|1|50|230
KHYI|13|31|5603|150|ASP|1|133|313
KHYI|17|35|5213|100|ASP|1|178|358
KHYI|8|26|6330|100|ASP|1|88|268
KHYR|16|34|1240|120|GRS|0|160|340
KHYR|2|20|5003|100|ASP|1|25|205
KHYS|16|34|6500|100|ASP|1|167|347
KHYS|4|22|4500|75|CON|1|48|228
KHYW|4|22|4400|75|ASP|1|32|212
KHYX|5|23|2951|60|ASP|1|44|224
KHYX|9|27|5000|100|ASP|1|90|270
KHZD|1|19|5500|100|ASP|1|12|192
KHZE|14|32|5000|75|ASP|1|152|332
KHZL|10|28|5001|100|ASP|1|94|274
KHZR|18|36|5002|75|ASP|1|184|4
KHZX|14|32|3397|75|ASP|1|140|320
KHZY|9|27|5900|100|ASP|1|79|259
KIAB|01L|19R|12000|200|CON|1|13|193
KIAB|01R|19L|12000|300|PEM|1|13|193
KIAD|01C|19C|11501|150|CONC-G|1|1|181
KIAD|01L|19R|9400|150|CON|1|1|181
KIAD|01R|19L|11500|150|CON|1|1|181
KIAD|12|30|10501|150|CON|1|111|291
KIAG|10L|28R|9829|150|PEM|1|90|270
KIAG|10R|28L|3973|75|ASP|1|89|269
KIAG|6|24|5189|150|ASP|1|50|230
KIAH|08L|26R|9000|150|CON|1|90|270
KIAH|08R|26L|9402|150|CON|1|90|270
KIAH|15L|33R|12001|150|CON|1|152|332
KIAH|15R|33L|9999|150|CON|1|152|332
KIAH|9|27|10000|150|ASP|1|90|270
KIBM|10|28|6199|75|CON|1|105|285
KICL|13|31|2425|255|GRS|0|141|321
KICL|2|20|5000|75|CON|1|24|204
KICR|13|31|5500|75|CON|1|135|315
KICR|3|21|2900|150|GRS|0|38|218
KICT|01L|19R|10301|150|CON|1|20|200
KICT|01R|19L|7301|150|CON|1|20|200
KICT|14|32|6301|150|CON|1|150|330
KIDA|17|35|4051|75|ASP|1|182|2
KIDA|2|20|9002|150|ASP|1|38|218
KIDG|12|30|3172|50|ASP|1|122|302
KIDI|10|28|4001|75|ASP|1|96|276
KIDL|17|35|6991|150|CON|1|180|0
KIDP|17|35|5501|100|ASP|1|180|0
KIDP|4|22|3402|60|ASP|1|45|225
KIEN|12|30|5000|60|ASP|1|129|309
KIEN|6|24|3003|50|ASP|0|77|257
KIER|17|35|5003|150|ASP|1|166|346
KIER|7|25|4000|100|ASP|1|76|256
KIFA|13|31|4602|75|ASP|1|135|315
KIFP|16|34|7520|150|ASP|1|176|356
KIGM|17|35|6725|75|ASP|1|180|0
KIGM|3|21|6826|150|ASP|1|45|225
KIGQ|18|36|4002|75|ASP|1|180|0
KIGQ|9|27|3395|75|ASP|1|90|270
KIIB|17|35|4000|75|CON|1|179|359
KIIY|13|31|4020|75|ASP|1|126|306
KIJD|18|36|2797|75|ASP|0|165|345
KIJD|9|27|4278|100|ASP|1|74|254
KIJX|13|31|5000|75|ASP|1|135|315
KIJX|4|22|4001|75|ASP|1|45|225
KIKG|13|31|5999|75|ASP|1|140|320
KIKK|16|34|4399|75|ASP|1|161|341
KIKK|4|22|5979|100|ASP|1|38|218
KIKV|18|36|5500|100|CON|1|180|0
KIKV|4|22|4200|75|CON|1|45|225
KILE|1|19|5495|100|ASP|1|17|197
KILG|14|32|4603|150|ASP|1|131|311
KILG|1|19|7012|150|ASP|1|5|185
KILG|9|27|7181|150|ASP|1|78|258
KILM|17|35|7004|150|ASP|1|159|339
KILM|6|24|8016|200|CON|1|48|228
KILN|04L|22R|10701|150|CON|1|37|217
KILN|04R|22L|9000|150|CON|1|37|217
KIML|13|31|5022|100|CON|1|144|324
KIML|3|21|3058|300|GRE|0|45|225
KIMM|18|36|5000|150|ASP|1|178|358
KIMM|9|27|5000|150|ASP|1|88|268
KIMS|3|21|8000|75|ASP|1|32|212
KIMT|13|31|3812|75|ASP|1|132|312
KIMT|1|19|6500|150|ASP|1|8|188
KIND|05L|23R|11200|150|CON|1|44|224
KIND|05R|23L|10000|150|CON|1|45|225
KIND|14|32|7605|150|ASP|1|135|315
KINF|1|19|5001|75|ASP|1|101|191
KINJ|16|34|4000|60|ASP|1|165|345
KINK|13|31|5000|100|ASP|1|140|320
KINK|4|22|3515|100|ASP|1|50|230
KINL|13|31|6508|150|ASP|1|136|316
KINL|4|22|2999|75|ASP|0|42|222
KINS|13|31|5002|100|ASP|0|145|325
KINS|8|26|9002|150|PEM|1|92|272
KINT|15|33|6655|150|ASP|1|145|325
KINT|4|22|3938|150|ASP|1|31|211
KINW|11|29|7100|150|ASP|1|120|300
KINW|4|22|7499|150|ASP|1|58|238
KIOB|3|21|5002|75|ASP|1|27|207
KIOW|12|30|4200|75|CON|1|125|305
KIOW|7|25|5002|100|CON|1|71|251
KIPJ|5|23|5529|100|ASP|1|47|227
KIPL|14|32|5304|100|ASP|1|153|333
KIPL|8|26|4500|75|ASP|1|90|270
KIPT|12|30|4280|150|ASP|1|106|286
KIPT|9|27|6474|150|ASP|1|77|257
KIRK|18|36|6005|100|CON|1|180|0
KIRK|9|27|1393|100|GRE|0|91|271
KIRS|18|36|5200|100|ASP|1|180|0
KIRS|6|24|3421|75|ASP|1|59|239
KISB|17|35|3000|50|CON|1|180|0
KISM|15|33|6000|100|ASP|1|148|328
KISM|6|24|5000|150|ASP|1|58|238
KISO|5|23|11500|150|ASP|1|41|221
KISP|15L|33R|3175|75|ASP|0|135|315
KISP|15R|33L|5186|150|ASP|1|135|315
KISP|6|24|7006|150|ASP|1|45|225
KISQ|10|28|5000|100|ASP|1|90|270
KISQ|1|19|2501|50|ASPH-G|0|359|179
KISW|11|29|3640|50|ASP|1|116|296
KISW|18|36|2100|50|GRE|0|176|356
KISW|2|20|5500|100|ASP|1|20|200
KITH|14|32|6601|150|ASP|1|134|314
KITH|15|33|2018|50|GRS|0|138|318
KITR|15|33|5201|75|CON|1|160|340
KIWA|12C|30C|10201|150|PEM|1|136|316
KIWA|12L|30R|9301|150|CON|1|136|316
KIWA|12R|30L|10401|150|CON|1|136|316
KIWD|9|27|6501|130|ASP|1|90|270
KIWH|18|36|1938|30|ASP|1|179|359
KIWH|9|27|4401|75|ASP|1|89|269
KIWI|7|25|3397|75|ASP|1|51|231
KIWS|15|33|3953|75|ASP|1|155|335
KIXA|2|20|5500|100|ASPH-E|0|20|200
KIXD|18|36|7339|190|ASP|1|180|0
KIXD|4|22|5130|100|ASP|1|47|227
KIYK|10|28|4150|75|ASP|1|116|296
KIYK|15|33|7100|75|ASP|1|166|346
KIYK|2|20|6275|75|ASP|1|31|211
KIZA|8|26|2804|75|ASP|1|98|278
KIZG|14|32|4200|75|ASP|1|127|307
KJAC|1|19|6300|150|ASP|1|20|200
KJAN|16L|34R|8500|150|ASP|1|158|338
KJAN|16R|34L|8500|150|ASP|1|158|338
KJAS|18|36|5500|70|ASP|1|181|1
KJAU|5|23|4000|75|ASP|1|46|226
KJAX|14|32|7701|150|CON|1|131|311
KJAX|8|26|10000|150|CON|1|71|251
KJBR|13|31|4099|150|ASP|1|135|315
KJBR|5|23|6200|150|ASP|1|50|230
KJCT|17|35|5000|75|ASP|1|180|0
KJCT|8|26|2255|146|GRS|0|92|272
KJDD|18|36|4001|60|ASP|1|182|2
KJDN|10|28|4300|75|ASP|1|115|295
KJEF|12|30|6001|100|ASP|1|123|303
KJEF|9|27|3401|75|CON|1|91|271
KJER|9|27|5001|75|ASPH-G|1|100|280
KJES|11|29|5500|100|ASPH-G|0|99|279
KJFK|04L|22R|12079|200|Concrete - Grooved|1|31|211
KJFK|04R|22L|8400|200|ASP|1|31|211
KJFK|13L|31R|10000|200|Concrete|1|121|301
KJFK|13R|31L|14511|200|Concrete|1|121|301
KJFX|9|27|5003|100|ASP|1|92|272
KJFZ|7|25|4300|75|ASP|1|66|246
KJGG|13|31|3204|60|ASP|1|120|300
KJHW|13|31|4500|100|ASP|1|119|299
KJHW|7|25|5299|100|ASP|1|59|239
KJKA|17|35|3599|70|ASP|1|175|355
KJKA|9|27|6962|100|ASP|1|90|270
KJKJ|12|30|4300|75|ASP|1|116|296
KJKL|1|19|4400|75|ASP|1|8|188
KJLN|13|31|6502|150|ASP|1|138|318
KJLN|18|36|6500|100|ASP|1|182|2
KJLN|5|23|3604|75|ASP|1|50|230
KJMR|11|29|2450|200|GRE|0|117|297
KJMR|17|35|3998|75|ASP|1|172|352
KJMS|13|31|6500|100|ASP|1|135|315
KJMS|4|22|5749|75|ASP|1|45|225
KJNX|3|21|5500|100|ASP|1|30|210
KJOT|13|31|2937|100|ASP|1|127|307
KJOT|4|22|3228|140|GRS|0|44|224
KJQF|2|20|7403|100|ASP|1|10|190
KJSD|H1||1500|100|ASPH|1|-1|-1
KJSD|H2||1300|100|ASPH|0|-1|-1
KJSO|14|32|5011|75|ASP|1|140|320
KJST|15|33|7003|150|ASP|1|144|324
KJST|5|23|4386|100|ASP|1|39|219
KJSV|17|35|4000|75|ASP|1|180|0
KJVL|14|32|7300|150|CON|1|134|314
KJVL|18|36|5000|75|ASP|1|179|359
KJVL|4|22|6701|150|ASP|1|41|221
KJVY|14|32|3899|75|ASP|1|138|318
KJVY|18|36|5500|100|ASP|1|180|0
KJWG|17|35|4000|60|ASP|1|180|0
KJWN|2|20|6001|100|ASP|1|15|195
KJWY|18|36|5000|75|ASP|1|184|4
KJXI|18|36|4000|60|ASP|1|180|0
KJXN|14|32|3501|100|ASP|1|133|313
KJXN|6|24|5344|150|ASP|1|51|231
KJYG|15|33|4000|75|ASP|1|150|330
KJYL|15|33|3787|75|ASP|0|146|326
KJYL|5|23|5000|100|ASP|1|48|228
KJYM|10|28|5000|100|ASP|1|94|274
KJYO|17|35|5500|100|ASP|1|161|341
KJYR|17|35|5900|100|CON|1|174|354
KJYR|5|23|4700|150|GRS|0|54|234
KJZI|4|22|4313|150|CON|1|32|212
KJZI|9|27|5350|100|CON|1|89|269
KJZP|16|34|5000|100|ASP|1|159|339
KKIC|11|29|4485|100|ASP|1|133|313
KKLS|12|30|4391|100|ASP|1|140|320
KKNB|1|19|6193|75|ASP|1|21|201
KLAA|18|36|6304|100|CON|1|190|10
KLAA|8|26|5001|60|ASP|1|90|270
KLAF|10|28|6600|150|ASP|1|100|280
KLAF|5|23|4226|100|ASP|1|47|227
KLAL|10|28|8500|150|ASP|1|90|270
KLAL|5|23|5000|150|ASP|1|45|225
KLAM|9|27|5550|113|ASP|1|102|282
KLAN|10L|28R|3601|75|ASP|1|91|271
KLAN|10R|28L|7251|150|ASP|1|91|271
KLAN|6|24|5001|120|PEM|1|53|233
KLAR|12|30|6300|100|ASP|1|135|315
KLAR|3|21|8500|150|ASP|1|46|226
KLAS|01L|19R|8988|150|CON|1|25|205
KLAS|01R|19L|9771|150|ASP|1|25|205
KLAS|08L|26R|14515|150|ASP|1|90|270
KLAS|08R|26L|10526|150|ASP|1|90|270
KLAW|17|35|8599|150|CON|1|177|357
KLAX|06L|24R|8925|150|CON|1|83|263
KLAX|06R|24L|10285|150|CON|1|83|263
KLAX|07L|25R|12091|150|CON|1|83|263
KLAX|07R|25L|11096|200|CON|1|83|263
KLBB|17L|35R|2891|75|ASP|0|180|0
KLBB|17R|35L|11500|150|CON|1|180|0
KLBB|8|26|8001|150|CON|1|90|270
KLBE|6|24|8222|150|ASP|1|46|226
KLBF|12|30|8000|150|CON|1|126|306
KLBF|17|35|4436|100|ASP|1|181|1
KLBL|17|35|7105|150|ASP|1|180|0
KLBL|4|22|5721|150|CONC-F|0|45|225
KLBO|18|36|5000|75|ASP|1|182|2
KLBR|17|35|3000|50|ASP|1|174|354
KLBT|13|31|4998|150|ASP|0|125|305
KLBT|5|23|5510|150|ASP|1|45|225
KLBX|17|35|7000|100|ASP|1|180|0
KLCG|13|31|2000|120|GRS|0|136|316
KLCG|18|36|4200|75|ASP|1|181|1
KLCG|5|23|3407|60|ASP|1|54|234
KLCH|15|33|6500|150|CON|1|155|335
KLCH|5|23|5200|100|ASP|1|52|232
KLCI|8|26|5286|100|ASP|1|68|248
KLCK|05L|23R|11937|150|ASP|1|45|225
KLCK|05R|23L|12102|200|PEM|1|45|225
KLCQ|10|28|8002|150|ASP|1|97|277
KLCQ|5|23|4000|75|ASP|1|52|232
KLDJ|9|27|4137|100|ASP|1|76|256
KLDM|1|19|3503|75|ASPH-G|0|2|182
KLDM|8|26|5003|75|ASPH-G|0|71|251
KLEB|18|36|5200|100|ASP|1|168|348
KLEB|7|25|5496|100|ASP|1|59|239
KLEE|13|31|6300|100|ASP|1|130|310
KLEE|4|22|4957|100|ASP|1|35|215
KLEM|11|29|4501|75|ASP|1|126|306
KLEM|17|35|1900|60|GRS|0|185|5
KLEW|17|35|2750|75|ASP|1|148|328
KLEW|4|22|5001|100|ASP|1|24|204
KLEX|4|22|7003|150|ASP|1|42|222
KLEX|9|27|4000|75|concrete|1|87|267
KLFI|8|26|10000|150|CON|1|68|248
KLFK|15|33|4309|100|ASP|1|160|340
KLFK|7|25|5398|100|ASP|1|75|255
KLFT|04L|22R|4099|75|ASP|1|39|219
KLFT|04R|22L|7651|150|ASP|1|39|219
KLFT|11|29|5399|148|ASP|0|110|290
KLGA|13|31|7000|150|ASP|1|122|302
KLGA|4|22|7000|150|ASP|1|32|212
KLGA|H1|H1|60|60|ASP|0|-1|-1
KLGB|08L|26R|6192|150|ASP|1|90|270
KLGB|08R|26L|3918|150|ASP|1|90|270
KLGB|12|30|10000|200|ASP|1|135|315
KLGC|13|31|5600|150|ASP|1|127|307
KLGC|3|21|5000|100|ASP|0|24|204
KLGD|12|30|5600|100|ASP|1|135|315
KLGD|16|34|3876|60|ASP|1|180|0
KLGF|18|36|6118|150|ASP|1|191|11
KLGF|6|24|6000|100|ASP|0|76|256
KLGU|10|28|4075|60|ASP|0|122|302
KLGU|17|35|9010|100|ASP|1|183|3
KLHB|18|36|4000|75|ASP|1|180|0
KLHM|15|33|6001|100|ASP|1|165|345
KLHQ|10|28|5004|75|ASP|1|94|274
KLHV|09L|27R|3806|100|ASP|1|82|262
KLHV|09R|27L|2200|100|GRS|0|82|262
KLHW|06L|24R|5010|100|ASP|1|51|231
KLHW|06R|24L|2605|100|ASP|0|49|229
KLHW|15L|33R|5000|150|ASP|1|141|321
KLHW|15R|33L|2518|100|ASP|0|141|321
KLHX|12|30|5800|60|ASP|0|135|315
KLHX|8|26|6848|75|ASP|1|90|270
KLHZ|5|23|5500|100|ASP|1|41|221
KLIC|16|34|4700|60|CON|1|170|350
KLIT|04L|22R|8273|150|CON|1|47|227
KLIT|04R|22L|8251|150|CON|1|47|227
KLIT|18|36|6224|150|CON|1|182|2
KLIU|13|31|2513|40|ASP|0|136|316
KLIU|1|19|4021|60|ASP|1|17|197
KLJF|13|31|4002|100|ASP|1|139|319
KLKP|14|32|4200|60|ASP|1|127|307
KLKR|6|24|6004|100|ASP|1|58|238
KLKU|9|27|4301|100|ASP|1|82|262
KLKV|16|34|5306|100|ASP|1|180|0
KLLJ|16|34|4600|60|ASP|1|182|2
KLLN|17|35|6110|75|ASP|1|182|2
KLLN|8|26|2072|55|ASP|0|92|272
KLLQ|3|21|5018|75|ASP|1|32|212
KLLR|11|29|5249|150|ASP|1|128|308
KLLU|17|35|4000|75|CON|1|169|349
KLLU|3|21|2902|60|ASP|1|33|213
KLMO|11|29|4800|75|CONC-G|0|123|303
KLMS|17|35|4519|75|ASP|1|170|350
KLMT|14|32|10301|150|PEM|1|158|338
KLMT|7|25|5260|100|ASP|1|90|270
KLNA|15|33|3421|100|ASP|1|152|332
KLNA|3|21|3256|75|ASP|1|32|212
KLNA|9|27|3489|75|ASP|1|92|272
KLNC|13|31|5000|100|ASP|1|140|320
KLND|3|21|5000|100|ASP|1|42|222
KLNK|14|32|8649|150|PEM|1|145|325
KLNK|17|35|5400|100|PEM|1|180|0
KLNK|18|36|12901|200|PEM|1|180|0
KLNL|14|32|4000|75|ASP|1|143|323
KLNL|5|23|2580|130|GRS|0|46|226
KLNN|10|28|4272|100|ASP|1|90|270
KLNN|5|23|5028|100|ASP|1|45|225
KLNP|6|24|5280|100|ASP|1|56|236
KLNR|9|27|5000|75|ASP|1|90|270
KLNS|13|31|4102|100|ASP|1|119|299
KLNS|8|26|6934|150|ASP|1|68|248
KLOL|1|19|5529|75|ASP|1|30|210
KLOL|7|25|4922|75|ASP|0|90|270
KLOM|6|24|3700|75|ASP|1|53|233
KLOT|2|20|5100|100|CON|1|14|194
KLOT|9|27|5697|75|ASP|1|90|270
KLOU|15|33|3579|75|ASPH-G|1|143|323
KLOU|6|24|4357|75|ASP|1|60|240
KLOZ|6|24|5650|150|ASP|1|52|232
KLPC|7|25|4600|100|ASP|1|91|271
KLPR|7|25|5002|100|ASP|1|65|245
KLQK|5|23|5002|100|ASP|1|44|224
KLQR|12|30|3083|180|GRS|0|135|315
KLQR|17|35|4201|75|CON|1|180|0
KLQR|4|22|3176|170|GRS|0|45|225
KLRD|17L|35R|8236|150|CON|1|183|3
KLRD|17R|35L|7830|150|ASP|1|183|3
KLRF|69|249|3482|60|ASPH|0|-1|240
KLRF|7|25|12000|200|CON|1|71|251
KLRG|06W|24W|2400|100|WATER|0|60|240
KLRG|17|35|2804|75|ASP|1|147|327
KLRJ|18|36|5056|75|CON|1|188|8
KLRO|17|35|3700|75|ASP|1|167|347
KLRU|12|30|7499|100|ASP|1|135|315
KLRU|8|26|6069|100|ASP|1|90|270
KLRY|17|35|4000|75|ASP|1|177|357
KLSB|12|30|5011|75|ASP|1|130|310
KLSB|1|19|3213|50|GRE|0|21|201
KLSE|13|31|6050|150|ASP|1|134|314
KLSE|18|36|8537|150|CON|1|179|359
KLSE|4|22|5299|150|ASP|1|36|216
KLSF|15|33|10000|150|ASP|1|145|325
KLSK|10|28|5058|75|ASP|1|116|296
KLSN|14|32|3005|75|ASP|1|153|333
KLSV|03L|21R|10123|200|CON|1|41|221
KLSV|03R|21L|10055|150|CON|1|41|221
KLTS|174|354|3501|94|ASPH|0|170|350
KLTS|17L|35R|9000|150|ASP|1|180|0
KLTS|17R|35L|13440|150|CON|1|180|0
KLTS|17|35|3501|94|ASP|1|180|0
KLTY|16|34|1710|60|GRS|0|180|0
KLTY|7|25|4607|75|ASP|1|85|265
KLUD|17|35|3900|60|ASP|1|172|352
KLUF|03L|21R|10012|150|ASP|1|43|223
KLUF|03R|21L|9904|150|CON|1|43|223
KLUG|2|20|5002|75|ASP|1|18|198
KLUK|03L|21R|3802|100|ASP|1|23|203
KLUK|03R|21L|6101|150|ASP|1|21|201
KLUK|7|25|5128|100|ASP|1|62|242
KLUL|13|31|5512|150|ASP|1|135|315
KLUM|18|36|3470|75|ASP|1|183|3
KLUM|9|27|5075|75|ASP|1|91|271
KLUX|8|26|3898|75|ASP|1|68|248
KLVJ|14|32|4313|75|ASP|1|145|325
KLVK|07L|25R|5253|100|ASP|1|91|271
KLVK|07R|25L|2699|75|ASP|0|91|271
KLVL|18|36|3020|50|ASP|1|172|352
KLVM|13|31|2715|120|GRS|0|148|328
KLVM|4|22|5701|75|ASP|1|55|235
KLVM|8|26|3700|125|GRS|0|95|275
KLVN|12|30|4098|75|ASP|1|118|298
KLVS|14|32|8198|75|ASP|1|152|332
KLVS|2|20|5004|75|ASP|1|35|215
KLWA|14|32|3275|190|GRS|0|132|312
KLWA|5|23|4800|75|ASP|1|44|224
KLWB|4|22|7004|150|ASP|1|35|215
KLWC|15|33|5700|100|ASP|1|153|333
KLWC|1|19|3901|75|CON|1|19|199
KLWL|1|19|2681|150|GVL|0|27|207
KLWL|8|26|5498|150|ASP|1|101|281
KLWM|14|32|3901|100|ASP|1|123|303
KLWM|5|23|5000|150|ASP|1|38|218
KLWS|12|30|5002|100|ASPH-G|1|131|311
KLWS|8|26|6511|150|ASP|1|99|279
KLWT|12|30|4102|60|ASP|0|140|320
KLWT|2|20|5600|100|ASP|1|38|218
KLWT|8|26|6100|100|ASP|1|90|27
KLWV|04U|22U|1000|200|TURF-F|0|40|220
KLWV|18|36|5199|150|ASP|1|180|0
KLWV|9|27|5198|150|ASP|1|89|269
KLXL|13|31|4000|75|ASP|1|131|311
KLXL|18|36|2890|170|GRS|0|181|1
KLXN|14|32|5489|100|CON|1|143|323
KLXN|1|19|3200|250|GRS|0|18|198
KLXT|11|29|4000|75|CON|1|113|293
KLXT|18|36|5501|100|CON|1|183|3
KLXV|16|34|6400|75|ASP|1|170|350
KLXY|18|36|5000|75|ASP|1|189|9
KLYH|17|35|3387|75|ASP|1|161|341
KLYH|4|22|5799|150|ASP|1|28|208
KLYO|14|32|1700|100|GRS|0|146|326
KLYO|17L|35R|2550|150|GRS|0|180|0
KLYO|17R|35L|2999|50|ASP|1|180|0
KLYV|18|36|4200|75|ASPH-G|0|180|360
KLZD|13|31|2700|75|ASPH-G|0|120|300
KLZU|7|25|6000|100|ASP|1|64|244
KLZZ|16|34|4200|75|ASP|1|171|351
KMAC|10|28|4694|100|ASP|1|102|282
KMAE|12|30|5545|150|ASP|1|135|315
KMAE|7|25|3702|150|ASP|0|90|270
KMAF|10|28|8302|150|ASP|1|114|294
KMAF|16L|34R|4247|100|ASP|1|177|357
KMAF|16R|34L|9501|150|ASP|1|175|355
KMAF|4|22|4605|75|ASP|1|54|234
KMAI|18|36|6000|100|ASPH|1|180|360
KMAI|8|26|4895|100|ASPH-P|0|82|262
KMAL|14|32|3245|75|ASP|1|128|308
KMAL|5|23|4000|100|ASP|1|38|218
KMAO|4|22|4503|100|ASP|1|35|215
KMAW|14|32|4999|80|ASPH-G|1|136|316
KMAW|18|36|5011|100|ASP|1|181|1
KMBG|12|30|4411|75|ASP|1|127|307
KMBG|17|35|2400|250|GRS|0|180|0
KMBL|18|36|2720|75|ASP|1|181|1
KMBL|9|27|5502|100|ASP|1|91|271
KMBO|17|35|4444|75|ASP|1|175|355
KMBS|14|32|6400|150|ASP|1|136|316
KMBS|5|23|8002|150|ASP|1|46|226
KMBT|18|36|4753|100|ASP|1|183|3
KMBY|13|31|4270|100|ASP|1|130|310
KMBY|5|23|3350|60|ASP|1|53|233
KMCB|15|33|5000|100|ASP|1|156|336
KMCC|16|34|10600|200|CON|1|180|0
KMCD|8|26|3501|75|ASP|1|75|255
KMCE|12|30|5903|150|ASP|1|139|319
KMCF|4|22|11421|151|ASP|1|40|220
KMCI|01L|19R|10801|150|CON|1|13|193
KMCI|01R|19L|9500|150|CON|1|13|193
KMCI|9|27|9500|150|ASP|1|96|276
KMCK|12|30|6449|100|CON|1|132|312
KMCK|17|35|1350|160|GRS|0|182|2
KMCK|4|22|4000|75|CONC-G|0|46|226
KMCN|13|31|5001|150|ASP|1|130|310
KMCN|5|23|6501|150|ASP|1|48|228
KMCO|17L|35R|9000|150|ASP|1|180|0
KMCO|17R|35L|10000|150|CON|1|179|359
KMCO|18L|36R|12005|200|PEM|1|179|359
KMCO|18R|36L|12004|200|CON|1|179|359
KMCW|12|30|5502|150|ASP|1|125|305
KMCW|18|36|6501|150|ASP|1|180|0
KMCX|18|36|4002|60|ASP|1|179|359
KMCZ|3|21|5000|75|ASP|1|24|204
KMDD|16|34|3977|75|ASP|1|165|345
KMDD|7|25|5022|75|ASP|1|75|255
KMDF|17|35|3500|50|ASP|1|180|0
KMDH|18L|36R|6506|100|ASP|1|181|1
KMDH|18R|36L|3498|60|ASP|1|181|1
KMDH|6|24|4164|100|ASP|1|61|241
KMDQ|18|36|5008|100|ASP|1|181|1
KMDS|15|33|5000|75|ASP|1|154|334
KMDS|3|21|2600|200|GRS|0|34|214
KMDT|13|31|10001|200|ASP|1|117|297
KMDW|04L|22R|5507|150|ASP|1|43|223
KMDW|04R|22L|6446|150|PEM|1|43|223
KMDW|13C|31C|6522|150|CON|1|134|314
KMDW|13R|31L|3859|60|CON|1|134|314
KMDZ|16|34|4101|75|ASP|1|156|336
KMDZ|9|27|5001|75|ASP|1|89|269
KMEB|13|31|3753|150|CON|1|135|315
KMEB|5|23|6489|150|CON|1|46|226
KMEI|1|19|10003|150|ASP|1|9|189
KMEI|4|22|4599|150|ASP|1|44|224
KMEJ|17|35|4800|75|CON|1|176|356
KMEJ|8|26|2553|80|GRS|0|90|270
KMEM|18C|36C|11120|150|CON|1|179|359
KMEM|18L|36R|9000|150|CON|1|179|359
KMEM|18R|36L|9320|150|CON|1|179|359
KMEM|9|27|8946|150|ASP|1|92|272
KMER|13|31|11802|150|PEM|1|141|321
KMEV|12G|30G|2200|60|DIRT-G|0|120|300
KMEV|12|30|5300|75|ASPH-G|0|135|315
KMEV|16|34|7400|100|ASP|1|180|0
KMEY|2|20|2801|60|CON|1|24|204
KMEZ|17|35|5000|75|ASP|1|174|354
KMEZ|9|27|6000|100|ASP|1|91|271
KMFD|14|32|9001|150|ASP|1|137|317
KMFD|5|23|6795|150|ASP|1|47|227
KMFE|13|31|7120|150|ASP|1|141|321
KMFE|18|36|2638|60|ASP|1|189|9
KMFI|16|34|5000|100|ASP|1|159|339
KMFI|4|22|3600|100|ASP|1|47|227
KMFR|14|32|8800|150|ASP|1|159|339
KMFR|9|27|3136|100|ASP|1|113|293
KMFV|3|21|5004|100|ASP|1|23|203
KMGC|2|20|4100|75|ASP|1|20|200
KMGE|110|290|4000|60|ASPH|0|110|290
KMGE|11|29|10000|300|CON|1|106|286
KMGG|04W|22W|8000|2000|WATER|0|40|220
KMGG|10|28|2796|60|ASPH-G|0|102|282
KMGJ|4|22|5006|100|PEM|1|22|202
KMGJ|8|26|3664|100|ASP|1|66|246
KMGM|10|28|9010|150|ASP|1|96|276
KMGM|3|21|4010|150|ASP|1|33|213
KMGN|10|28|4157|75|ASP|1|96|276
KMGR|16|34|3878|75|ASP|0|159|339
KMGR|4|22|5129|100|ASP|1|39|219
KMGW|18|36|5199|150|ASP|1|172|352
KMGW|5|23|2769|75|ASP|1|45|225
KMGY|2|20|5000|100|ASP|1|22|202
KMHE|12|30|6700|100|ASP|1|134|314
KMHE|17|35|5512|100|ASP|1|180|0
KMHK|13|31|3800|100|PEM|1|142|322
KMHK|3|21|7000|150|CON|1|40|220
KMHL|18|36|4701|75|ASP|1|181|1
KMHL|9|27|3320|150|GRE|0|95|275
KMHP|10|28|3612|75|ASP|1|93|273
KMHR|04L|22R|6040|150|ASP|0|54|234
KMHR|04R|22L|11301|150|CON|1|54|234
KMHT|17|35|9250|150|ASP|1|157|337
KMHT|6|24|6850|150|ASP|1|42|222
KMHV|12|30|9502|200|PEM|1|135|315
KMHV|4|22|4743|50|ASP|0|52|232
KMHV|8|26|7050|100|ASP|1|90|270
KMIA|08L|26R|8600|150|ASP|1|87|267
KMIA|08R|26L|10506|200|ASP|1|87|267
KMIA|12|30|9354|150|ASP|1|119|299
KMIA|9|27|13000|150|ASP|1|87|267
KMIB|11|29|13197|300|CON|1|125|305
KMIC|06L|24R|2499|75|ASP|1|53|233
KMIC|06R|24L|1669|137|GRS|0|53|233
KMIC|14|32|3751|75|ASP|1|141|321
KMIE|14|32|6500|150|ASP|1|136|316
KMIE|2|20|4998|100|ASP|1|16|196
KMIO|17|35|5020|100|ASP|1|180|0
KMIT|12|30|4501|100|ASP|1|133|313
KMIT|17|35|2972|100|CON|0|180|0
KMIV|10|28|6002|150|ASP|1|90|270
KMIV|14|32|5057|150|CON|1|135|315
KMIW|12|30|5006|100|ASP|1|127|307
KMIW|18|36|2806|50|ASP|1|184|4
KMJD|18|36|5000|75|ASP|1|180|0
KMJQ|13|31|3591|75|ASP|1|139|319
KMJQ|4|22|2250|300|GRS|0|48|228
KMJX|14|32|3599|75|Asphalt|0|128|308
KMJX|6|24|5949|100|ASP|1|50|230
KMKA|15|33|3600|60|ASP|1|158|338
KMKC|1|19|6817|150|CON|1|13|193
KMKC|4|22|5050|100|ASP|1|38|218
KMKE|01L|19R|9690|200|PEM|1|7|187
KMKE|01R|19L|4183|150|ASP|1|7|187
KMKE|07L|25R|4800|100|ASP|1|71|251
KMKE|07R|25L|8012|150|PEM|1|72|252
KMKE|13|31|5868|150|ASP|1|132|312
KMKG|14|32|5001|150|ASP|1|137|317
KMKG|6|24|6501|150|ASP|1|56|236
KMKJ|8|26|5252|75|ASP|1|73|253
KMKL|11|29|3539|100|ASP|1|112|292
KMKL|2|20|6006|150|ASP|1|22|202
KMKN|17|35|4500|75|ASP|1|180|0
KMKO|13|31|7201|150|CON|1|137|317
KMKO|18|36|1900|60|ASP|0|180|0
KMKO|4|22|4500|75|ASP|0|47|227
KMKS|5|23|4350|75|ASP|1|43|223
KMKT|15|33|5400|100|ASP|1|155|335
KMKT|4|22|3999|75|ASP|1|47|227
KMKV|4|22|3802|75|ASP|1|37|217
KMKY|17|35|5000|100|ASP|1|168|348
KMLB|09L|27R|6000|150|ASP|1|87|267
KMLB|09R|27L|10181|150|ASP|1|87|267
KMLB|5|23|3001|75|ASP|1|42|222
KMLC|2|20|5602|100|CONC-F|0|20|200
KMLD|16|34|4950|60|ASP|1|180|0
KMLE|12|30|3801|75|CON|1|129|309
KMLF|16|34|5000|75|ASP|1|180|0
KMLI|13|31|7001|150|PEM|1|128|308
KMLI|5|23|4509|150|ASP|1|49|229
KMLI|9|27|10002|150|PEM|1|91|271
KMLJ|10|28|5500|100|ASP|1|91|271
KMLS|12|30|5624|100|ASP|1|135|315
KMLS|4|22|5680|75|ASP|1|52|232
KMLT|11|29|4713|100|ASP|1|90|270
KMLT|16|34|4008|150|ASP|0|139|319
KMLU|14|32|5000|150|ASP|1|140|320
KMLU|18|36|5001|150|ASP|0|180|0
KMLU|4|22|7507|150|PEM|1|45|225
KMMH|9|27|7000|100|ASP|1|109|289
KMMI|2|20|5000|75|ASP|1|19|199
KMMK|18|36|3100|75|ASP|1|162|342
KMML|12|30|5010|100|ASP|1|130|310
KMML|2|20|4000|75|ASP|1|28|208
KMMS|2|20|3348|70|ASP|1|17|197
KMMT|14|32|9017|150|PEM|1|134|314
KMMT|5|23|2033|90|ASP|1|44|224
KMMU|13|31|3998|150|ASP|1|114|294
KMMU|5|23|5999|150|ASP|1|36|216
KMMV|17|35|4676|150|ASP|0|186|6
KMMV|4|22|5420|150|ASP|1|57|237
KMNF|10|28|5005|75|ASP|1|99|279
KMNI|2|20|3602|75|ASP|1|12|192
KMNM|14|32|5100|100|ASP|1|140|320
KMNM|3|21|6000|100|ASP|1|31|211
KMNN|13|31|3498|100|ASP|1|120|300
KMNN|7|25|5000|100|ASP|1|60|240
KMNV|5|23|3501|75|ASP|1|44|224
KMNZ|18|36|5000|75|ASP|1|189|9
KMOB|14|32|8521|150|ASP|1|144|324
KMOB|18|36|4365|150|ASP|1|180|0
KMOD|10L|28R|5911|150|ASP|1|124|304
KMOD|10R|28L|3459|100|ASP|1|124|304
KMOP|5|23|2500|160|GRS|0|57|237
KMOP|9|27|5000|100|ASP|1|91|271
KMOR|5|23|5701|100|ASP|1|49|229
KMOT|13|31|7700|150|CON|1|138|318
KMOT|8|26|6350|100|ASP|1|90|270
KMOX|14|32|4000|75|ASP|1|144|324
KMOX|4|22|2640|150|GRS|0|49|229
KMPE|18|36|5000|50|ASP|1|185|5
KMPG|6|24|3302|60|ASP|1|52|232
KMPI|8|26|3306|60|ASP|1|100|280
KMPJ|3|21|5853|75|ASP|0|29|209
KMPO|13|31|5001|75|ASP|1|115|295
KMPO|5|23|4000|100|ASP|1|37|217
KMPR|18|36|5500|100|CON|1|186|6
KMPR|8|26|2511|75|GRS|0|90|270
KMPV|17|35|5002|100|ASP|1|152|332
KMPV|5|23|4022|100|ASP|0|32|212
KMPZ|15|33|4001|75|ASP|1|152|332
KMPZ|3|21|1965|120|GRS|0|31|211
KMQB|9|27|5101|100|ASP|1|90|270
KMQI|17|35|3303|75|ASP|1|158|338
KMQI|5|23|4300|100|ASP|1|38|218
KMQJ|16|34|3901|75|CON|1|160|340
KMQJ|7|25|5500|100|CON|1|70|250
KMQS|11|29|5400|100|ASP|1|102|282
KMQW|3|21|4030|75|ASP|1|23|203
KMQY|14|32|8036|150|ASP|1|139|319
KMQY|1|19|5546|100|ASP|1|4|184
KMRB|8|26|9600|150|ASP|1|71|251
KMRC|17|35|2000|200|GRS|0|170|350
KMRC|6|24|6003|100|ASP|1|54|234
KMRF|12|30|6214|75|ASP|1|135|315
KMRF|3|21|5307|75|ASP|0|45|225
KMRF|8|26|2825|60|GRE|0|90|270
KMRH|14|32|4000|100|ASP|0|133|313
KMRH|3|21|4191|150|ASP|1|25|205
KMRH|8|26|5004|100|ASP|1|68|248
KMRJ|11|29|5000|75|ASP|1|111|291
KMRJ|4|22|3601|60|ASP|1|41|221
KMRN|3|21|5500|75|ASP|1|24|204
KMRT|9|27|4218|75|ASP|1|83|263
KMRY|10L|28R|3513|60|ASP|1|113|293
KMRY|10R|28L|7616|150|ASP|1|113|293
KMSL|11|29|6693|150|ASP|1|114|294
KMSL|18|36|4000|100|ASP|1|181|1
KMSN|14|32|5846|150|CON|1|137|317
KMSN|18|36|9005|150|CON|1|182|2
KMSN|3|21|7200|150|CON|1|29|209
KMSO|11|29|9501|150|ASP|1|130|310
KMSO|7|25|4612|75|ASP|1|89|269
KMSP|12L|30R|8000|150|PEM|1|121|301
KMSP|12R|30L|10000|200|PEM|1|121|301
KMSP|17|35|8000|150|CON|1|170|350
KMSP|4|22|11006|150|CON|1|45|225
KMSS|5|23|5601|100|ASP|1|31|211
KMSS|9|27|4000|100|ASP|1|76|256
KMSV|15|33|6300|150|ASP|1|143|323
KMSY|11|29|10104|150|PEM|1|106|286
KMSY|2|20|7001|150|ASP|1|15|195
KMTC|1|19|9000|150|PEM|1|2|182
KMTH|7|25|5008|100|ASP|1|67|247
KMTJ|13|31|7500|100|ASP|1|139|319
KMTJ|17|35|10000|150|ASP|1|180|0
KMTN|15|33|6996|180|CON|1|135|315
KMTO|11|29|6501|150|CON|1|113|293
KMTO|18|36|1080|250|GRS|0|176|356
KMTO|6|24|5799|100|ASP|1|60|240
KMTP|6|24|3481|75|ASP|1|47|227
KMTV|12|30|5002|100|ASP|1|118|298
KMTW|17|35|5002|100|ASP|1|170|350
KMTW|7|25|3343|100|ASP|1|70|250
KMUI|7|25|3967|100|ASP|1|60|240
KMUI|H1||100|100|CON|0|-1|-1
KMUI|H2||100|100|CON|0|-1|-1
KMUI|H3||100|100|CON|0|-1|-1
KMUL|14|32|4500|75|CON|0|135|315
KMUO|12|30|13500|200|PEM|1|135|315
KMUT|12|30|4000|75|CON|1|125|305
KMUT|6|24|5500|100|CON|1|58|238
KMVC|3|21|6016|100|ASP|1|30|210
KMVE|14|32|4000|75|ASP|1|143|323
KMVE|3|21|2330|165|GRS|0|40|220
KMVI|10|28|1731|45|GRE|0|118|298
KMVI|16|34|2449|30|GRE|0|172|352
KMVI|2|20|5900|60|ASP|1|29|209
KMVL|1|19|3701|75|ASP|1|358|178
KMVM|18|36|2909|60|ASP|1|157|337
KMVN|15|33|3149|100|ASP|1|150|330
KMVN|5|23|6498|150|ASP|1|50|230
KMVY|15|33|3297|75|ASP|1|131|311
KMVY|6|24|5504|100|ASP|1|41|221
KMWA|11|29|5000|100|ASP|1|108|288
KMWA|2|20|8012|150|ASP|1|23|203
KMWC|04L|22R|3202|75|ASP|1|36|216
KMWC|04R|22L|2862|275|GRS|0|36|216
KMWC|15L|33R|4106|75|ASP|1|146|326
KMWC|15R|33L|3251|275|GRS|0|145|325
KMWH|14L|32R|13503|200|PEM|1|162|342
KMWH|14R|32L|2937|75|CON|0|162|342
KMWH|18|36|3307|75|ASP|1|198|18
KMWH|4|22|10000|100|PEM|1|54|234
KMWH|9|27|3500|90|CON|0|108|288
KMWK|18|36|5500|75|ASP|1|173|353
KMWL|13|31|5996|100|ASP|1|136|316
KMWL|17|35|4188|100|ASP|1|181|1
KMWM|17|35|3599|75|ASP|1|180|0
KMWO|5|23|6100|100|ASP|1|49|229
KMWO|8|26|2984|300|GRE|0|85|265
KMXA|18|36|4200|60|ASP|1|180|0
KMXF|15|33|8013|150|ASP|1|148|328
KMXF|7|187|3015|60|ASPH|0|7|187
KMXO|15|33|4400|75|CON|1|154|334
KMXO|9|27|2275|90|GRS|0|90|270
KMYF|10L|28R|4577|150|ASP|1|115|295
KMYF|10R|28L|3400|60|ASP|1|115|295
KMYF|5|23|3400|150|ASP|0|65|245
KMYJ|18|36|3199|50|PEM|1|182|2
KMYJ|6|24|5501|100|CON|1|66|246
KMYL|16|34|6107|75|ASP|1|179|359
KMYR|18|36|9503|150|ASP|1|168|348
KMYV|14|32|6006|150|ASP|1|157|337
KMYV|5|23|3281|60|ASP|0|67|247
KMYZ|15|33|4200|60|ASP|1|161|341
KMYZ|2|20|2190|75|GRS|0|34|214
KMZH|4|22|3200|75|ASP|1|39|219
KMZJ|12|30|6849|150|ASP|1|135|315
KMZZ|15|33|3596|100|ASP|1|150|330
KMZZ|4|22|6000|100|ASP|1|38|218
KNBC|14|32|7999|200|PEM|1|135|315
KNBC|5|23|12202|200|PEM|1|42|222
KNBG|14|32|6000|200|ASP|1|140|320
KNBG|4|22|9999|200|ASP|1|44|224
KNBJ|15|33|4000|150|ASP|0|152|332
KNBJ|9|27|4000|150|ASP|0|90|270
KNCA|1|19|4790|150|ASP|1|0|180
KNCA|5|23|5114|150|ASP|1|45|225
KNDY|16|34|4191|150|ASP|1|159|339
KNDZ|14|32|6001|200|ASP|1|137|317
KNDZ|5|23|5997|200|ASP|1|47|227
KNEL|15|33|5001|150|ASP|1|140|320
KNEL|6|24|5000|150|ASP|1|50|230
KNEN|12|30|8000|150|ASPH|1|12|288
KNEW|18L|36R|3697|75|ASP|1|179|359
KNEW|18R|36L|6880|150|ASP|1|179|359
KNEW|9|27|3113|75|ASP|1|89|269
KNFD|10|28|2850|150|BIT|0|109|289
KNFD|16|34|2850|150|BIT|0|166|346
KNFD|4|22|2850|150|BIT|0|47|227
KNFE|5|23|8000|175|ASP|1|46|226
KNFG|3|21|6006|200|ASP|1|45|225
KNFJ|18|36|8000|150|ASP|1|180|0
KNFL|13L|31R|11079|200|CON|1|145|325
KNFL|13R|31L|14005|201|PEM|1|145|325
KNFL|7|25|7004|154|PEM|1|88|268
KNFW|17|35|12000|200|CON|1|180|0
KNGP|13L|31R|4998|200|ASP|1|135|315
KNGP|13R|31L|8003|200|PEM|1|135|315
KNGP|17|35|5003|200|ASP|1|180|0
KNGP|4|22|4997|200|ASP|1|45|225
KNGS|14|32|4500|150|ASP|0|136|316
KNGS|18|36|4500|150|ASP|0|180|0
KNGS|5|23|4500|150|ASP|0|46|226
KNGS|9|27|4500|150|ASP|0|91|271
KNGU|10|28|8369|200|ASP|1|90|270
KNGW|13|31|5000|150|ASP|1|133|313
KNGW|17|35|5000|150|ASP|1|179|359
KNHK|14|32|9742|200|PEM|1|126|306
KNHK|2|20|5021|75|ASP|0|8|188
KNHK|6|24|11807|200|PEM|1|49|229
KNID|14|32|9011|200|PEM|1|154|334
KNID|3|21|9991|200|PEM|1|42|222
KNID|8|26|7701|200|PEM|1|91|271
KNIP|10|28|8002|200|ASPH|1|101|281
KNIP|14|32|5984|200|ASP|1|135|315
KNJK|12|30|6823|200|PEM|1|135|315
KNJK|8|26|9503|200|PEM|1|90|270
KNJM|5|23|3997|96|PSP|1|41|221
KNJW|13|31|7976|150|CON|1|134|314
KNKT|05L|23R|7553|200|ASP|1|46|226
KNKT|05R|23L|8188|196|ASP|1|46|226
KNKT|14L|32R|8984|200|ASP|1|136|316
KNKT|14R|32L|8399|200|ASP|1|136|316
KNKX|06L|24R|12000|200|CON|1|75|255
KNKX|06R|24L|8000|200|PEM|1|75|255
KNKX|10|28|2800|200|CON|1|110|290
KNLC|14L|32R|13502|200|CON|1|156|336
KNLC|14R|32L|13502|200|CON|1|156|336
KNMM|01L|19R|8002|200|CON|1|9|189
KNMM|01R|19L|8002|200|CON|1|9|189
KNMM|10|28|6401|200|CON|1|99|279
KNOG|13|31|8000|200|PEM|1|135|315
KNOG|1|19|8000|200|PEM|1|15|195
KNOW|7|25|4500|150|ASP|1|94|274
KNPA|07L|25R|8002|200|ASP|1|68|248
KNPA|07R|25L|8001|200|ASP|1|68|248
KNPA|1|19|7137|200|ASP|1|6|186
KNQA|4|22|8000|200|PEM|1|39|219
KNQI|13L|31R|8000|200|PEM|1|134|314
KNQI|13R|31L|8000|200|PEM|1|134|314
KNQI|17L|35R|8000|200|PEM|1|179|359
KNQI|17R|35L|8000|200|PEM|1|179|359
KNQX|13|31|7000|150|PEM|1|131|311
KNQX|3|21|7000|150|PEM|1|32|212
KNQX|7|25|10000|200|PEM|1|73|253
KNRA|14|32|5400|200|CON|1|156|336
KNRB|5|23|8001|200|ASP|1|43|223
KNRN|16|34|4700|60|CON|1|164|344
KNRQ|04L|22R|1800|150|ASP|0|39|219
KNRQ|04R|22L|1800|150|ASP|0|39|219
KNRQ|09L|27R|1800|150|ASP|0|90|270
KNRQ|09R|27L|1800|150|ASP|0|90|270
KNRQ|13L|31R|1800|150|ASP|0|135|315
KNRQ|13R|31L|1800|150|ASP|0|135|315
KNRQ|18L|36R|1800|150|ASP|0|180|0
KNRQ|18R|36L|1800|150|ASP|0|180|0
KNRS|8|26|2241|150|CON|0|105|285
KNRS|9|27|4999|340|PEM|1|105|285
KNSE|14|32|6000|200|ASP|1|137|317
KNSE|5|23|6000|200|ASP|1|47|227
KNSI|12|30|10002|200|PEM|1|133|313
KNTD|3|21|11102|200|ASP|1|44|224
KNTD|9|27|5504|200|ASP|1|105|285
KNTU|05L|23R|8001|150|CON|1|42|222
KNTU|05R|23L|11997|200|PEM|1|42|222
KNTU|14L|32R|8000|150|CON|1|133|313
KNTU|14R|32L|7999|200|PEM|1|134|314
KNUC|5|23|9301|200|CON|1|67|247
KNUI|15|33|5000|150|ASP|0|142|322
KNUI|8|26|5000|150|ASP|0|66|246
KNUQ|14L|32R|9202|200|CON|1|158|338
KNUQ|14R|32L|8127|200|ASP|1|158|338
KNUW|14|32|8001|200|CONC|0|155|335
KNUW|7|25|8000|200|CON|1|87|267
KNVD|13|31|2581|40|ASP|0|135|315
KNVD|2|20|5901|75|ASP|1|26|206
KNWL|13|31|5000|200|ASP|1|135|315
KNWL|17|35|5000|200|ASP|1|180|0
KNXP|10|28|8015|150|PSP|1|112|292
KNYG|2|20|4279|200|ASP|1|15|195
KNYL|03L|21R|13299|200|CON|1|44|224
KNYL|03R|21L|9239|150|ASP|1|44|224
KNYL|17|35|5710|150|ASP|1|179|359
KNYL|8|26|6145|150|ASP|1|89|269
KNZY|11|29|7500|300|PEM|1|122|302
KNZY|18|36|8000|200|PEM|1|196|16
KOAJ|5|23|7100|150|ASP|1|44|224
KOAK|10L|28R|5458|150|ASP|1|112|292
KOAK|10R|28L|6213|150|ASP|1|112|292
KOAK|12|30|10000|150|ASP|1|130|310
KOAK|15|33|3376|75|ASP|1|165|345
KOAR|11|29|3000|75|ASP|1|123|303
KOBE|14|32|4000|150|ASP|0|135|315
KOBE|5|23|5000|150|ASP|1|44|224
KOBI|13|31|3073|75|ASPH-G|0|120|300
KOBI|1|19|3304|75|ASP|1|0|180
KOCF|18|36|6907|150|ASP|1|180|0
KOCF|8|26|3010|50|ASP|0|80|260
KOCH|18|36|5000|75|ASP|1|184|4
KOCQ|11|29|3199|75|ASP|1|110|290
KOCQ|4|22|1845|150|GRS|0|40|220
KOCW|17|35|5000|150|ASP|1|155|335
KOCW|5|23|5000|100|ASP|1|37|217
KODO|11|29|3420|60|ASP|0|120|300
KODO|16|34|5003|75|ASP|1|165|345
KODO|2|20|5703|75|ASP|1|30|210
KODX|13|31|4500|60|CON|1|136|316
KODX|17|35|2086|300|GRE|0|179|359
KOEB|16|34|2400|190|GRS|0|162|342
KOEB|4|22|3500|75|ASP|1|34|214
KOEB|7|25|5350|75|ASP|1|64|244
KOEL|16|34|5000|75|ASP|1|169|349
KOEL|8|26|2270|110|GRS|0|90|270
KOEO|10|28|3862|75|ASP|1|104|284
KOEO|4|22|2270|150|GRS|1|45|225
KOFK|14|32|5800|100|ASP|1|142|322
KOFK|1|19|5800|100|ASP|1|19|199
KOFP|16|34|5400|100|ASP|1|150|330
KOGA|13|31|3698|50|ASP|1|144|324
KOGA|8|26|5100|75|CON|1|90|270
KOGB|17|35|5401|100|ASP|1|167|347
KOGB|5|23|4500|100|ASP|1|42|222
KOGD|16|34|5195|150|ASP|1|180|0
KOGD|3|21|8103|150|ASP|1|45|225
KOGM|17|35|3500|75|ASPH-G|0|163|343
KOGS|9|27|5200|150|ASP|1|76|256
KOIC|1|19|4724|75|ASP|1|3|183
KOIN|12|30|2850|125|TURF-F|0|135|315
KOIN|17|35|3793|50|ASP|1|180|0
KOIN|3|21|1686|190|GRS|0|42|222
KOJA|17|35|5100|75|CON|1|180|0
KOJC|18|36|4098|75|CON|1|180|0
KOKB|6|24|2712|75|ASP|1|74|254
KOKC|13|31|7800|150|PEM|1|135|315
KOKC|17L|35R|9802|150|CON|1|180|0
KOKC|17R|35L|9800|150|CON|1|180|0
KOKC|18|36|3079|75|ASP|1|180|0
KOKH|7|25|3244|25|ASP|1|90|270
KOKK|14|32|4001|150|ASP|1|135|315
KOKK|5|23|5201|150|ASP|1|45|225
KOKM|18|36|5150|100|CON|1|179|359
KOKS|12|30|4701|60|CON|1|134|314
KOKV|14|32|5500|100|ASP|1|134|314
KOKZ|12|30|5015|75|ASP|1|120|300
KOLD|12|30|3999|100|ASP|1|97|277
KOLD|17W|35W|8400|100|WATER|0|170|350
KOLD|4|22|3199|75|ASP|1|22|202
KOLE|16|34|2117|105|GRS|0|148|328
KOLE|4|22|4800|100|ASP|1|32|212
KOLF|11|29|5089|100|ASP|1|120|300
KOLG|1|19|3100|60|ASP|1|8|188
KOLM|17|35|5501|150|ASP|1|191|11
KOLM|8|26|4157|150|ASP|0|104|284
KOLS|3|21|7199|90|ASP|1|46|226
KOLU|14|32|6800|100|CON|1|150|330
KOLU|2|20|4135|150|GRS|0|30|210
KOLV|18|36|6000|100|ASP|1|180|0
KOLY|11|29|4100|75|ASP|1|107|287
KOLY|3|21|3599|60|ASP|1|36|216
KOLZ|13|31|4001|75|CON|1|135|315
KOLZ|18|36|1800|85|GRS|0|182|2
KOMA|14L|32R|8500|150|CON|1|144|324
KOMA|14R|32L|9502|150|PEM|1|144|324
KOMA|18|36|8153|150|PEM|1|180|0
KOMH|8|26|3200|75|ASPH-E|0|66|246
KOMK|17|35|4667|150|ASP|1|189|9
KOMN|17|35|3701|100|ASP|1|168|348
KOMN|9|27|4004|75|ASP|1|79|259
KONA|12|30|5199|100|ASP|1|120|300
KONL|13|31|4409|75|ASP|1|139|319
KONL|4|22|3030|120|GRE|0|43|223
KONM|15|33|5841|100|ASP|1|164|344
KONM|6|24|4590|60|ASP|1|74|254
KONO|15|33|5006|100|ASP|1|159|339
KONP|16|34|5398|150|ASP|1|177|357
KONP|2|20|3000|75|ASP|1|37|217
KONT|08L|26R|12198|150|CON|1|90|270
KONT|08R|26L|10200|150|CON|1|90|270
KONX|5|23|5506|150|CON|1|35|215
KONY|13|31|5096|150|ASP|0|135|315
KONY|17|35|5101|75|ASP|1|180|0
KONY|4|22|5098|75|ASP|0|45|225
KONZ|17|35|4425|75|CON|1|167|347
KONZ|4|22|4846|100|CON|1|30|210
KOOA|13|31|4003|75|CON|1|135|315
KOOA|4|22|1975|75|CON|0|44|224
KOPF|09L|27R|8002|150|ASP|1|87|267
KOPF|09R|27L|4306|100|ASP|1|87|267
KOPF|12|30|6800|150|ASP|1|122|302
KOPL|18|36|5849|100|CON|1|180|0
KOPL|6|24|4051|100|CONC-F|0|60|240
KOPN|12|30|5701|100|ASP|1|118|298
KOQN|9|27|3347|50|ASP|1|77|257
KOQU|16|34|7504|150|PEM|1|145|325
KOQU|5|23|4000|75|ASP|1|34|214
KOQW|15|33|3300|60|ASP|1|155|335
KORB|13|31|4001|75|ASP|1|138|318
KORD|04L|22R|7500|150|ASP|1|39|219
KORD|04R|22L|8075|150|ASP|1|42|222
KORD|09C|27C|11245|200|concrete|1|90|270
KORD|09L|27R|7500|150|ASP|1|90|270
KORD|09R|27L|7967|150|ASP|1|90|270
KORD|10C|28C|10801|200|CON|1|90|270
KORD|10L|28R|13000|150|CON|1|90|270
KORD|10R|28L|7500|150|CONCRETE|1|90|270
KORE|14|32|4801|75|ASP|1|127|307
KORE|1|19|5000|75|ASP|1|1|181
KORF|14|32|4875|150|ASP|1|128|308
KORF|5|23|9001|150|ASP|1|38|218
KORG|4|22|5500|75|ASP|1|42|222
KORH|11|29|7000|150|ASP|1|94|274
KORH|15|33|5000|100|ASP|1|138|318
KORK|17|35|3019|75|ASP|1|180|0
KORK|5|23|5002|75|CON|1|55|235
KORL|13|31|4638|100|ASP|1|131|311
KORL|7|25|6003|150|ASP|1|67|247
KORS|16|34|2900|60|ASPH-G|0|160|340
KOSA|17|35|5000|75|ASP|1|172|352
KOSC|7|25|11800|200|ASP|1|58|238
KOSH|13|31|3060|75|ASP|0|129|309
KOSH|18|36|8002|150|CON|1|180|0
KOSH|5|23|3424|75|ASP|0|45|225
KOSH|9|27|6178|150|ASP|1|91|271
KOSU|09L|27R|2994|100|ASP|1|87|267
KOSU|09R|27L|5004|100|ASP|1|87|267
KOSU|5|23|3555|100|ASP|1|49|229
KOSX|14|32|5000|75|ASP|1|137|317
KOTG|11|29|5506|100|ASP|1|115|295
KOTG|17|35|4201|100|ASP|1|180|0
KOTH|13|31|4470|150|ASP|1|150|330
KOTH|5|23|5980|150|ASP|1|61|241
KOTM|13|31|5885|150|PEM|1|135|315
KOTM|4|22|5178|200|ASP|1|45|225
KOUN|17|35|5200|100|ASP|1|180|0
KOUN|3|21|4747|100|ASP|1|36|216
KOVE|12|30|3540|100|ASP|1|144|324
KOVE|1|19|6020|100|ASP|1|33|213
KOVL|11|29|3498|75|ASP|1|118|298
KOVO|15|33|2730|50|ASP|0|153|333
KOVO|5|23|5002|75|ASP|1|48|228
KOVS|2|20|3660|58|ASP|1|17|197
KOVS|7|25|5000|75|ASP|1|67|247
KOWA|12|30|5500|100|CON|1|124|304
KOWB|18|36|8000|150|concrete/grooved|1|178|358
KOWB|5|23|5000|100|ASP|1|52|232
KOWD|10|28|3995|75|ASP|0|89|269
KOWD|17|35|4008|100|ASP|1|155|335
KOWI|13|31|1900|72|GRS|0|131|311
KOWI|17|35|4500|75|ASP|1|180|0
KOWI|5|23|2345|81|GRS|0|52|232
KOWK|15|33|3999|100|ASP|1|129|309
KOWK|3|21|3999|100|ASP|0|9|189
KOWP|17|35|5800|100|ASP|1|176|356
KOWX|9|27|4427|65|ASP|1|90|270
KOXB|14|32|4072|75|PEM|1|133|313
KOXB|2|20|3201|75|PEM|1|10|190
KOXC|18|36|5800|100|ASP|1|171|351
KOXD|5|23|4011|70|ASP|1|46|226
KOXI|18|36|5001|75|ASP|1|180|0
KOXI|9|27|3096|145|GRS|0|90|270
KOXR|7|25|5953|100|ASP|1|90|270
KOXV|15|33|4000|75|CON|1|156|336
KOYM|10|28|4300|75|ASP|1|90|270
KOZA|16|34|6000|75|ASP|1|168|348
KOZR|18|36|5000|150|ASP|1|181|1
KOZR|6|24|4500|150|ASP|1|61|241
KOZW|13|31|5002|100|ASP|1|127|307
KPAE|16L|34R|3000|75|ASP|1|180|0
KPAE|16R|34L|9010|150|ASP|1|179|359
KPAH|14|32|5500|150|ASP|1|139|319
KPAH|4|22|6499|150|ASP|1|44|224
KPAM|13L|31R|10004|200|CON|1|134|314
KPAM|13R|31L|9135|150|PEM|1|134|314
KPAN|6|24|5500|75|ASP|1|72|252
KPAO|13|31|2443|70|ASP|1|142|322
KPBF|18|36|5998|150|ASP|1|180|0
KPBG|17|35|11758|200|CON|1|158|338
KPBH|1|19|5000|75|ASP|1|8|188
KPBH|6|24|3950|75|ASP|1|59|239
KPBI|10L|28R|10008|150|ASPH-G|1|93|273
KPBI|10R|28L|3213|75|ASPH-G|1|93|273
KPBI|14|32|6932|150|ASPH-G|1|135|315
KPBX|2|20|3600|75|ASP|1|16|196
KPBX|9|27|5350|100|ASP|1|84|264
KPCM|10|28|3950|75|ASP|1|94|274
KPCW|18|36|4001|75|ASP|1|178|358
KPCW|9|27|5004|75|ASP|1|83|263
KPCZ|10|28|5200|100|ASP|1|93|273
KPCZ|13|31|3900|75|ASP|1|123|303
KPDC|11|29|3999|75|ASP|1|110|290
KPDC|14|32|5000|75|ASP|1|139|319
KPDK|16|34|3967|150|ASP|1|157|337
KPDK|3L|21R|3746|150|ASP|1|20|200
KPDK|3R|21L|6001|100|CON|1|21|201
KPDK|H1||56|56|CON|1|-1|-1
KPDT|11|29|5581|100|ASP|1|128|308
KPDT|16|34|4341|60|ASP|0|180|0
KPDT|7|25|6300|150|ASP|1|90|270
KPDX|10L|28R|8000|150|ASP|1|119|299
KPDX|10R|28L|11000|150|ASP|1|119|299
KPDX|3|21|7001|150|ASP|1|45|225
KPEA|16|34|5400|75|CON|1|167|347
KPEO|10|28|3561|50|ASP|1|90|270
KPEO|1|19|5500|100|ASP|1|357|177
KPEQ|14|32|6237|80|ASP|1|146|326
KPEQ|9|27|5954|80|ASP|1|101|281
KPEX|11|29|3300|75|ASP|1|110|290
KPEZ|16|34|4000|75|ASP|1|163|343
KPFC|14|32|1875|30|ASPH/ CONC|0|140|320
KPGA|15|33|5950|150|ASP|1|170|350
KPGA|7|25|2201|100|ASP|0|82|262
KPGD|15|33|4743|150|ASP|1|149|329
KPGD|4|22|6695|150|ASPH-G|0|29|209
KPGD|9|27|4591|150|ASP|0|89|269
KPGR|4|22|4500|75|ASP|1|46|226
KPGR|8|26|2800|100|GRS|0|91|271
KPGV|15|33|2687|150|ASP|0|128|308
KPGV|2|20|6500|150|ASP|1|8|188
KPGV|8|26|4998|150|ASP|1|67|247
KPHD|11|29|2050|100|GRS|0|107|287
KPHD|14|32|3950|100|ASP|1|139|319
KPHF|2|20|6526|150|CON|1|13|193
KPHF|7|25|8003|150|CON|1|58|238
KPHG|13|31|4503|60|ASP|1|143|323
KPHG|3|21|2743|140|GRS|0|37|217
KPHH|18|36|3001|60|ASP|1|172|352
KPHK|17|35|4116|75|ASP|1|174|354
KPHL|09L|27R|9500|150|ASP|1|76|256
KPHL|09R|27L|12000|200|ASP|1|76|256
KPHL|17|35|5460|150|ASP|1|159|339
KPHL|8|26|5000|150|ASP|1|76|256
KPHN|10|28|4001|75|ASP|1|95|275
KPHN|4|22|5103|100|ASP|1|36|216
KPHP|12|30|4000|75|ASP|1|128|308
KPHP|5|23|3600|150|GRS|0|63|243
KPHT|2|20|5001|100|ASP|1|16|196
KPHX|07L|25R|10300|150|ASP|1|90|270
KPHX|07R|25L|7800|150|CON|1|90|270
KPHX|8|26|11489|150|CON|1|90|270
KPIA|13|31|10104|150|CON|1|127|307
KPIA|4|22|8003|150|ASP|1|38|218
KPIB|18|36|6501|150|ASP|1|180|0
KPIE|18|36|9730|150|concrete|1|171|351
KPIE|4|22|5903|150|ASP|1|40|220
KPIH|17|35|7150|100|ASP|1|180|0
KPIH|3|21|9060|150|ASP|1|45|225
KPIL|13|31|8000|200|PEM|1|135|315
KPIL|17|35|4200|150|CON|0|180|0
KPIL|3|21|4999|150|PEM|0|35|215
KPIL|8|26|5300|150|CON|0|90|270
KPIM|9|27|5002|100|ASP|1|88|268
KPIR|13|31|6900|100|ASP|1|141|321
KPIR|7|25|6887|150|ASP|1|77|257
KPIT|10C|28C|9708|150|PEM|1|92|272
KPIT|10L|28R|10502|150|PEM|1|92|272
KPIT|10R|28L|11500|200|CON|1|92|272
KPIT|14|32|8101|150|CON|1|136|316
KPJC|17|35|4102|75|ASP|1|165|345
KPJY|18|36|4000|60|ASP|1|181|1
KPKB|10|28|4000|150|ASP|1|95|275
KPKB|3|21|6781|150|ASP|1|22|202
KPKD|13|31|5498|100|ASP|1|135|315
KPKD|17|35|3190|140|GRS|0|180|0
KPKF|18|36|3200|60|ASP|1|180|0
KPKV|14|32|5004|75|ASP|1|144|324
KPKV|5|23|2700|60|GRS|0|55|235
KPLD|9|27|4002|75|ASP|1|89|269
KPLK|12|30|3739|100|ASP|1|119|299
KPLN|14|32|6512|150|ASP|1|135|315
KPLN|5|23|5395|150|ASP|1|45|225
KPLR|3|21|5001|80|ASPH-E|0|22|202
KPLU|17|35|3650|60|ASPH-G|0|180|350
KPMB|15|33|3800|75|ASP|1|161|341
KPMD|4|22|12001|150|CON|1|52|232
KPMD|72|252|6000|75|CONC-E|0|-1|250
KPMD|7|25|12002|150|CON|1|86|266
KPMH|18|36|5006|100|ASP|1|178|358
KPMP|10|28|3502|100|ASP|1|98|278
KPMP|15|33|4918|150|ASP|1|143|323
KPMP|6|24|4001|150|ASP|1|53|233
KPMU|1|19|5000|75|ASP|1|12|192
KPMV|16|34|5500|100|CON|1|167|347
KPMZ|3|21|3700|75|ASP|1|17|197
KPNA|11|29|7100|100|ASP|1|123|303
KPNC|17|35|7201|150|CON|1|180|0
KPNE|15|33|5000|150|ASP|1|141|321
KPNE|6|24|7000|150|ASP|1|48|228
KPNM|15|33|3900|75|ASP|1|158|338
KPNN|15|33|4004|100|ASP|1|132|312
KPNN|6|24|3999|150|ASP|0|38|218
KPNS|17|35|7004|150|ASP|1|167|347
KPNS|8|26|7000|150|ASP|1|78|258
KPNT|6|24|5001|75|ASP|1|59|239
KPOB|49|229|3000|60|ASPH|0|-1|220
KPOB|5|23|7501|150|PEM|1|41|221
KPOC|08L|26R|3661|75|ASP|0|93|273
KPOC|08R|26L|4839|75|ASP|1|93|273
KPOE|15|33|4109|125|ASP|1|160|340
KPOF|18|36|5008|100|PEM|1|181|1
KPOH|11|29|4100|60|CON|1|121|301
KPOH|18|36|1950|135|GRS|0|185|5
KPOU|15|33|2743|100|PEM|1|139|319
KPOU|6|24|5001|100|ASP|1|51|231
KPOU|7|25|1358|100|GRS|0|51|231
KPOV|9|27|3500|75|ASPH-F|1|85|265
KPOY|13|31|6205|100|ASP|1|145|325
KPOY|16|34|2400|100|GRS|0|180|0
KPOY|3|21|2176|100|GRS|0|44|224
KPPA|17|35|5866|100|ASP|1|180|0
KPPA|5|23|4500|75|ASP|1|60|240
KPPF|17|35|5687|100|PEM|1|180|0
KPPO|14|32|2800|60|ASP|0|134|314
KPPO|2|20|5000|75|ASP|1|20|200
KPPQ|13|31|4000|60|ASP|1|135|315
KPQI|10|28|5994|150|ASP|1|76|256
KPQI|1|19|7440|150|ASP|1|346|166
KPQL|17|35|6500|100|ASP|1|166|346
KPQN|18|36|4302|75|ASP|1|184|4
KPQN|9|27|2539|221|GRS|0|97|277
KPRB|13|31|4700|100|ASP|1|144|324
KPRB|1|19|6009|150|ASP|1|28|208
KPRC|03L|21R|4846|60|ASP|1|41|221
KPRC|03R|21L|7550|150|ASP|1|41|221
KPRC|12|30|4408|75|ASP|1|136|316
KPRG|9|27|4502|75|ASP|1|91|271
KPRN|14|32|5500|80|ASP|1|140|320
KPRO|14|32|4000|75|CON|1|141|321
KPRO|4|22|2280|235|GRS|0|52|232
KPRS|17|35|5200|75|ASP|1|179|359
KPRX|14|32|4624|150|CON|0|141|321
KPRX|17|35|6002|150|ASP|1|179|359
KPRX|3|21|4624|150|CON|0|37|217
KPRZ|1|19|5700|60|ASP|1|23|203
KPRZ|8|26|4560|60|ASP|1|90|270
KPSB|16|34|5711|100|ASP|1|156|336
KPSB|6|24|5006|100|ASP|1|50|230
KPSC|03L|21R|7711|150|ASP|1|46|226
KPSC|03R|21L|4423|75|ASP|0|46|226
KPSC|12|30|7703|150|ASP|1|136|316
KPSF|14|32|3496|100|ASP|1|123|303
KPSF|8|26|5001|100|ASP|1|64|244
KPSK|6|24|6201|150|ASP|1|52|232
KPSM|16|34|11321|150|PEM|1|149|329
KPSN|18|36|5005|100|ASP|1|180|0
KPSN|9|27|4003|75|ASP|1|91|271
KPSO|1|19|8098|100|ASP|1|24|204
KPSP|13L|31R|4952|75|ASP|1|144|324
KPSP|13R|31L|10000|150|ASP|1|144|324
KPSX|13|31|5001|150|CON|1|135|315
KPSX|17|35|5001|150|CON|0|180|0
KPSX|8|26|5001|150|CON|0|90|270
KPTB|14|32|3061|50|ASP|0|133|313
KPTB|5|23|5001|100|ASP|1|43|223
KPTD|6|24|3705|60|ASP|1|44|224
KPTK|09L|27R|5676|100|ASP|1|88|268
KPTK|09R|27L|6521|150|ASP|1|88|268
KPTK|18|36|2582|75|ASP|0|178|358
KPTN|04W|22W|4500|100|WATER|0|55|235
KPTN|6|24|5399|150|ASP|1|59|239
KPTS|16|34|5500|100|ASP|1|169|349
KPTS|4|22|4001|75|ASPH-G|0|40|220
KPTT|17|35|5500|100|ASP|1|180|0
KPTV|12|30|5908|150|ASP|1|135|315
KPTW|10|28|3371|75|ASP|1|85|265
KPUB|08L|26R|10496|150|ASP|1|88|268
KPUB|08R|26L|4073|75|ASP|0|88|268
KPUB|17|35|8308|150|ASP|1|178|358
KPUC|14|32|4520|75|ASP|1|159|339
KPUC|18|36|8319|100|ASP|1|199|19
KPUC|7|25|3631|75|ASP|0|90|270
KPUJ|13|31|5505|100|CONC-G|0|130|310
KPUW|5|23|7100|150|ASP|1|65|245
KPVB|15|33|4000|75|ASP|1|145|325
KPVB|7|25|3600|75|ASP|1|68|248
KPVC|7|25|3500|100|ASP|1|59|239
KPVD|16|34|6081|150|ASP|1|142|322
KPVD|5|23|8700|150|ASP|1|32|212
KPVE|1|19|6000|100|CON|1|12|192
KPVF|5|23|4201|75|ASP|1|63|243
KPVG|10|28|5350|100|ASP|1|92|272
KPVG|2|20|3525|70|ASP|1|9|189
KPVJ|12|30|3499|150|CON|0|134|314
KPVU|13|31|8599|150|ASP|1|146|326
KPVU|18|36|6614|150|ASP|1|192|12
KPVW|13|31|4000|100|ASP|1|138|318
KPVW|4|22|5997|100|ASP|1|51|231
KPWA|13|31|4213|100|CON|1|135|315
KPWA|17L|35R|7198|150|CON|1|180|0
KPWA|17R|35L|5000|75|ASP|1|180|0
KPWC|16|34|3000|75|ASP|1|164|344
KPWD|12|30|3900|75|ASP|1|132|312
KPWD|16|34|1600|83|GRS|0|180|0
KPWD|8|26|2950|60|GRS|0|87|267
KPWG|17|35|5501|75|ASP|1|179|359
KPWG|4|22|3484|55|ASP|0|44|224
KPWK|12|30|4386|75|ASP|1|118|298
KPWK|16|34|5000|150|ASP|1|159|339
KPWK|6|24|3660|50|ASP|1|63|243
KPWM|11|29|7200|150|ASP|1|95|275
KPWM|18|36|5001|150|ASP|1|163|343
KPWT|2|20|6000|150|ASP|1|33|213
KPXE|18|36|5002|100|ASP|1|179|359
KPYG|5|23|3395|60|ASP|1|50|230
KPYM|15|33|4350|75|ASP|1|130|310
KPYM|6|24|4650|75|ASP|1|40|220
KPYN|3|21|3300|60|ASP|1|30|210
KPYP|7|25|5500|100|ASPH|0|63|243
KPYX|17|35|5700|75|ASP|1|180|0
KPYX|4|22|3280|144|GRS|0|51|231
KPZQ|9|27|4105|75|ASP|1|88|268
KRAC|14|32|4423|100|ASP|1|132|312
KRAC|4|22|6556|100|CON|1|37|217
KRAL|16|34|2851|48|ASP|1|179|359
KRAL|9|27|5401|100|ASP|1|103|283
KRAP|14|32|8701|150|CON|1|152|332
KRAP|5|23|3601|75|ASP|1|62|242
KRAS|12|30|3482|70|ASP|1|125|305
KRAW|18|36|3300|60|CON|1|183|3
KRBD|13|31|6451|150|PEM|1|135|315
KRBD|17|35|3800|150|PEM|1|180|0
KRBE|13|31|4698|75|CON|1|141|321
KRBE|2|20|2250|120|GRE|0|35|215
KRBG|16|34|5003|100|ASP|1|180|0
KRBL|15|33|5700|100|ASP|1|168|348
KRBM|4|22|5000|75|ASP|1|39|219
KRBO|13|31|3700|75|ASP|1|135|315
KRBW|17|35|5705|100|PEM|0|166|346
KRBW|5|23|6002|100|PEM|1|44|224
KRBW|9|27|5408|150|PEM|0|89|269
KRCA|13|31|13497|300|CON|1|138|318
KRCK|17|35|3084|50|ASP|1|180|0
KRCM|13|31|2801|60|ASP|1|137|317
KRCM|18|36|4206|75|ASP|1|188|8
KRCP|18|36|5000|75|CON|1|180|360
KRCR|11|29|5001|75|ASP|1|105|285
KRCT|17|35|4506|100|ASP|0|180|0
KRCX|14|32|4000|75|ASP|1|141|321
KRCX|1|19|3200|75|ASP|1|7|187
KRCZ|14|32|5001|100|ASP|1|130|310
KRCZ|4|22|3000|500|GRE|0|38|218
KRDD|12|30|5067|150|ASP|1|140|320
KRDD|16|34|7003|150|ASP|1|180|0
KRDG|13|31|6350|150|ASP|1|121|301
KRDG|18|36|5151|150|ASP|1|172|352
KRDK|14|32|2050|210|TURF-F|0|142|322
KRDK|17|35|2901|60|CON|1|174|354
KRDK|5|23|4100|75|CON|1|58|238
KRDM|11|29|6998|100|ASP|1|122|302
KRDM|5|23|7040|150|ASP|1|60|240
KRDR|17|35|12350|150|ASP|1|180|0
KRDU|05L|23R|10000|150|CON|1|45|225
KRDU|05R|23L|7500|150|ASP|1|45|225
KRDU|14|32|3570|100|ASP|1|135|315
KRED|16|34|4000|75|ASP|1|175|355
KREI|8|26|4505|75|ASP|1|90|270
KREO|3|21|6000|150|GVL|0|46|226
KRFD|1|19|8199|150|ASP|1|5|185
KRFD|7|25|10004|150|PEM|1|65|245
KRFG|14|32|4361|60|ASP|1|153|333
KRFI|12|30|3002|75|ASP|0|126|306
KRFI|16|34|4004|75|ASP|1|170|350
KRGK|9|27|5011|100|ASP|1|93|273
KRHI|15|33|4504|100|ASP|1|148|328
KRHI|9|27|6800|150|CON|1|88|268
KRHP|8|26|5500|75|ASP|1|71|251
KRHV|13L|31R|3100|75|ASP|1|143|323
KRHV|13R|31L|3099|75|ASP|0|143|323
KRIC|16|34|9003|150|ASP|1|148|328
KRIC|2|20|6607|150|ASP|1|13|193
KRIC|7|25|5326|100|ASP|1|57|237
KRID|15|33|5000|100|ASP|1|145|325
KRID|6|24|5500|150|ASP|1|55|235
KRIF|1|19|6600|75|ASP|1|25|205
KRIL|8|26|7000|100|ASP|1|93|273
KRIR|6|24|3200|50|ASP|1|79|259
KRIU|4|22|3800|75|ASP|1|53|233
KRIV|12|30|3010|100|ASP|0|135|315
KRIV|14|32|13300|200|CON|1|149|329
KRIW|10|28|8203|150|ASP|1|114|294
KRIW|1|19|4800|70|ASP|1|24|204
KRJD|12|30|3200|50|ASP|1|109|289
KRKD|13|31|5007|100|ASP|1|111|291
KRKD|3|21|3900|100|ASP|1|13|193
KRKP|14|32|5608|150|ASP|1|145|325
KRKP|18|36|4498|150|ASP|1|190|10
KRKR|18|36|4006|75|ASP|1|190|10
KRKS|3|21|5223|75|ASP|1|45|225
KRKS|9|27|10000|150|ASP|1|103|283
KRKW|4|22|4995|100|ASP|1|39|219
KRLD|1|19|4009|75|ASP|1|26|206
KRLD|8|26|3995|100|ASP|1|95|275
KRME|15|33|11820|200|CON|1|134|314
KRMG|1|19|6000|150|ASP|1|5|185
KRMG|7|25|4497|100|ASP|0|70|250
KRMN|15|33|5000|100|ASP|1|139|319
KRMY|10|28|3500|75|ASP|1|97|277
KRNC|5|23|5000|100|ASP|1|51|231
KRND|14L|32R|8351|200|CON|1|150|330
KRND|14R|32L|8353|200|PEM|1|150|330
KRNH|14|32|5507|75|ASP|1|143|323
KRNH|4|22|2110|75|GRS|0|45|225
KRNM|9|27|5001|150|ASP|1|100|280
KRNO|17L|35R|9000|150|CON|1|180|0
KRNO|17R|35L|11002|150|CON|1|180|0
KRNO|8|26|6102|150|CON|1|90|270
KRNP|10|28|4300|75|ASP|1|103|283
KRNP|18|36|2599|260|GRS|0|176|356
KRNP|6|24|2483|130|GRS|0|59|239
KRNT|16|34|5382|200|ASPH-CONC-G|1|174|354
KRNV|18|36|4006|75|ASP|1|178|358
KROA|16|34|5810|150|ASPH-G|1|148|328
KROA|6|24|6800|150|ASPH-G|1|50|230
KROC|10|28|6402|150|ASP|1|87|267
KROC|4|22|8001|150|ASP|1|32|212
KROC|7|25|4000|100|ASP|1|62|242
KROG|2|20|6011|100|ASP|1|19|199
KROS|16|34|4400|75|ASP|1|160|340
KROW|17|35|9999|100|ASP|1|180|0
KROW|3|21|13001|150|PEM|1|45|225
KROX|16|34|4400|75|ASP|1|167|347
KROX|6|24|2504|250|GRS|0|69|249
KRPB|14|32|1930|100|GRS|0|141|321
KRPB|18|36|3500|60|ASP|1|182|2
KRPD|13|31|3500|75|ASP|1|131|311
KRPD|1|19|5700|100|ASP|1|11|191
KRPH|18|36|3317|50|ASPH-F|0|183|3
KRPH|3|21|5000|75|ASP|1|40|220
KRPJ|7|25|5001|75|ASP|1|70|250
KRPX|15|33|2458|100|GRS|0|168|348
KRPX|6|24|5098|75|ASP|1|78|258
KRQB|14|32|2700|75|ASP|1|143|323
KRQB|9|27|4300|75|ASP|1|90|270
KRQE|2|20|7000|75|ASP|1|34|214
KRQO|17|35|5600|75|CONC-TRTD-G|0|180|0
KRQO|18|36|4630|190|TURF-F|0|180|0
KRRL|16|34|2997|75|ASP|1|156|336
KRRL|7|25|5100|75|ASP|1|69|249
KRRQ|16|34|3097|50|ASP|1|172|352
KRRT|13|31|5400|100|ASP|1|139|319
KRRT|4|22|3000|150|GRS|0|44|224
KRSL|17|35|5000|75|CON|1|174|354
KRSL|3|21|1602|300|GRE|0|30|210
KRSN|18|36|5003|100|ASP|1|180|0
KRST|13|31|9033|150|CON|1|132|312
KRST|2|20|7300|150|CON|1|26|206
KRSV|17|35|3399|75|ASP|1|166|346
KRSV|9|27|5109|75|ASP|1|92|272
KRSW|6|24|12000|150|ASP|1|54|234
KRTN|2|20|6328|75|ASP|1|34|214
KRTN|7|25|4404|75|ASP|1|78|258
KRUE|7|25|5094|75|ASP|1|75|255
KRUG|12|30|3604|60|ASP|1|128|308
KRUQ|2|20|5500|100|ASP|1|16|196
KRUT|13|31|3170|75|ASP|1|119|299
KRUT|1|19|5000|100|ASP|1|359|179
KRVJ|11|29|5003|75|ASP|1|108|288
KRVL|6|24|5001|75|ASP|1|49|229
KRVN|7|25|3502|75|ASP|1|64|244
KRVS|01L|19R|5103|100|ASP|1|13|193
KRVS|01R|19L|4212|100|ASP|1|13|193
KRVS|13|31|2807|50|ASP|1|133|313
KRWF|12|30|4001|100|ASP|1|128|308
KRWF|5|23|2050|200|GRS|0|56|236
KRWI|4|22|7100|150|ASP|1|33|213
KRWL|10|28|4118|60|ASP|1|115|295
KRWL|4|22|7008|100|ASP|1|54|234
KRWN|9|27|4200|75|ASP|1|90|270
KRWV|15|33|3252|50|ASP|1|152|332
KRXE|17|35|4200|75|ASP|1|186|6
KRYM|132|312|3500|80|GRAVEL|0|130|310
KRYM|13|31|6100|100|ASP|1|136|316
KRYN|06L|24R|4900|75|ASP|0|70|250
KRYN|06R|24L|5500|75|ASP|1|70|250
KRYN|15|33|4000|75|ASP|0|167|347
KRYV|11|29|2801|75|ASP|1|113|293
KRYV|5|23|4430|75|ASP|1|53|233
KRYW|15|33|3808|50|ASP|1|161|341
KRYY|9|27|6305|75|ASP|1|89|269
KRZL|18|36|4001|60|ASP|1|180|0
KRZL|9|27|1930|150|GRS|0|90|270
KRZN|13|31|3500|75|ASP|1|137|317
KRZN|4|22|3900|75|ASP|1|44|224
KRZR|3|21|5500|100|ASP|1|30|210
KRZT|12|30|3130|125|GRS|0|113|293
KRZT|5|23|5404|100|ASP|1|42|222
KSAA|5|23|8800|100|ASP|1|66|246
KSAC|12|30|3836|100|ASP|1|133|313
KSAC|16|34|3485|150|ASP|0|180|0
KSAC|2|20|5503|150|ASP|1|33|213
KSAD|12|30|6015|100|ASP|1|135|315
KSAD|8|26|4800|75|ASP|1|92|272
KSAF|10|28|6300|75|ASP|0|112|292
KSAF|15|33|6307|150|ASP|1|167|347
KSAF|2|20|8342|150|ASP|1|35|215
KSAN|9|27|9401|200|PEM|1|106|286
KSAR|18|36|4001|60|ASP|1|180|0
KSAR|9|27|2450|135|GRS|0|90|270
KSAS|7|25|5000|75|GRAVEL / CINDERS / CRUSH|0|70|250
KSAT|13L|31R|5519|100|ASP|1|132|312
KSAT|13R|31L|8502|150|CON|1|132|312
KSAT|4|22|8505|150|CON|1|41|221
KSAV|10|28|9351|150|CONC-G|0|91|271
KSAV|1|19|7002|150|CONC-G|0|0|180
KSAW|1|19|12370|150|PEM|1|9|189
KSAZ|14|32|3304|75|ASP|1|145|325
KSBA|15L|33R|4179|75|ASP|0|166|346
KSBA|15R|33L|4183|100|ASP|1|166|346
KSBA|7|25|6052|150|ASP|1|88|268
KSBD|6|24|10001|200|CON|1|70|250
KSBM|13|31|5000|75|ASP|1|130|310
KSBM|3|21|5402|100|CON|1|35|215
KSBN|09L|27R|4300|75|ASP|1|89|269
KSBN|09R|27L|8412|150|ASP|1|89|269
KSBN|18|36|6001|150|ASP|1|179|359
KSBO|13|31|6021|100|ASP|1|129|309
KSBP|11|29|6100|150|ASP|1|124|304
KSBP|7|25|2500|100|ASP|0|90|270
KSBS|14|32|4452|100|ASP|1|153|333
KSBU|16|34|3399|75|ASP|1|161|341
KSBU|3|21|2290|200|GRS|0|34|214
KSBX|11|29|3701|60|ASP|1|129|309
KSBX|5|23|5004|75|ASP|1|65|245
KSBY|14|32|5500|150|PEM|1|127|307
KSBY|5|23|5000|100|ASP|1|37|217
KSCB|12|30|3199|60|CON|0|134|314
KSCB|17|35|4200|75|CON|1|180|0
KSCD|9|27|5390|100|ASP|1|91|271
KSCH|10|28|4840|150|ASP|1|88|268
KSCH|15|33|2639|50|ASP|0|135|315
KSCH|4|22|7000|150|ASP|1|26|206
KSCK|11L|29R|10650|150|ASP|1|128|308
KSCK|11R|29L|4454|75|ASP|0|128|308
KSCX|5|23|5502|75|ASP|1|46|226
KSDA|12|30|3299|75|CON|1|125|305
KSDA|4|22|5000|75|CON|1|43|223
KSDC|10|28|3800|60|ASP|1|89|269
KSDF|11|29|7250|150|CON|1|111|291
KSDF|17L|35R|8579|150|CON|1|165|345
KSDF|17R|35L|10850|150|CON|1|165|345
KSDL|3|21|8249|100|ASP|1|44|224
KSDM|08L|26R|7972|150|PEM|1|96|276
KSDM|08R|26L|3180|75|ASP|0|96|276
KSDY|10|28|4022|100|ASP|1|117|297
KSDY|1|19|5705|100|ASP|1|24|204
KSEA|16C|34C|9426|150|CONC-F|1|180|0
KSEA|16L|34R|11900|150|ASP|1|180|0
KSEA|16R|34L|9426|150|CON|1|180|0
KSEE|09L|27R|5342|100|ASP|1|102|282
KSEE|09R|27L|2738|60|ASP|0|102|282
KSEE|17|35|4145|100|ASP|1|180|0
KSEF|14|32|5190|300|CON|0|135|315
KSEF|18|36|5190|150|ASP|1|180|0
KSEG|17|35|4760|75|ASP|1|159|339
KSEM|15|33|8002|150|PEM|1|146|326
KSEP|14|32|4200|75|ASP|1|149|329
KSEQ|13|31|8350|150|ASP|0|132|312
KSER|09U|27U|1000|100|TURF-E|0|90|270
KSER|14|32|5502|100|ASP|1|134|314
KSER|18U|36U|1200|100|TURF-F|0|180|0
KSER|5|23|5500|100|ASP|1|44|224
KSET|18|36|3801|75|ASP|1|181|1
KSET|9|27|2000|75|ASP|1|91|271
KSEZ|3|21|5129|100|ASP|1|46|226
KSFB|09C|27C|3578|75|ASP|1|90|270
KSFB|09L|27R|9600|150|ASP|1|90|270
KSFB|09R|27L|3500|75|ASP|1|90|270
KSFB|18|36|6003|150|PEM|1|180|0
KSFF|3W|21W|6000|100|WATER|0|30|210
KSFF|4L|22R|4500|150|CON|1|54|234
KSFF|4R|22L|2650|75|ASP|1|54|234
KSFM|14|32|4999|100|ASP|1|120|300
KSFM|7|25|6000|150|ASP|1|58|238
KSFO|01L|19R|7500|200|ASP|1|28|208
KSFO|01R|19L|8648|200|ASP|1|28|208
KSFO|10L|28R|11870|200|ASP|1|118|298
KSFO|10R|28L|10602|200|ASP|1|118|298
KSFQ|4|22|5007|100|ASP|1|29|209
KSFQ|7|25|4700|100|ASP|1|64|244
KSFY|13|31|4001|60|ASPH-G|0|135|315
KSFZ|15|33|3210|75|ASP|1|140|320
KSFZ|5|23|5000|150|ASP|1|32|212
KSGF|14|32|8000|150|PEM|1|142|322
KSGF|2|20|7003|150|CON|1|22|202
KSGH|15|33|5499|100|ASP|1|144|324
KSGH|6|24|9009|150|PEM|1|54|234
KSGJ|12W|30W|5000|1000|WATER|0|120|300
KSGJ|13|31|7996|150|ASP|1|126|306
KSGJ|17W|35W|12000|1000|WATER|0|170|350
KSGJ|18W|36W|12000|500|WATER|0|180|360
KSGJ|2|20|2614|75|ASP|1|21|201
KSGJ|6|24|2701|60|ASP|1|62|242
KSGR|17|35|8000|100|CON|1|175|355
KSGS|16|34|4001|100|ASP|1|163|343
KSGT|18|36|6015|100|PEM|1|182|2
KSGT|9|27|5002|150|CON|1|92|272
KSGU|1|19|9300|150|ASP|1|23|203
KSHD|5|23|6002|150|ASP|1|38|218
KSHL|15|33|4199|75|CON|1|156|336
KSHN|5|23|5005|100|ASP|1|68|248
KSHR|14|32|8300|100|ASP|1|156|336
KSHR|5|23|5039|75|ASP|1|68|248
KSHV|14|32|8351|200|ASP|1|143|323
KSHV|6|24|6202|150|ASP|1|61|241
KSIF|13|31|5199|100|ASP|1|125|305
KSIK|2|20|5502|100|ASP|1|24|204
KSIV|18|36|4360|75|ASP|1|181|1
KSIY|17|35|7484|150|ASP|1|191|11
KSJC|12L|30R|11000|150|CON|1|139|319
KSJC|12R|30L|11000|150|CON|1|139|319
KSJN|14|32|5322|75|ASP|1|148|328
KSJN|3|21|3400|60|ASP|0|37|217
KSJT|18|36|8049|150|ASP|1|187|7
KSJT|3|21|5939|150|ASP|1|43|223
KSJT|9|27|4402|75|ASP|1|98|278
KSJX|14|32|3300|120|GRS|0|132|312
KSJX|5|23|2130|120|GRS|0|42|222
KSJX|9|27|4300|75|ASP|1|90|270
KSKA|5|23|13901|200|CON|1|67|247
KSKF|15|33|11550|300|CON|1|162|342
KSKI|14|32|2350|60|CON|1|147|327
KSKI|18|36|4100|75|CON|1|180|0
KSKX|4|22|5798|75|ASP|1|56|236
KSLB|13|31|3034|50|CON|1|134|314
KSLB|17|35|5000|75|CON|1|175|355
KSLB|6|24|2037|90|GRS|0|67|247
KSLC|14|32|4892|150|ASP|1|153|333
KSLC|16L|34R|12004|150|ASP|1|175|355
KSLC|16R|34L|12000|150|CON|1|175|355
KSLC|17|35|9596|150|ASP|1|180|0
KSLE|13|31|5811|150|ASP|1|150|330
KSLE|16|34|5145|100|ASP|1|181|1
KSLG|18|36|4999|75|ASP|1|185|5
KSLH|10|28|4000|75|ASP|1|90|270
KSLH|17|35|1500|75|GRS|0|164|344
KSLI|04L|22R|5900|150|PEM|1|54|234
KSLI|04R|22L|8000|200|ASP|1|55|235
KSLJ|14|32|5000|60|ASP|1|139|319
KSLK|5|23|6573|150|ASP|1|35|215
KSLK|9|27|3998|100|ASP|1|79|259
KSLN|12|30|6510|100|ASP|1|132|312
KSLN|17|35|12300|150|ASP|1|180|0
KSLN|18|36|4300|75|ASP|0|180|0
KSLN|4|22|3648|75|ASP|0|49|229
KSLO|18|36|4098|75|ASP|1|180|0
KSLR|1|19|5001|75|Concrete|1|10|190
KSMD|13|31|2922|60|ASP|1|128|308
KSMD|5|23|3126|100|ASP|1|51|231
KSME|5|23|5800|100|ASP|1|43|223
KSMF|17L|35R|8601|150|CON|1|181|1
KSMF|17R|35L|8598|150|CON|1|181|1
KSMN|17|35|5150|60|ASP|1|188|8
KSMO|3|21|3500|150|Asphalt|1|45|225
KSMQ|12|30|2733|65|ASP|1|109|289
KSMQ|17|35|1900|200|GRS|0|167|347
KSMQ|8|26|2200|100|GRE|0|69|249
KSMS|14|32|3081|120|GRS|0|134|314
KSMS|5|23|5501|100|ASP|1|43|223
KSMX|12|30|6304|150|ASP|1|136|316
KSMX|2|20|5130|75|ASP|0|36|216
KSNA|02L|20R|5700|150|ASP|1|28|208
KSNA|02R|20L|2887|75|ASP|1|28|208
KSNC|17|35|2566|50|ASP|1|161|341
KSNH|1|19|5002|100|CON|1|8|188
KSNK|17|35|5600|100|ASP|1|180|0
KSNK|8|26|4200|75|ASP|0|90|270
KSNL|17|35|5600|100|ASP|1|180|0
KSNS|13|31|4825|150|ASP|1|148|328
KSNS|14|32|1900|50|ASP|0|153|333
KSNS|8|26|6004|150|ASP|1|97|277
KSNY|13|31|6600|100|CONC-G|0|135|315
KSNY|3|21|4700|75|TURF-G|0|36|216
KSOA|18|36|4036|60|ASP|1|190|10
KSOP|5|23|5503|150|ASP|1|46|226
KSOW|3|21|3937|60|ASP|0|48|228
KSOW|6|24|7200|100|ASP|1|76|256
KSPA|5|23|5202|100|ASP|1|42|222
KSPB|15|33|5100|100|ASP|1|169|349
KSPF|13|31|6400|75|ASPH-G|1|135|315
KSPF|4|22|2023|150|TURF-G|0|41|221
KSPF|8|26|3975|100|GRS|0|90|270
KSPG|18|36|2864|150|ASP|1|180|0
KSPG|7|25|3677|75|ASP|1|62|242
KSPH|18|36|4000|75|ASP|1|181|1
KSPI|13|31|7000|150|ASP|1|127|307
KSPI|18|36|5300|150|PEM|1|180|0
KSPI|4|22|7999|150|CON|1|42|222
KSPK|12|30|5700|100|ASP|1|133|313
KSPS|15C|33C|10003|150|PEM|1|158|338
KSPS|15L|33R|6000|150|PEM|1|158|338
KSPS|15R|33L|13101|300|CON|1|158|338
KSPS|17|35|7021|150|ASP|1|180|0
KSPW|12|30|6000|100|CON|1|126|306
KSPW|18|36|5100|75|CON|1|186|6
KSPZ|5|23|5998|75|ASP|1|69|249
KSQI|18|36|3899|100|ASP|1|180|0
KSQI|7|25|6500|150|ASP|1|70|250
KSQL|12|30|2600|75|ASP|1|138|318
KSRB|4|22|6000|100|ASP|1|35|215
KSRC|1|19|6008|100|ASP|1|13|193
KSRE|16|34|5000|75|ASP|1|166|346
KSRE|5|23|2000|150|GRE|0|36|216
KSRQ|14|32|9500|150|ASP|1|134|314
KSRQ|4|22|5009|150|ASP|1|38|218
KSRR|12|30|6500|75|ASP|1|130|310
KSRR|6|24|8099|100|ASP|1|71|251
KSSC|04L|22R|10016|150|CON|1|35|215
KSSC|04R|22L|8001|150|CON|1|35|215
KSSF|14|32|4128|100|ASP|1|145|325
KSSF|9|27|5000|100|ASP|1|103|283
KSSI|16|34|3313|75|ASP|1|154|334
KSSI|4|22|5800|100|ASP|1|36|216
KSSQ|14|32|3711|50|ASP|1|137|317
KSTC|13|31|7000|150|CON|1|136|316
KSTC|5|23|3000|75|ASP|1|59|239
KSTE|12|30|3635|75|ASP|1|120|300
KSTE|3|21|6028|120|ASP|1|30|210
KSTF|18|36|5550|150|ASP|1|179|359
KSTJ|13|31|4797|75|PEM|0|136|316
KSTJ|17|35|8059|150|CON|1|180|0
KSTK|15|33|4692|75|CON|1|166|346
KSTK|3|21|2500|150|GVL|0|45|225
KSTL|11|29|9000|150|CON|1|122|302
KSTL|12L|30R|9013|150|CON|1|122|302
KSTL|12R|30L|11020|150|CON|1|122|302
KSTL|6|24|7600|150|CON|1|63|243
KSTP|13|31|4115|150|ASP|1|128|308
KSTP|14|32|6491|150|ASP|1|146|326
KSTP|9|27|3657|100|ASP|1|91|271
KSTS|14|32|6000|150|ASP|1|157|337
KSTS|2|20|5202|100|ASP|1|29|209
KSUA|12|30|5826|100|ASP|1|110|290
KSUA|16|34|5000|100|ASP|0|154|334
KSUA|7|25|4652|100|ASP|1|68|248
KSUD|18|36|3000|60|ASP|1|180|0
KSUE|10|28|3200|75|ASP|1|93|273
KSUE|2|20|4600|75|ASP|1|13|193
KSUN|13|31|7550|100|ASP|1|145|325
KSUS|08L|26R|5000|75|ASP|1|78|258
KSUS|08R|26L|7485|150|CON|1|78|258
KSUT|5|23|5505|100|ASP|1|41|221
KSUU|03L|21R|11001|150|PEM|1|48|228
KSUU|03R|21L|10992|150|CON|1|48|228
KSUW|14|32|4000|75|ASP|1|139|319
KSUW|4|22|5100|75|ASP|1|37|217
KSUX|13|31|9002|150|CON|1|136|316
KSUX|17|35|6600|150|ASP|1|181|1
KSUZ|2|20|5001|100|ASPH-E|0|20|200
KSVC|12|30|4675|75|GRE|0|135|315
KSVC|17|35|5473|75|GRE|0|180|0
KSVC|3|21|4637|80|GRE|0|45|225
KSVC|8|26|6802|100|ASP|1|90|270
KSVE|11|29|4049|75|ASP|1|129|309
KSVE|7|25|2179|60|GRE|0|89|269
KSVH|10|28|7006|100|ASP|1|97|277
KSVN|10|28|11375|200|ASP|1|92|272
KSWF|16|34|6006|150|ASP|1|150|330
KSWF|9|27|11818|150|ASP|1|78|258
KSWI|16|34|4006|75|ASP|1|166|346
KSWO|17|35|7401|100|ASP|1|180|0
KSWO|4|22|5002|75|ASP|1|44|224
KSWT|16|34|4200|75|CON|1|174|354
KSWT|4|22|3400|150|GRE|0|47|227
KSWW|17|35|5840|100|ASP|1|174|354
KSWW|4|22|5659|75|ASP|1|43|223
KSXK|17|35|5500|100|CON|1|170|350
KSXL|4|22|3015|50|ASP|1|37|217
KSYF|14L|32R|2833|180|TURF-G|0|145|325
KSYF|14R|32L|3138|50|ASPH-G|0|145|325
KSYF|18|36|2313|280|GRS|0|199|19
KSYF|9|27|1799|280|GRS|0|98|278
KSYI|18|36|5003|100|ASP|1|179|359
KSYN|18|36|2550|200|GRASS / SOD|0|180|360
KSYN|9|27|1970|180|GRASS / SOD|0|90|270
KSYR|10|28|9003|150|ASP|1|87|267
KSYR|15|33|7500|150|ASP|1|134|314
KSYV|1|19|3293|75|ASP|0|12|192
KSZL|1|19|12400|200|CON|1|11|191
KSZN|9|27|2150|50|NATURAL SOIL|0|90|270
KSZP|4|22|2713|60|ASPH/ CONC|0|40|220
KSZP|H1||60|60|ASPH/ CONC|0|-1|-1
KSZT|2|20|5502|75|ASP|1|32|212
KSZY|17|35|5002|75|ASP|1|165|345
KTAD|3|21|5498|100|ASP|1|45|225
KTAD|9|27|5500|100|GVL|0|106|286
KTAN|12|30|3500|75|ASP|1|108|288
KTAN|4|22|1900|60|GRE|0|27|207
KTAZ|09L|27R|1920|180|TURF-G|0|90|270
KTAZ|09R|27L|3500|60|ASPH-E|0|90|270
KTAZ|18|36|4001|75|ASP|1|179|359
KTBN|14|32|6038|150|ASP|1|140|320
KTBR|14|32|6000|100|ASP|1|135|315
KTBR|5|23|4383|100|ASP|0|47|227
KTCC|3|21|7102|100|ASP|1|45|225
KTCC|8|26|4599|60|ASP|1|90|270
KTCL|11|29|4001|100|ASP|1|117|297
KTCL|4|22|6499|150|ASP|1|41|221
KTCM|160|340|3000|60|ASPH|0|160|340
KTCM|16|34|10108|150|ASP|1|180|0
KTCS|11|29|7108|150|GVL|0|126|306
KTCS|13|31|7200|75|ASP|1|144|324
KTCS|15|33|2900|140|GVL|0|167|347
KTCS|1|19|3301|130|GVL|0|21|201
KTCS|7|25|2932|130|GVL|0|80|260
KTCY|12|30|4001|100|ASP|1|132|312
KTCY|8|26|4005|100|ASPH-F|0|90|270
KTDF|6|24|5826|100|ASP|1|50|230
KTDO|6|24|4480|150|ASP|1|74|254
KTDW|17|35|5099|60|ASP|1|180|0
KTDW|5|23|3000|60|ASP|1|56|236
KTDZ|14|32|5830|100|ASP|1|134|314
KTDZ|4|22|3664|150|ASP|1|39|219
KTEB|1|19|7000|150|ASP|1|3|183
KTEB|6|24|6013|150|ASP|1|48|228
KTEL|13|31|4400|75|ASP|1|134|314
KTEW|10|28|4000|75|ASPH-G|0|90|270
KTEX|9|27|6870|100|ASP|1|105|285
KTFP|13|31|5000|75|ASP|1|140|320
KTGC|1|19|4800|75|ASP|1|9|189
KTGI|2|20|2950|75|ASP|1|9|189
KTHA|18|36|5002|150|CON|1|180|0
KTHA|6|24|5000|150|PEM|0|58|238
KTHA|9|27|2693|100|GRE|0|89|269
KTHM|7|25|4200|75|ASP|1|89|269
KTHV|17|35|5188|100|ASP|1|155|335
KTIF|11|29|3600|50|ASP|1|118|298
KTIK|12|30|10000|200|PEM|1|131|311
KTIK|17|35|11100|200|PEM|1|180|0
KTIP|18|36|4894|75|CON|0|180|0
KTIP|9|27|5001|75|ASP|1|90|270
KTIW|17|35|5002|150|ASP|1|187|7
KTIX|18|36|7319|150|ASP|1|179|359
KTIX|9|27|5000|100|ASP|1|89|269
KTKC|11|29|3100|75|ASP|1|120|300
KTKC|17|35|1825|200|GRS|0|179|359
KTKC|6|24|2590|200|GRS|0|51|231
KTKI|18|36|7001|100|ASP|1|182|2
KTKO|17|35|3540|50|ASP|1|175|355
KTKO|9|27|2505|100|GRS|0|97|277
KTKV|9|27|4000|75|ASP|1|90|270
KTKX|18|36|3012|75|ASP|1|179|359
KTKX|2|20|5000|75|CON|1|18|198
KTLH|18|36|6076|150|ASP|1|179|359
KTLH|9|27|8000|150|ASP|1|89|269
KTLR|13|31|3914|75|ASP|1|147|327
KTMA|10|28|3805|75|ASP|1|94|274
KTMA|15|33|5504|100|ASP|1|149|329
KTMB|09L|27R|5003|150|ASP|1|87|267
KTMB|09R|27L|6000|150|ASP|1|87|267
KTMB|13|31|4001|150|ASP|1|127|307
KTME|18|36|6610|100|ASPH-G|0|179|359
KTMK|13|31|5001|100|ASPH-G|0|155|335
KTMK|1|19|2910|75|ASPH-G|0|30|210
KTNP|17|35|3800|50|ASP|1|180|0
KTNP|8|26|5531|75|ASP|1|90|270
KTNT|9|27|10499|150|ASP|1|90|270
KTNU|14|32|5599|100|ASP|1|141|321
KTNX|14|32|12002|150|CON|1|157|337
KTOA|11L|29R|5001|150|PEM|1|128|308
KTOA|11R|29L|3000|75|ASP|1|128|308
KTOB|16|34|4500|75|CON|1|166|346
KTOB|4|22|2390|200|GRS|0|45|225
KTOC|3|21|5008|100|ASP|1|21|201
KTOC|9|27|2951|50|ASP|0|88|268
KTOI|14|32|5022|100|ASP|1|143|323
KTOI|7|25|5009|100|ASP|1|69|249
KTOL|16|34|5599|150|ASP|1|157|337
KTOL|7|25|10600|150|ASP|1|67|247
KTOP|13|31|5099|100|ASP|1|134|314
KTOP|18|36|4331|75|ASP|1|182|2
KTOP|4|22|3002|100|ASP|1|49|229
KTOR|10|28|5701|75|ASP|1|115|295
KTOR|2|20|3000|60|ASP|0|28|208
KTPA|10|28|6999|150|PEM|1|92|272
KTPA|19L|01R|8300|150|PEM|1|182|2
KTPA|19R|01L|11002|150|CON|1|182|2
KTPF|18|36|2688|75|ASP|1|173|353
KTPF|4|22|3583|100|ASP|1|37|217
KTPH|11|29|5464|50|ASP|0|125|305
KTPH|15|33|7057|80|ASP|1|165|345
KTPL|15|33|6301|150|ASP|1|163|343
KTPL|2|20|4740|100|ASP|1|28|208
KTQE|14|32|4002|75|CON|1|154|334
KTQH|17|35|5001|75|ASP|1|182|2
KTQK|17|35|4999|70|ASP|1|179|359
KTQK|8|26|1900|60|GRS|0|90|270
KTRI|5|23|8030|150|ASP|1|43|223
KTRI|9|27|4442|150|ASP|1|89|269
KTRK|11|29|7000|100|ASP|1|120|300
KTRK|2|20|4650|75|ASP|1|30|210
KTRL|14|32|3014|75|ASP|1|145|325
KTRL|18|36|5006|75|ASP|1|180|0
KTRM|12|30|4995|100|ASP|1|135|315
KTRM|17|35|8500|150|ASP|1|180|0
KTRX|18|36|4310|75|ASP|1|179|359
KTSO|7|25|4300|75|ASP|1|64|244
KTSP|11|29|4031|75|ASP|1|124|304
KTTA|3|21|6570|100|ASP|1|21|201
KTTD|7|25|5399|150|ASP|1|89|269
KTTF|3|21|5000|100|ASP|1|22|202
KTTN|16|34|4800|150|ASP|1|146|326
KTTN|6|24|6006|150|ASP|1|47|227
KTTS|15|33|15000|300|CON|1|150|330
KTUL|18L|36R|9999|200|CON|1|183|3
KTUL|18R|36L|6101|150|ASP|1|183|3
KTUL|8|26|7372|150|CON|1|89|269
KTUP|18|36|6500|100|ASP|1|180|0
KTUS|12|30|10996|150|ASP|1|135|315
KTUS|4|22|7000|150|ASP|1|45|225
KTVB|3|21|3002|50|ASP|1|33|213
KTVC|10|28|6501|150|ASP|1|94|274
KTVC|18|36|5379|150|ASP|1|180|0
KTVF|13|31|6503|150|ASP|1|135|315
KTVI|14|32|5000|100|ASP|1|133|313
KTVI|4|22|5500|100|ASP|1|40|220
KTVK|16|34|4100|75|CON|1|158|338
KTVL|18|36|8544|150|ASP|1|193|13
KTVR|18|36|5002|100|ASP|1|179|359
KTVY|17|35|6100|100|ASP|1|179|359
KTWF|12|30|3224|75|ASP|0|136|316
KTWF|8|26|8703|150|ASP|1|91|271
KTWM|15|33|2550|150|GRS|0|143|323
KTWM|6|24|4400|75|ASP|1|63|243
KTWT|18|36|5000|150|ASP|1|183|3
KTXK|13|31|5200|100|ASP|1|135|315
KTXK|4|22|6601|144|ASP|1|46|226
KTYL|3|21|7200|75|ASP|1|41|221
KTYQ|18|36|7003|100|CON|1|179|359
KTYR|13|31|5200|150|ASP|1|135|315
KTYR|17|35|4850|150|ASP|1|180|0
KTYR|4|22|7200|150|ASP|1|45|225
KTYS|05L|23R|9005|150|CON|1|45|225
KTYS|05R|23L|9000|150|ASP|1|45|225
KTZR|4|22|5500|100|ASP|1|32|212
KTZT|18|36|4000|75|CON|1|172|352
KTZV|4|22|4000|75|ASP|1|34|214
KU76|10|28|5000|75|ASP|1|116|296
KUAO|17|35|5004|100|ASP|1|187|7
KUBE|18|36|2000|120|GRS|0|186|6
KUBE|9|27|4050|75|ASP|1|90|271
KUBS|18|36|4500|100|ASP|1|179|359
KUBX|18|36|3420|60|ASP|1|186|6
KUCP|13|31|2850|100|ASP|1|119|299
KUCP|5|23|4000|75|ASP|1|40|220
KUCY|1|19|5000|100|ASP|1|6|186
KUDD|10|28|5002|70|ASP|1|116|296
KUDG|10|28|4947|150|ASP|0|92|272
KUDG|16|34|4751|150|ASP|0|157|337
KUDG|5|23|5500|100|ASP|1|50|230
KUES|10|28|5848|100|CON|1|102|282
KUES|18|36|3598|75|ASP|1|178|358
KUGN|14|32|3751|75|ASP|1|144|324
KUGN|5|23|6000|150|ASP|1|48|228
KUIL|4|22|4210|100|CON|0|58|238
KUIN|13|31|5125|150|ASP|1|135|315
KUIN|18|36|5399|150|CON|1|179|359
KUIN|4|22|7098|150|PEM|1|40|220
KUKF|1|19|6200|100|ASP|1|359|179
KUKI|15|33|4415|150|ASP|1|168|348
KUKL|18|36|5500|75|CON|1|180|0
KUKT|11|29|3201|50|ASP|1|99|279
KULM|15|33|4401|75|ASP|1|151|331
KULM|4|22|2825|160|GRS|0|50|230
KULS|12|30|4600|60|CON|1|130|310
KULS|17|35|6000|100|CON|1|180|0
KUMP|15|33|3850|100|ASP|1|146|326
KUNI|7|25|5600|100|ASP|1|61|241
KUNO|18|36|5102|75|ASP|1|181|1
KUNU|2|20|4027|75|ASP|1|17|197
KUNU|8|26|5060|100|ASP|1|80|260
KUNV|6|24|6701|150|ASP|1|53|233
KUOS|6|24|3699|50|ASP|1|64|244
KUOX|9|27|5600|100|ASP|1|91|271
KUSE|18|36|2117|75|COM|0|180|0
KUSE|9|27|3882|75|ASP|1|89|269
KUTA|17|35|7000|150|ASP|1|167|347
KUTS|18|36|5006|100|ASP|1|186|6
KUUU|16|34|2623|75|ASP|1|144|324
KUUU|4|22|2999|75|ASP|1|24|204
KUUV|6|24|4500|75|CON|1|60|240
KUVA|15|33|5255|100|ASP|1|155|335
KUWL|9|27|4002|65|ASP|1|91|271
KUXL|15|33|5001|75|ASPH-G|0|150|330
KUYF|9|27|4001|75|ASP|1|87|267
KUZA|2|20|5500|100|ASP|1|11|191
KVAD|18L|36R|9300|150|CON|1|180|0
KVAD|18R|36L|8000|150|PEM|1|180|0
KVAY|8|26|3911|50|ASP|1|70|250
KVBG|12|30|15000|200|CON|1|136|316
KVBT|18|36|5053|75|ASP|1|180|360
KVCB|2|20|4700|75|ASP|1|34|214
KVCT|12L|30R|9101|150|PEM|1|132|312
KVCT|12R|30L|4643|150|CON|0|132|312
KVCT|17|35|4899|150|CON|0|180|0
KVCT|6|24|4200|75|ASP|0|67|247
KVCV|17|35|15050|150|PEM|1|180|0
KVCV|3|21|9138|150|PEM|1|45|225
KVDF|18|36|3259|75|ASP|1|180|0
KVDF|5|23|5000|100|ASP|1|42|222
KVDI|13|31|5000|150|CON|0|132|312
KVDI|6|24|6003|100|CON|1|63|243
KVEL|17|35|7000|100|ASP|1|179|359
KVER|18|36|3999|75|ASP|1|185|5
KVES|9|27|4512|75|ASP|1|88|268
KVGC|17|35|5000|75|ASP|1|159|339
KVGT|12L|30R|4202|75|ASP|1|134|314
KVGT|12R|30L|5000|75|ASP|1|134|314
KVGT|7|25|5004|75|ASP|1|89|269
KVHN|3|21|6000|75|ASP|1|44|224
KVHN|7|25|5353|75|ASP|1|84|264
KVIH|13|31|5500|100|ASP|1|137|317
KVIH|4|22|5500|100|ASP|1|47|227
KVIQ|9|27|3400|60|ASP|1|96|276
KVIS|12|30|6559|150|ASP|1|135|315
KVJI|6|24|4471|75|ASP|1|56|236
KVKS|1|19|5000|100|ASP|1|8|188
KVLA|18|36|3752|100|ASP|1|180|0
KVLA|9|27|3001|75|ASP|1|90|270
KVLD|13|31|3636|75|ASP|1|126|306
KVLD|17|35|8002|150|ASP|1|171|351
KVLD|4|22|5598|100|ASP|1|36|216
KVLL|9|27|3550|60|ASP|1|90|270
KVMR|12|30|4105|75|ASP|1|126|306
KVNC|13|31|4999|150|ASP|1|135|315
KVNC|4|22|5000|150|ASP|1|45|225
KVNW|18|36|2610|105|GRS|0|181|1
KVNW|9|27|4000|75|ASP|1|90|270
KVNY|16L|34R|4011|75|ASP|1|176|356
KVNY|16R|34L|8001|150|ASP|1|176|356
KVOK|9|27|9000|150|CON|1|89|269
KVPC|1|19|5760|100|ASP|1|4|184
KVPS|12|30|12005|300|ASP|1|120|300
KVPS|1|19|10012|300|ASP|1|12|192
KVPZ|18|36|4000|75|ASP|1|184|4
KVPZ|9|27|7000|150|ASP|1|90|270
KVQQ|09L|27R|8002|200|PEM|0|90|270
KVQQ|09R|27L|8003|200|PEM|1|90|270
KVQQ|18L|36R|12504|200|PEM|1|180|0
KVQQ|18R|36L|8003|200|PEM|0|180|0
KVRB|12L|30R|3504|75|ASP|1|111|291
KVRB|12R|30L|7314|100|ASP|1|111|291
KVRB|4|22|4974|100|ASP|1|36|216
KVSF|11|29|3001|75|ASP|1|98|278
KVSF|5|23|5498|100|ASP|1|34|214
KVTA|9|27|4649|75|ASP|1|87|267
KVTI|16|34|2500|50|ASP|0|161|341
KVTI|9|27|4000|60|CON|1|92|272
KVTN|14|32|4700|100|ASP|1|145|325
KVTN|3|21|2807|50|ASP|1|36|216
KVUJ|04L|22R|3500|75|ASP|1|38|218
KVUJ|04R|22L|5500|100|ASP|1|41|221
KVUO|8|26|3275|60|ASP|1|98|278
KVVS|14|32|2404|100|ASP|1|129|309
KVVS|5|23|3458|100|ASP|1|40|220
KVVV|16|34|3417|75|ASP|1|169|349
KVVV|4|22|2158|300|GRS|0|47|227
KVWU|2|20|3700|150|TURF-G|0|20|200
KVYS|18|36|6000|100|ASP|1|180|0
KWAL|10|28|8005|200|ASP|1|90|270
KWAL|17|35|4808|150|ASP|1|157|337
KWAL|4|22|8749|150|PEM|1|33|213
KWAY|9|27|3500|75|ASPH-F|0|90|270
KWBW|7|25|3376|75|ASP|1|54|234
KWBW|9|27|2200|100|GRS|0|80|260
KWDG|13|31|3149|108|ASPH-P|1|135|315
KWDG|17|35|6389|150|ASP|1|180|0
KWDR|13|31|5500|100|ASP|1|129|309
KWDR|5|23|3610|100|ASP|1|46|226
KWEA|17|35|2889|40|ASPH/ CONC|0|170|350
KWHP|12|30|4120|75|ASP|1|139|319
KWJF|6|24|7201|150|ASP|1|72|252
KWLD|13|31|3137|75|ASP|1|140|320
KWLD|17|35|5505|100|ASP|1|180|0
KWLW|13|31|4210|100|ASP|0|145|325
KWLW|16|34|4506|100|ASP|1|178|358
KWMC|14|32|7000|100|ASP|1|160|340
KWMC|2|20|4800|75|ASP|1|40|220
KWRB|15|33|12001|300|PEM|1|144|324
KWRI|18|36|7140|150|ASP|1|173|353
KWRI|6|24|10001|200|ASP|1|46|226
KWRL|10|28|2501|60|GRS|0|118|298
KWRL|16|34|7005|100|ASP|1|175|355
KWRL|4|22|2240|60|GRS|0|57|237
KWST|14|32|3960|75|ASP|1|130|310
KWST|7|25|4010|100|ASP|1|53|233
KWVI|2|20|4501|150|ASP|1|32|212
KWVI|9|27|3999|100|ASP|1|100|280
KWVL|14|32|2301|150|ASP|1|125|305
KWVL|5|23|5500|100|ASP|1|31|211
KWWD|10|28|5000|150|ASP|1|90|270
KWWD|1|19|5252|150|ASP|1|0|180
KWWR|17|35|5502|100|CON|1|180|0
KWWR|5|23|2501|60|ASP|1|50|230
KWYS|1|19|8399|150|ASP|1|26|206
KXBP|17|35|4004|60|ASP|1|181|1
KXLL|15|33|3159|75|ASP|1|135|315
KXLL|7|25|3950|75|ASP|1|59|239
KXMR|13|31|10000|200|ASP|1|128|308
KXNA|16|34|8800|150|CON|1|160|340
KXNA|17|35|8800|150|concrete|1|170|350
KXNI|6|24|6000|75|ASP|0|60|240
KXNO|5|23|3500|90|ASP|0|44|224
KXNO|6|24|10000|150|ASP|1|54|234
KXSA|10|28|4300|75|ASPH-E|0|86|266
KXVG|13|31|3549|75|ASP|1|130|310
KXWA|14|32|7501|150|CON|1|148|328
KYIP|05L|23R|6655|160|ASP|1|47|227
KYIP|05R|23L|7526|150|ASP|1|47|227
KYIP|09L|27R|7294|160|ASP|1|89|269
KYIP|09R|27L|6511|160|ASP|1|89|269
KYIP|14|32|6914|160|ASP|1|136|316
KYKM|4|22|3835|150|ASP|1|60|240
KYKM|9|27|7603|150|ASP|1|110|290
KYKN|13|31|6095|100|CON|1|140|320
KYKN|1|19|3380|75|ASP|1|21|201
KYNG|143|323|3500|60|ASPH-F|0|140|320
KYNG|14|32|9003|150|ASP|1|135|315
KYNG|5|23|5002|150|ASP|1|45|225
KZEF|7|25|4003|75|ASP|1|66|246
KZER|11|29|4594|75|ASP|1|98|278
KZER|4|22|2270|140|GRS|0|31|211
KZPH|19|1|5072|100|ASP|1|180|0
KZPH|5|23|5001|100|ASP|1|43|223
KZZV|16|34|4999|150|PEM|1|152|332
KZZV|4|22|5000|150|PEM|1|34|214
LATI|17|35|9009|148|ASP|1|174|354
LBBG|4|22|10499|148|CON|1|44|224
LBGO|9|27|8038|148|CON|1|98|278
LBHT|13|31|1969|79|concrete|0|130|310
LBPD|12|30|8202|148|CON|1|127|307
LBPG|8|26|9815|270|ASP|0|80|260
LBPL|10L|28R|7173|230|GRE|0|102|282
LBPL|10R|28L|7173|190|PEM|0|103|283
LBRS|05L|23R|5784|250|GRE|0|55|235
LBRS|5|23|8210|165|CON|0|55|235
LBSB|12|30|2377|88|grass|0|120|300
LBSF|9|27|11811|147|ASP|1|95|275
LBSZ|17|35|8200|148|ASP|0|170|350
LBWB|16|34|8095|197|CON|0|158|338
LBWN|9|27|8258|148|CON|1|97|277
LCEN|11L|29R|9039|148|concrete|1|107|287
LCEN|11R|29L|10498|148||0|110|290
LCLK|4|22|9823|148|ASP|1|45|225
LCPH|11|29|8858|148|ASP|1|110|290
LCRA|10|28|9002|200|ASP|1|108|288
LDDU|11|29|10597|148|ASP|1|118|298
LDLO|2|20|2953|98|Asphalt|0|20|200
LDOB|14|32|2953|0|UNK|0|140|320
LDOC|10L|28R|0|0|UNK|0|100|280
LDOC|10R|28L|3615|148|GRE|0|103|283
LDOC|10|28|3937|98|ASP|1|103|283
LDOS|11|29|8199|148|ASP|1|111|291
LDOV|4|22|2651|0|UNK|0|40|220
LDPL|9|27|9678|148|ASP|1|88|268
LDPV|1|19|0|0||0|1|19
LDRG|7|25|5293|98|ASP|0|75|255
LDRG|9|27|6106|74|ASP|0|91|271
LDRI|14|32|8164|148|PEM|1|144|324
LDSB|3|21|5774|98|ASP|1|35|215
LDSH|10|28|2454|98|GRE|0|102|282
LDSP|5|23|8366|148|ASP|1|53|233
LDSS|8|26|3609|0|UNK|0|80|260
LDVA|16|34|5676|98|ASP|0|160|340
LDVC|3|21|3609|0|UNK|0|30|210
LDZA|4|22|10669|148|ASP|1|47|227
LDZD|13|31|8202|147|ASP|1|136|316
LDZD|4|22|6561|147|ASP|1|42|222
LDZE|4|22|2083|125|Grass|0|40|220
LEAB|9|27|8858|197|ASP|1|87|267
LEAL|10|28|9842|148|ASP|1|100|280
LEAM|8|26|10499|148|ASP|1|73|253
LEAP|17|35|1617|69|paved|0|170|350
LEAS|11|29|7218|148|ASP|1|109|289
LEAX|12|30|3146|65|asphalt|0|123|303
LEBA|3|21|7352|148|ASP|1|29|209
LEBB|10|28|6266|148|ASP|1|97|277
LEBB|12|30|8530|148|ASP|1|117|297
LEBE|15|33|2460|98|ASP|0|148|328
LEBE|9|27|4757|98|ASP|0|88|268
LEBG|4|22|6890|148|ASP|1|45|225
LEBL|06L|24R|10997|196|ASP|1|66|246
LEBL|06R|24L|8727|196|ASP|1|66|246
LEBL|2|20|8294|147|ASP|1|19|199
LEBZ|13|31|9350|197|ASP|1|126|306
LECA|18|36|0|0||0|180|360
LECA|4|22|0|0||0|40|220
LECD|7|25|3773|75|ASP|0|69|249
LECF|13|31|2657|164||0|130|310
LECH|6|24|8858|147|Asphalt|1|57|237
LECI|9|27|2805|59|ASP|0|90|270
LECN|18|36|3117|0|concrete|0|180|360
LECO|3|21|7178|148|ASP|1|31|211
LECT|14|32|5036|98|ASP|1|133|313
LECU|09L|27R|2698|148|GRASS|0|94|274
LECU|9|27|4921|98|ASP|1|94|274
LECV|3|21|1361|82||0|30|210
LEDA|13|31|8202|200|hard|1|133|313
LEFM|16|34|3281|59|ASP|0|151|331
LEGA|18|36|4265|98|ASP|0|181|1
LEGC|15|33|5250|57|Asphalt|0|150|330
LEGE|1|19|7874|148|ASP|1|14|194
LEGR|9|27|9514|148|ASP|1|90|270
LEGT|05R|23L|3018|98|GRE|0|45|225
LEGT|5|23|8136|197|ASP|1|45|225
LEGY|2|20|800|45|asphalt|0|20|200
LEGY|9|27|1200|50|asphalt|0|90|270
LEHC|12L|30R|2018|39|Asphalt|0|122|302
LEHC|12R|30L|6889|147|Asphalt|1|122|302
LEIB|6|24|9186|148|ASP|1|62|242
LEIG|16|34|2822|56|ASP|0|160|340
LEIZ|10|28|5015|75|ASP|0|95|275
LEJR|2|20|7546|148|ASP|1|21|201
LELA|7|25|4830|77|ASP|0|74|254
LELC|05L|23R|5174|148|ASPH|0|46|226
LELC|05R|23L|7612|148|ASPH|1|46|226
LELL|13|31|3442|98|ASPH|0|130|310
LELN|5|23|9843|148|ASP|1|46|227
LELO|11|29|7218|148|CON|0|110|290
LELT|12|30|2650|60|ASPHALT|0|120|300
LEMD|14L|32R|11483|197|ASP|1|144|324
LEMD|14R|32L|13084|197|ASP|1|144|324
LEMD|18L|36R|11483|197|ASP|1|181|1
LEMD|18R|36L|13711|197|ASP|1|181|2
LEMF|12|30|2297|59|concrete|0|120|300
LEMG|12|30|9022|148|ASP|1|119|299
LEMG|13|31|10500|148|ASP|1|133|313
LEMH|1|19|8366|148|ASP|1|8|188
LEMI|5|23|9842|147|ASPH|1|46|226
LEMO|2|20|11801|200|ASP|1|20|200
LEMP|15|33|2789|98|Compacted Earth|0|150|330
LEMR|10|28|3281|98|ASP|0|92|272
LEMT|8|26|3116|85|ASP|0|80|260
LEMU|12|30|3281|75|ASP|0|112|296
LENA|10|28|2578|59|Asfalt|0|100|280
LENE|8|26|4593|75|paved|0|80|260
LEOC|11|29|4134|58|ASP|0|107|287
LEOC|17|35|2936|328|GRE|0|167|347
LEOS|8|26|3976|72|Asfalt|0|80|260
LEPA|06L|24R|10728|148|ASP|1|59|239
LEPA|06R|24L|9842|148|ASP|1|59|239
LEPI|12|30|3041|60|ASPH|0|118|298
LEPP|15|33|7241|148|ASP|1|152|332
LEPP|3|21|2|0|UNK|0|30|210
LEPZ|14|32|3346|59|ASP|0|137|317
LERE|12|30|3264|59|ASP|0|120|300
LERI|7|25|3077|148|ASP|1|65|245
LERL|10|28|13123|197|concrete|1|100|280
LERM|1|19|3281|33|ASP|0|7|187
LERO|4|22|3937|148|ASP|0|36|216
LERS|7|25|8054|148|ASP|1|69|249
LERT|10|28|12106|200|ASP|1|97|277
LESA|3|21|8245|148|ASP|1|28|208
LESA|8|26|6115|400|GRE|0|74|254
LESB|5|23|3937|75|ASP|0|51|231
LESL|2|20|6069|75|ASP|0|20|200
LESO|4|22|5755|148|ASP|1|39|219
LEST|17|35|10499|148|ASP|1|166|346
LESU|3|21|4157|92|ASP|1|31|211
LETC|7|25|2789|59|asphalt|0|70|250
LETI|05L|23R|1969|197|GRE|0|41|221
LETI|5|23|3280|49|ASP|0|47|227
LETL|18|36|9268|148|ASPH|1|180|360
LETO|4|22|9029|197|ASP|1|43|223
LEVC|12|30|8858|148|ASP|1|116|296
LEVD|15|33|2976|197|GRE|0|144|324
LEVD|5|23|9843|197|ASP|1|45|225
LEVF|8|26|3281|82|ASP|0|80|260
LEVT|4|22|11483|148|CON|1|36|216
LEVX|1|19|7874|148|ASP|1|11|191
LEXJ|11|29|7612|148|ASP|1|110|290
LEZG|12L|30R|9843|148|ASP|1|120|300
LEZG|12R|30L|12198|148|ASP|1|120|300
LEZL|9|27|11030|148|ASP|1|90|270
LFAB|13|31|2690|0|UNK|0|130|310
LFAC|6|24|5036|148|ASP|1|61|241
LFAC|H||42|42|ASP|0|-1|-1
LFAD|5|23|2953|0|UNK|0|50|230
LFAE|5|23|2953|59|paved|0|50|230
LFAF|17|35|3232|0|UNK|0|170|350
LFAG|9|27|4560|98|ASP|0|91|271
LFAI|5|23|3133|66|ASP|0|53|233
LFAJ|4|22|3281|0|UNK|0|40|220
LFAK|7|25|0|0|UNK|0|70|250
LFAL|8|26|4708|262|Grass|0|84|264
LFAM|6|24|3000|150|grass|0|57|237
LFAO|12|30|3478|66|ASP|0|120|300
LFAP|6|24|2493|197|GRS|0|60|240
LFAQ|08R|26L|3281|262|Grass|0|80|260
LFAQ|8|26|7218|148|ASP|1|90|270
LFAS|6|24|2789|0|UNK|0|60|240
LFAT|13|31|6070|131|ASP|1|133|313
LFAV|11L|29R|2034|164|GRASS|0|110|290
LFAV|11|29|5604|148|ASP|1|110|290
LFAV|6|24|2051|164|GRS|0|60|240
LFAY|12|30|4265|82|ASP|1|116|296
LFBA|11|29|7103|98|ASP|1|112|292
LFBC|6|24|7900|148|ASP|1|57|237
LFBD|11|29|7923|148|ASP|1|107|287
LFBD|5|23|10171|148|ASP|1|46|226
LFBE|9|27|7234|148|ASP|1|94|274
LFBF|12|30|5906|148|ASP|1|115|295
LFBG|5|23|7949|148|PEM|1|50|230
LFBG|8|26|5951|197|MAC|1|84|264
LFBH|9|27|7398|148|ASP|1|93|273
LFBI|3|21|7710|148|ASP|1|32|212
LFBK|17|35|6234|148|ASP|1|167|347
LFBL|3|21|8202|148|ASP|1|34|214
LFBM|9|27|11821|148|PEM|1|87|267
LFBN|7|25|5774|98|ASP|1|68|248
LFBO|14L|32R|9843|148|ASP|1|143|323
LFBO|14R|32L|11483|148|ASP|1|143|323
LFBP|13|31|8202|148|ASP|1|125|305
LFBR|12|30|3609|98|ASP|1|117|297
LFBS|9|27|2625|0|UNK|0|90|270
LFBT|2|20|9843|148|ASP|1|20|200
LFBU|10|28|5938|148|ASP|1|97|277
LFBX|11|29|5741|98|ASP|1|114|294
LFBY|7|25|2625|0|UNK|0|70|250
LFBZ|9|27|7382|148|ASP|1|89|269
LFCA|18|36|2625|0|UNK|0|180|360
LFCB|1|19|2461|0|GRS|0|10|190
LFCC|13|31|4921|98|ASP|1|129|309
LFCD|13|31|4068|197|Grass|0|130|310
LFCE|5|23|2215|66|ASP|0|50|230
LFCF|11|29|2953|100|Paved|0|111|291
LFCG|15|33|3609|98|ASP|0|154|334
LFCH|07L|25R|4416|76|ASP|1|74|254
LFCH|07R|25L|4213|197|GRS|0|74|254
LFCI|9|27|5118|98|ASP|1|90|270
LFCJ|14L|32R|4495|0|UNK|0|140|320
LFCJ|14R|32L|4495|0|UNK|0|140|320
LFCK|14|32|5988|98|CON|1|141|321
LFCL|15|33|3117|76|ASP|0|155|335
LFCM|14|32|5577|98|ASP|1|142|322
LFCN|14L|32R|3281|75|Paved|0|140|320
LFCN|14R|32L|3117|0|G|0|140|320
LFCO|07L|25R|3543|164|GRS|0|70|250
LFCO|07R|25L|3379|164|GRS|0|70|250
LFCP|13|31|4101|262|grass|0|130|310
LFCQ|9|27|3166|66|ASP|0|97|277
LFCR|13|31|6693|148|ASP|1|130|310
LFCS|3|21|2625|66|paved|0|30|210
LFCT|12|30|3445|328|G|0|120|300
LFCU|10R|28L|2953|164|GRS|0|100|280
LFCU|10|28|4429|98|ASP|0|100|280
LFCV|13|31|3363|0|UNK|0|130|310
LFCW|10|28|3412|59|ASP|0|103|283
LFCX|10|28|2953|0|UNK|0|100|280
LFCY|10|28|4117|98|ASP|1|102|282
LFCZ|8|26|3412|66|ASP|1|82|262
LFDA|12|30|3281|98|ASP|0|115|295
LFDB|14|32|3215|66|ASP|1|135|315
LFDC|15|33|2592|197|sand|0|153|333
LFDE|7|25|2674|0|UNK|0|70|250
LFDF|10|28|3937|0|UNK|0|100|280
LFDG|7|25|3675|0|GRASS|0|70|250
LFDH|18|36|6233|98|Concrete|1|184|4
LFDH|36|18|6233|98|ASP|1|4|184
LFDI|4|22|3609|66|ASP|0|35|215
LFDJ|9|27|4265|98|ASP|1|92|272
LFDK|14|32|2526|59|paved|0|136|316
LFDL|8|26|2592|197|GRS|0|83|263
LFDM|11|29|3937|98|ASP|1|107|287
LFDN|12|30|7480|148|ASP|1|123|303
LFDP|10|28|3281|0|UNK|0|100|280
LFDR|8|26|3117|0|UNK|0|80|260
LFDT|8|26|2723|0|UNK|0|80|260
LFDU|6|24|2953|196|Grass|0|60|240
LFDV|2|20|3494|0|UNK|0|20|200
LFDX|17|35|2362|0|grass|0|170|350
LFEA|6|24|2165|82|ASP|0|60|240
LFEB|7|25|2723|98|ASP|0|70|250
LFEC|5|23|2733|79|paved|0|50|230
LFED|10|28|3675|98|ASP|1|94|274
LFEF|10L|28R|2295|198|grass|0|100|280
LFEF|10|28|2295|82|CONCRETE|1|100|280
LFEG|04L|22R|2067|59|ASP|0|40|220
LFEG|04R|22L|2723|213|GRS|0|40|220
LFEH|6|24|3330|66|ASP|0|60|240
LFEI|14|32|2789|0|UNK|0|140|320
LFEJ|4|22|2625|0|UNK|0|40|220
LFEK|11|29|3018|0|UNK|0|110|290
LFEK|18|36|3117|0|UNK|0|180|360
LFEL|4|22|2625|0|UNK|0|40|220
LFEM|05C|23C|2953|262|GRS|0|50|230
LFEM|05L|23R|984|131|GRS|0|50|230
LFEM|5|23|3937|164|grass|0|50|230
LFEN|04R|22L|1083|66|Unpaved|0|35|213
LFEN|4|22|2297|59|HARD|0|35|215
LFEP|3|21|2789|0|UNK|0|30|210
LFEQ|11|29|2543|83|PAVED|0|112|292
LFER|5|23|2756|0|UNK|0|50|230
LFES|2|20|4921|98|ASP|1|23|203
LFET|11|29|3412|196|Turf|0|107|287
LFET|1|19|3445|328|Turf|0|13|193
LFEU|6|24|3084|0|UNK|0|60|240
LFEV|07L|25R|2822|262|grass|0|75|255
LFEV|07R|25L|2625|59|paved|0|75|255
LFEW|5|23|2395|66|Asphalt|0|54|234
LFEX|18|36|3215|0|UNK|0|180|360
LFEY|14|32|4003|82|ASP|1|143|323
LFEY|4|22|1886|164|GRS|0|36|216
LFEZ|14|32|3281|0|UNK|0|140|320
LFEZ|4|22|3084|0|UNK|0|40|220
LFEZ|9|27|3084|0|UNK|0|90|270
LFFB|10|28|2625|0|UNK|0|100|280
LFFC|12|30|2953|0|UNK|0|120|300
LFFC|4|22|2953|0|UNK|0|40|220
LFFD|5|23|3609|0|UNK|0|50|230
LFFG|4|24|2789|164|GRS|0|40|240
LFFH|4|22|3051|0|UNK|0|40|220
LFFI|7|25|3937|82|ASP|1|73|254
LFFJ|9|27|2165|197|grass|0|93|273
LFFK|8|26|3150|0|UNK|0|80|260
LFFL|18|36|2559|0|UNK|0|180|360
LFFL|8|26|2559|0|UNK|0|80|260
LFFN|10|28|8038|148|CON|0|99|279
LFFO|10|28|1970|66|Grass|0|98|278
LFFO|H||82|82|ASP|0|-1|-1
LFFP|7|25|3740|0|UNK|0|70|250
LFFQ|10|28|3389|295|UNK|0|100|280
LFFR|12|30|2625|0|UNK|0|120|300
LFFT|1|19|2559|0|UNK|0|10|190
LFFU|8|26|2625|197|grass|0|80|260
LFFV|4|22|2231|197|GRS|0|40|220
LFFW|7|25|2953|0|UNK|0|70|250
LFFZ|06L|24R|3117|164|Unpaved|0|57|257
LFGA|1|19|5282|98|ASP|1|11|191
LFGB|02R|20L|3166|262|GRASS|0|21|201
LFGB|16|34|1640|164|grass|0|160|340
LFGB|2|20|3281|66|ASP|0|21|201
LFGC|17|35|2690|197|ASPH|0|170|350
LFGF|3|21|2985|98|ASP|0|25|205
LFGG|18L|36R|3018|262|grass|0|180|360
LFGG|18R|36L|3018|164|grass|0|180|360
LFGH|12|30|2657|0|UNK|0|120|300
LFGI|02R|20L|2560|262|Turf|0|17|197
LFGI|2|20|2460|65|Asphalt|0|17|197
LFGJ|5|23|7318|148|ASP|1|55|235
LFGK|08R|26L|2296|262|Turf|0|79|259
LFGK|8|26|3458|98|ASP|0|79|259
LFGL|8|26|3609|0|UNK|0|80|260
LFGM|9|27|2953|0|UNK|0|90|270
LFGN|13|31|1960|330|Turf|0|132|312
LFGO|14L|32R|3281|0|UNK|0|140|320
LFGO|14R|32L|3281|0|UNK|0|140|320
LFGP|07C|25C|3543|0|UNK|0|70|250
LFGP|07L|25R|3675|0|UNK|0|70|250
LFGQ|04L|22R|2034|197|Grass|0|42|222
LFGQ|4|22|2400|82|Asphalt|0|42|222
LFGR|8|26|2953|0|UNK|0|80|260
LFGS|9|27|2953|164|GRS|0|90|270
LFGU|05L|23R|2343|492|grass|0|50|230
LFGU|05R|23L|2343|492|grass|0|50|230
LFGW|10|28|3675|66|ASP|1|100|280
LFGY|7|25|2854|59|paved|0|70|250
LFGZ|11|29|2933|197|Turf|0|110|290
LFHA|18L|36R|2805|230|grass - herbe  (planeur)|0|176|356
LFHA|18R|36L|2805|230|grass - herbe  (avion)|0|176|356
LFHD|18R|36L|3937|0|UNK|0|180|360
LFHE|6|24|3068|0|UNK|0|60|240
LFHF|18|36|2067|164|grass|0|181|3
LFHH|1|19|2155|155|grass|0|10|190
LFHI|13|31|2625|0|UNK|0|130|310
LFHJ|18|36|2904|0|UNK|0|180|360
LFHL|4|22|2897|164|Grass|0|36|216
LFHM|15|33|1798|59|ASP|0|153|333
LFHN|1|19|2200|60|paved|0|10|190
LFHO|18|36|4675|98|Paved|0|184|4
LFHP|15R|33L|3084|262|Unpaved|0|151|331
LFHP|15|33|4570|98|Paved|1|151|331
LFHQ|1|19|4298|98|ASP|0|9|189
LFHR|15L|33R|2854|164|Grass - Herbe -> Avion -|0|154|334
LFHS|18R|36L|2411|262|GRS|0|180|360
LFHS|18|36|3737|98|ASP|1|180|0
LFHT|2|20|2415|59|paved|0|16|196
LFHU|6|24|1470|98|ASP|0|60|240
LFHV|18L|36R|3609|262|GRS|0|182|2
LFHV|18|36|3412|98|ASP|1|181|1
LFHX|5|23|3937|75|paved|0|51|231
LFHY|08L|26R|1083|98|GRS|0|80|260
LFHY|08R|26L|2766|131|GRS|0|80|260
LFHY|8|26|4265|98|ASP|1|83|263
LFIB|11|29|2625|0|UNK|0|110|290
LFID|11|29|2789|0|UNK|0|110|290
LFIF|12|30|4265|66|ASP|0|118|298
LFIG|10|28|3445|66|CON|0|93|273
LFIH|7|25|2756|0|UNK|0|70|250
LFIK|5|23|2822|0|UNK|0|50|230
LFIL|5|23|3527|0|UNK|0|50|230
LFIP|9|27|1542|66|ASP|0|90|270
LFIS|3|21|1978|131|PAVED|0|29|209
LFIV|9|27|2625|0|UNK|0|90|270
LFIY|10|28|2789|164|Grass|0|100|280
LFJA|1|19|4921|148|ASP|0|5|185
LFJB|4|22|4265|66|ASP|1|36|216
LFJC|18|36|2592|0|UNK|0|180|360
LFJE|3|21|1752|131|GRS|0|30|210
LFJF|8|26|2526|0|UNK|0|80|260
LFJH|10|28|2920|0|UNK|0|100|280
LFJL|4|22|8202|148|ASP|1|39|219
LFJR|08L|26R|2362|148|GRS|0|80|260
LFJR|08R|26L|3609|328|GRS|0|80|260
LFJR|8|26|5906|148|ASP|1|80|260
LFJS|7|25|2870|180|Grass|0|70|250
LFJT|3|21|2953|0|UNK|0|30|210
LFJU|06R|24L|2170|125|GRS|0|58|238
LFJU|6|24|4960|55|ASP|0|56|236
LFJY|5|23|7874|148|ASP|1|50|230
LFKA|5|23|2625|69|ASP|0|51|231
LFKB|16|34|8266|148|ASP|1|163|343
LFKC|18|36|7579|131|CON|1|179|359
LFKF|5|23|8136|148|ASP|1|48|228
LFKG|18|36|2625|0|UNK|0|180|360
LFKH|2|20|1335|115|G|0|20|200
LFKJ|2|20|7897|148|ASP|1|25|205
LFKM|16|34|2130|33|grass|0|160|340
LFKO|9|27|4593|98|ASP|0|95|275
LFKP|11|29|270|80|asphalt|0|110|290
LFKS|18|36|8619|148|CON|1|179|359
LFKT|12|30|3084|65|ASP|0|124|304
LFKX|15|33|1332|49|ASP|0|150|330
LFKY|18|36|2093|197|G|0|180|360
LFLA|18|36|5413|98|ASP|1|184|4
LFLB|18|36|6628|148|ASP|1|176|356
LFLC|08L|26R|2953|161|Grass - Herbe|0|82|262
LFLC|1|19|2313|197|Grass - Herbe|0|8|188
LFLC|8|26|9885|148|ASP|1|82|262
LFLD|6|24|5085|148|ASP|1|59|239
LFLE|14|32|3281|66|ASP|0|142|322
LFLG|4|22|2953|0|UNK|0|40|220
LFLH|17|35|4725|98|ASP|1|171|351
LFLI|12|30|4265|98|ASP|1|117|297
LFLJ|4|22|1762|131|Asphalt|0|43|223
LFLL|17L|35R|8760|148|ASP|1|175|355
LFLL|17R|35L|13124|148|ASP|1|175|355
LFLM|17|35|4036|79|ASP|1|174|354
LFLN|15L|33R|6660|148|CON|1|148|328
LFLN|15R|33L|4921|98|CON|0|148|328
LFLO|2|20|4839|98|Paved|1|15|195
LFLP|4|22|5348|98|ASP|1|39|219
LFLQ|2|20|3937|262|Unpaved|0|20|200
LFLR|01L|19R|2953|328|UnPaved|0|7|187
LFLR|01R|19L|2953|328|UnPaved|0|7|187
LFLS|9|27|10007|148|ASP|1|90|270
LFLT|11|29|3281|98|ASP|0|110|290
LFLU|01L|19R|3914|164|GRASS|0|10|190
LFLU|01R|19L|1322|196|GRASS|0|10|190
LFLU|1|19|6890|148|ASP|1|7|187
LFLV|1|19|7218|148|ASP|1|8|188
LFLW|15|33|5577|98|ASP|1|150|330
LFLX|3|21|11483|148|CON|1|33|213
LFLY|16|34|5971|148|ASP|1|163|343
LFLZ|15|33|3084|197|Unpaved|0|153|333
LFMA|14|32|4934|98|ASP|0|146|326
LFMC|13|31|4593|98|ASP|1|130|310
LFMC|9|27|2625|98|ASP|1|88|268
LFMD|17L|35R|1804|164|grass|0|173|353
LFMD|17|35|5052|148|ASP|1|173|353
LFMD|4|22|2493|59|ASP|0|44|224
LFME|18L|36R|2986|197|UNK|0|180|360
LFME|18R|36L|3084|197|grass|0|180|360
LFMF|10L|28R|2625|0|UNK|0|100|280
LFMF|10R|28L|2723|0|UNK|0|100|280
LFMH|17|35|7546|148|ASP|1|175|355
LFMI|15|33|12303|197|ASP|1|153|333
LFMK|9|27|6726|148|ASP|1|97|277
LFML|13L|31R|11483|148|ASP|1|134|314
LFML|13R|31L|7776|148|ASP|1|134|314
LFMN|04L|22R|8622|148|ASP|1|45|225
LFMN|04R|22L|9721|148|ASP|1|45|225
LFMO|14|32|0|0|UNK|0|140|320
LFMO|15|33|7909|197|CON|1|144|324
LFMP|13|31|3560|66|ASP|0|128|308
LFMP|15|33|8202|148|ASP|1|148|328
LFMQ|12|30|5069|98|ASP|1|127|307
LFMR|9|27|2625|0|UNK|0|90|270
LFMS|1|19|4576|98|ASP|1|13|193
LFMT|12L|30R|8530|164|ASP|1|124|304
LFMT|12R|30L|3609|98|ASP|0|124|304
LFMU|9|27|5971|148|ASP|1|94|274
LFMV|17|35|6168|148|ASP|1|169|349
LFMW|11|29|2657|98|PAVED|0|110|290
LFMY|16|34|6565|148|CON|1|160|340
LFMY|17L|35R|0|0|UNK|0|170|350
LFMY|17R|35L|0|0|UNK|0|170|350
LFMY|9|27|0|0|UNK|0|90|270
LFMZ|8|26|3281|98|ASP|0|78|258
LFNA|02L|20R|3100|98|ASP|0|26|206
LFNA|02R|20L|2296|262|GRS|0|26|206
LFNB|12|30|4265|98|ASP|1|125|305
LFNC|16|34|2854|0|UNK|0|160|340
LFNE|15|33|4003|0|UNK|0|150|330
LFNE|9|27|4265|0|UNK|0|90|270
LFNF|10|28|3458|0|UNK|0|100|280
LFNF|2|20|4167|0|UNK|0|20|200
LFNG|14|32|2953|98|paved|0|140|320
LFNH|13|31|3937|66|ASP|0|132|312
LFNJ|18|36|2953|0|UNK|0|180|360
LFNL|12|30|1805|230|grass|0|120|300
LFNO|9|27|2592|0|UNK|0|90|270
LFNQ|14|32|3281|0|UNK|0|140|320
LFNR|16|34|3117|0|UNK|0|158|338
LFNR|8|26|3609|0|UNK|0|84|264
LFNS|17|35|3839|0|UNK|0|170|350
LFNT|13|31|3839|0|UNK|0|130|310
LFNT|17R|35L|4429|0|UNK|0|170|350
LFNU|18|36|3478|0|UNK|0|180|360
LFNV|2|20|3346|164|grass|0|20|200
LFNX|18|36|3199|0|UNK|0|180|360
LFOA|6|24|11493|148|ASP|1|60|240
LFOB|12|30|7972|148|ASP|1|125|305
LFOB|13R|31L|0|0|UNK|0|130|310
LFOB|4|22|3625|98|ASP|0|42|222
LFOC|10|28|7552|148|ASP|1|98|278
LFOD|10|28|4757|98|ASP|1|96|276
LFOE|4|22|9826|148|ASP|1|40|220
LFOF|7|25|2543|0|UNK|0|70|250
LFOG|5|23|2365|82|paved|0|50|230
LFOH|4|22|7546|130|ASP|1|44|224
LFOI|02L|20R|2950|330|Grass|0|24|204
LFOI|13|31|1880|260|Grass|0|134|314
LFOI|2|20|4101|75|CON|0|22|202
LFOJ|7|25|7887|148|ASP|1|69|249
LFOK|10|28|12664|148|CON|1|102|282
LFOL|7|25|2510|0|UNK|0|70|250
LFOM|6|24|4101|262|grass|0|60|240
LFON|4|22|2362|262|GRASS|0|40|220
LFOP|4|22|5577|148|ASP|1|41|221
LFOP|5|23|2952|262|GRASS|0|50|230
LFOQ|12|30|4101|98|ASP|1|122|302
LFOQ|2|20|3018|230|GRS|0|20|200
LFOR|9|27|2756|82|ASPH|1|90|270
LFOS|7|25|2953|0|UNK|0|70|250
LFOT|2|20|7887|148|CON|1|15|195
LFOU|03R|21L|3379|262|GRS|0|25|205
LFOU|3|21|4528|98|ASP|1|25|205
LFOV|14|32|5453|98|ASP|1|142|322
LFOX|06L|24R|4035|164|ASPH|0|60|240
LFOX|6|24|2295|74||0|60|240
LFOY|1|19|2920|0|UNK|0|10|190
LFOY|6|24|2756|0|UNK|0|60|240
LFOZ|5|23|5250|98|ASP|1|53|233
LFPA|10L|28R|2723|0|UNK|0|100|280
LFPA|10R|28L|2887|0|UNK|0|100|280
LFPA|5|23|3199|328|UNPAVED|0|53|233
LFPB|3|21|7858|148|ASP|1|26|206
LFPB|7|25|9813|148|CON|1|69|249
LFPB|9|27|6060|148|ASP|1|86|266
LFPC|7|25|7871|164|CON|1|65|245
LFPD|10|28|3937|262|grass|0|100|280
LFPE|07L|25R|3757|328|GRASS|0|70|250
LFPE|07R|25L|3527|328|grass|0|70|250
LFPE|16L|34R|3346|328|grass|0|160|340
LFPE|16R|34L|3346|328|grass|0|160|340
LFPF|12|30|3281|0|UNK|0|120|300
LFPG|08L|26R|13829|148|ASP|1|85|265
LFPG|08R|26L|8858|197|CON|1|85|265
LFPG|09L|27R|8858|197|ASP|1|85|265
LFPG|09R|27L|13780|148|ASP|1|86|266
LFPH|11|29|2132|164|Grass|0|107|287
LFPH|4|22|1968|164|Grass|0|37|217
LFPK|09C|27C|5217|66|paved|0|90|270
LFPK|09L|27R|2132|164|GRS|0|91|271
LFPK|09R|27L|2165|262|GRS|0|91|271
LFPK|9|27|4593|66|PEM|0|91|271
LFPL|08R|26L|3608|328|Grass|0|82|262
LFPL|8|26|2296|65|Paved|0|82|262
LFPM|10|28|6480|148|ASP|1|103|283
LFPM|1|19|4265|98|ASP|0|13|193
LFPN|07L|25R|3609|98|ASP|1|70|250
LFPN|07R|25L|3445|98|ASP|1|70|250
LFPO|2|20|7874|197|CON|1|18|198
LFPO|6|24|11975|148|ASP|1|62|242
LFPO|7|25|10892|148|CON|1|74|254
LFPP|07R|25L|2700|164|Grass|0|67|247
LFPP|7|25|2290|62|ASPH|1|67|247
LFPQ|12L|30R|2297|59|paved|1|119|299
LFPQ|12R|30L|2362|164|Grass|0|119|299
LFPT|12|30|5413|164|ASP|0|118|298
LFPT|5|23|5541|164|ASP|1|45|225
LFPU|6|24|2707|0|Grass|0|60|240
LFPV|9|27|5948|148|ASP|1|88|268
LFPX|10|28|2329|328|Grass|0|100|280
LFPX|5|23|2707|197|Grass|0|50|230
LFPZ|11L|29R|2919|328|GRS|0|113|293
LFPZ|11R|29L|2838|196|GRS|0|113|293
LFQA|7|25|3773|98|ASP|1|66|246
LFQB|17R|35L|2953|328|GRS|0|174|354
LFQB|17|35|5413|98|ASP|1|174|354
LFQB|5|23|2408|328|GRS|0|52|232
LFQC|09R|27L|2460|246|grass|0|91|271
LFQC|9|27|3410|66|ASP|0|92|272
LFQD|4|22|0|0|UNK|0|40|220
LFQE|1|19|7874|148|ASP|1|14|194
LFQE|2|20|0|0|UNK|0|20|200
LFQF|18L|36R|2087|164|GRS|0|180|0
LFQF|18|36|3350|98|ASP|1|180|0
LFQG|12|30|5348|98|ASP|1|122|302
LFQH|2|20|3133|328|Turf|0|17|197
LFQJ|05L|23R|2625|263|GRS|0|50|230
LFQJ|05R|23L|4265|98|ASP|0|48|228
LFQK|04L|22R|4921|230|grass|0|40|220
LFQK|04R|22L|4921|262|grass|0|40|220
LFQL|3|21|0|0|UNK|0|30|210
LFQL|9|27|0|0|UNK|0|90|270
LFQM|5|23|4593|75|ASP|1|53|233
LFQN|3|21|2100|164|grass|0|30|210
LFQN|9|27|1959|66|paved|0|90|270
LFQO|08L|26R|2749|262|Grass|0|80|260
LFQO|08R|26L|2749|164|Grass|0|80|260
LFQO|17L|35R|2789|262|Grass|0|170|350
LFQO|17R|35L|2789|164|Grass|0|170|350
LFQP|6|24|7205|148|ASP|1|57|237
LFQQ|1|19|5184|98|ASP|1|15|195
LFQQ|8|26|9268|148|ASP|1|78|258
LFQS|12|30|2953|328|G|0|120|300
LFQT|4|22|6037|98|ASP|1|37|217
LFQU|9|27|2854|0|UNK|0|90|270
LFQV|11|29|4921|98|ASP|1|112|292
LFQW|8|26|4731|66|ASP|1|82|262
LFQX|7|25|2953|0|UNK|0|70|250
LFQZ|5|23|2707|0|UNK|0|50|230
LFRB|07L|25R|2297|59|ASP|0|71|251
LFRB|07R|25L|10171|148|ASP|1|71|251
LFRC|10|28|8005|148|ASP|1|101|281
LFRD|12|30|4708|148|ASP|0|115|295
LFRD|17|35|7218|148|ASP|1|170|350
LFRE|11|29|3117|82|ASP|0|107|287
LFRF|6|24|3150|98|ASP|1|65|245
LFRG|12|30|8366|148|ASP|1|117|297
LFRH|2|20|5479|148|CON|1|16|196
LFRH|7|25|7884|148|CON|1|72|252
LFRI|10|28|5085|98|ASP|1|102|282
LFRJ|7|25|8858|148|CON|1|73|253
LFRK|13L|31R|2624|164|Not paved|0|125|305
LFRK|13|31|6233|148|ASP|1|125|305
LFRL|13|31|2133|177|GRS|0|128|308
LFRL|5|23|3635|131|ASP|1|51|231
LFRL|6|24|0|0|UNK|0|60|240
LFRM|02R|20L|3182|262|GRS|0|20|200
LFRM|2|20|4658|98|ASP|1|20|200
LFRN|10|28|6890|148|ASP|1|101|281
LFRN|14|32|2788|98|ASP|0|142|322
LFRO|11|29|5577|148|ASP|1|107|287
LFRP|10|28|2805|0|UNK|0|100|280
LFRQ|9|27|7054|148|ASP|1|94|274
LFRS|3|21|9514|148|ASP|1|28|208
LFRT|6|24|7218|148|ASP|1|59|239
LFRU|15|33|2772|262|UNK|0|153|333
LFRU|4|22|5305|118|ASP|1|41|221
LFRU|9|27|1548|262||0|90|270
LFRV|4|22|5020|148|ASP|1|39|219
LFRV|8|26|3363|197|GRS|0|82|262
LFRZ|7|25|7874|148|ASP|1|73|253
LFSA|7|25|3182|0|UNK|0|70|250
LFSB|15|33|12795|197|CON|1|155|335
LFSB|7|25|5626|197|CON|1|77|257
LFSD|17|35|7874|148|ASP|1|175|355
LFSD|1|19|5905|118|ASP|0|15|195
LFSE|2|20|2325|325|grass|0|20|200
LFSG|8|26|8858|148|CON|1|85|265
LFSH|03L|21R|3159|262|Turf|0|29|209
LFSH|3|21|3264|59|ASP|0|29|209
LFSI|11|29|7913|148|ASP|1|113|293
LFSJ|08L|26R|3609|0|UNK|0|80|260
LFSJ|08R|26L|2625|0|UNK|0|80|260
LFSK|11|29|2887|0|UNK|0|110|290
LFSK|5|23|2953|0|UNK|0|50|230
LFSL|11|29|6890|147|asphalt|1|115|295
LFSM|8|26|5578|66|ASP|1|79|259
LFSN|3|21|5249|131|ASP|1|29|209
LFSO|2|20|7878|148|CON|1|19|199
LFSP|2|20|3281|98|ASP|1|21|201
LFST|5|23|7874|148|ASP|1|49|229
LFSU|18|36|3018|197|Turf|0|181|1
LFSV|13|31|3773|0|UNK|0|130|310
LFSV|6|24|3937|0|UNK|0|60|240
LFSW|10|28|3150|164|grass|0|100|280
LFSW|4|22|3937|164|grass|0|40|220
LFSX|11|29|7982|148|ASP|1|113|293
LFSX|4|22|7596|118|ASP|1|38|218
LFTF|11|29|6471|98|ASP|0|110|290
LFTH|13|31|6240|164|ASP|1|135|315
LFTH|5|23|6955|148|ASP|1|51|231
LFTP|8|26|2690|0|UNK|0|80|260
LFTW|18|36|8005|148|CON|1|177|357
LFTZ|6|24|3514|98|ASP|1|62|242
LFVM|12|30|3280|65|ASP|1|98|278
LFVP|8|26|5900|150|ASP|1|59|239
LFXA|1|19|6562|98|ASP|0|7|187
LFXA|2|20|2625|328|GRS|0|15|195
LFXB|06L|24R|2953|0|UNK|0|60|240
LFXB|06R|24L|2953|0|UNK|0|60|240
LFXB|12|30|2625|0|UNK|0|120|300
LFXB|6|24|2953|0|UNK|0|60|240
LFXU|10L|28R|6398|164|grass|0|100|280
LFXU|10R|28L|6398|164|grass|0|100|280
LFYG|08L|26R|2953|59|ASP|0|80|260
LFYG|08R|26L|2625|328|GRS|0|80|260
LFYR|04L|22R|3609|328|grass|0|40|220
LFYR|04R|22L|3117|328|grass|0|40|220
LFYS|7|25|2625|0|UNK|0|70|250
LGAD|16|34|10299|148|ASP|1|165|345
LGAL|7|25|8471|148|ASP|1|73|253
LGAV|03L|21R|12467|148|ASP|1|37|217
LGAV|03R|21L|13123|148|ASP|1|37|217
LGAX|13|31|5956|98|ASP|0|128|308
LGBL|8|26|9052|148|ASP|1|81|261
LGEL|18|36|8985|131|ASP|1|180|0
LGHI|1|19|4957|98|ASP|1|10|190
LGIK|15|33|4551|98|ASP|1|152|332
LGIO|14|32|7874|148|ASP|1|142|322
LGIR|12|30|5138|164|ASP|0|126|306
LGIR|9|27|8904|148|ASP|1|95|275
LGKA|12|30|8852|148|ASP|1|122|302
LGKC|2|20|4794|98|ASP|1|26|206
LGKF|14|32|7992|148|ASP|1|146|326
LGKJ|13|31|2618|82|ASPH|0|130|310
LGKL|17R|35L|8868|148|ASP|1|169|349
LGKM|13|31|4364|92|ASP|1|137|317
LGKO|14|32|7841|148|ASP|1|148|328
LGKP|12|30|7871|98|ASP|1|124|304
LGKR|16|34|7792|148|ASP|1|169|349
LGKS|9|27|3221|82|ASP|1|93|273
LGKV|5|23|9844|148|ASP|1|55|235
LGKY|10|28|3330|98|ASP|0|100|280
LGKZ|14|32|5978|98|ASP|1|143|323
LGLE|14|32|3320|98|ASP|0|144|324
LGLM|04R|22L|9895|148|ASP|1|43|223
LGLR|08C|26C|11939|148|ASP|0|79|259
LGLR|08R|26L|9711|98|ASP|1|79|259
LGMG|08R|26L|3953|125|ASP|0|82|262
LGMK|16|34|6240|98|ASP|1|160|340
LGML|8|26|3527|82|ASP|0|80|260
LGMT|14|32|7894|148|ASP|1|148|328
LGNX|18|36|2953|0|UNK|0|180|360
LGPA|17|35|4593|98|ASP|1|170|350
LGPL|15|33|3245|98|ASP|1|150|330
LGPZ|6|24|9419|148|ASP|1|68|248
LGRP|6|24|10846|148|ASP|1|70|250
LGRX|18R|36L|10997|148|PEM|1|183|3
LGSA|11|29|10982|148|ASP|1|111|291
LGSK|1|19|5341|98|ASP|1|19|199
LGSM|9|27|6706|148|ASP|1|94|274
LGSO|18|36|3542|98|ASP|1|181|1
LGSR|15|33|7208|98|ASP|1|159|339
LGST|5|23|6804|148|ASP|1|50|230
LGSY|17|35|9849|98|ASP|1|176|356
LGTG|10|28|9810|148|ASP|1|105|285
LGTL|2|20|8881|164|ASP|1|20|200
LGTP|2|20|6368|98|ASP|1|23|203
LGTS|10|28|11286|164|ASP|1|104|284
LGTS|16|34|7907|197|ASP|1|166|346
LGTT|3|21|5311|149|ASP|1|31|211
LGZA|16|34|7310|148|ASP|1|163|343
LHBC|17L|35R|4265|98|Asphalt|1|174|354
LHBC|17R|35L|2591|131|Grass|0|170|350
LHBP|13L|31R|12162|148|CON|1|132|312
LHBP|13R|31L|9875|148|CON|1|132|312
LHBS|9|27|3215|197|grass|0|91|274
LHDC|04R|22L|8196|131|CON|1|48|228
LHEM|2|20|3281|0|G|0|20|200
LHER|16|34|2623|0|grass|0|160|340
LHFM|16|34|3232|75|ASP|0|158|338
LHGD|12|30|3280|190|grass|0|128|308
LHGR|15|33|2789|656|GRS|0|150|330
LHGY|15|33|2493|394|GRS|0|150|330
LHHO|4|22|3281|164|GRS|0|40|220
LHJK|14L|32R|1968|59|ASP|0|140|320
LHJK|14R|32L|3281|98|GRS|0|140|320
LHKD|15|33|3937|82|GRS|0|150|330
LHKE|12|30|8200|197|CON|1|123|303
LHKH|10|28|2460|525|grass|0|100|280
LHKK|13|31|2608|147|Concrete|0|130|310
LHKT|17|35|2625|148|GRS|0|170|350
LHKV|17L|35R|2034|59|CON|0|170|350
LHKV|17R|35L|3937|656|GRS|0|170|350
LHNK|1|19|3281|328|GRS|0|10|190
LHNY|18L|36R|3281|197|GRS|1|181|1
LHNY|18R|36L|3281|66|ASP|1|181|1
LHOY|17|35|5249|984|GRS|0|175|355
LHPA|16|34|7869|0|CON|1|160|340
LHPP|15|33|4922|98|ASP|1|157|337
LHPR|11|29|6660|98|ASP|1|120|300
LHPR|12L|30R|3720|140|GRE|0|119|299
LHSA|16|34|6562|197|ASP|1|159|339
LHSK|15|33|6562|0|UNK|0|150|330
LHSM|16|34|8202|197|CON|1|165|345
LHSN|2|20|6562|229|ASP|1|21|201
LHSZ|15|33|2500|0|grass|0|150|330
LHTA|16|34|8205|0|UNK|0|160|340
LHTL|14|32|5800|197|concrete|0|142|322
LHUD|16L|34R|3862|164|Grass|0|167|347
LHUD|16R|34L|3888|98|Asphalt|1|168|348
LHUH|6|24|2297|102|G|0|60|240
LHZA|17|35|4921|82|gras|0|173|353
LHZK|2|20|2625|82|gras|0|29|209
LIAA|9|27|2854|59|Tarmac|0|90|270
LIAF|17|35|4593|98|asphalt|0|170|350
LIAP|18|36|4623|85|ASP|0|178|358
LIAT|12|30|2215|0|GRE|0|120|300
LIBA|11|29|8727|144|ASP|1|114|294
LIBC|17|35|6562|148|ASP|1|169|349
LIBD|7|25|9843|148|ASP|1|67|247
LIBF|15|33|5692|154|ASP|1|156|336
LIBG|17|35|10499|148|ASP|0|169|349
LIBN|14|32|6240|190|ASP|1|146|326
LIBP|4|22|7933|148|ASP|1|38|218
LIBR|13|31|10000|148|ASP|1|137|317
LIBR|5|23|5892|148|ASP|1|53|233
LIBV|14L|32R|9829|98|ASP|1|141|321
LIBV|14R|32L|9846|148|ASP|1|141|321
LICA|10|28|9898|148|ASP|1|99|279
LICB|5|23|8070|148|asphalt|1|48|228
LICC|8|26|7989|148|ASP|1|84|264
LICD|8|26|5906|148|ASP|1|81|261
LICG|2|20|4003|98|ASP|0|28|208
LICG|7|25|5495|148|ASP|1|76|256
LICJ|2|20|6804|148|ASP|1|24|204
LICJ|7|25|10912|197|ASP|1|67|247
LICP|17|35|4016|148|ASP|0|175|355
LICR|11|29|5574|148|ASP|1|113|293
LICR|15|33|6549|148|ASP|1|153|333
LICT|13|31|8852|148|ASP|1|128|308
LICZ|10L|28R|8012|98|ASP|1|98|278
LICZ|10R|28L|8077|148|ASP|1|98|278
LIDA|08L|26R|3675|75|ASP|0|76|256
LIDA|08R|26L|3609|295|GRS|0|75|255
LIDA|8|26|0|0|UNK|0|80|260
LIDB|5|23|2664|0|UNK|0|50|230
LIDE|11|29|3976|98|ASP|0|110|290
LIDE|12|30|0|0|UNK|0|120|300
LIDF|5|23|4429|164|SOD|0|50|230
LIDG|3|21|2624|75|ASP|0|3|21
LIDG|H||50|50|ASP|1|-1|-1
LIDH|17|35|3937|98|GRASS|0|170|350
LIDL|16|34|2001|82|GRS|0|160|340
LIDP|3|21|3899|75|ASPHALT|0|18|198
LIDR|8|26|3937|98|ASP|0|81|261
LIDT|18|36|3707|98|ASP|1|181|1
LIDU|2|20|2789|66|ASP|0|20|200
LIDW|15|33|2461|164|G|0|150|330
LIEA|2|20|9843|148|ASP|1|25|205
LIED|16L|34R|9793|148|ASP|1|167|347
LIED|16R|34L|9072|98|ASP|1|167|347
LIEE|14|32|9196|148|ASP|1|138|318
LIEO|5|23|9006|148|ASP|1|53|233
LIER|14|32|3934|98|BITUMINOUS|1|133|313
LILA|3|21|2100|98|grass|0|30|210
LILB|3|21|1968|49|ASPH|0|30|210
LILE|16|34|331|98|ASP|1|156|336
LILG|16|34|2625|0|UNK|0|160|340
LILH|16|34|3281|98|ASP|0|160|340
LILI|9|27|1837|75|Grass|0|90|270
LILN|17|35|4659|131|ASP|0|176|356
LILO|9|27|3117|72|ASP|0|90|270
LILQ|5|23|2461|59|GRS|0|45|225
LILR|11|29|2132|98|asphalt|0|110|290
LILV|2|20|2297|164|GRASS|0|20|200
LILY|1|19|0|0|Water|0|10|190
LIMA|10L|28R|3524|98|ASP|0|101|281
LIMA|10R|28L|2461|131|GRS|0|102|282
LIMB|18|36|3543|98|ASP|0|180|0
LIMC|17L|35R|12861|197|ASP|1|170|350
LIMC|17R|35L|12861|197|ASP|1|170|350
LIME|10|28|9429|148|ASP|1|105|285
LIME|12|30|2343|59|ASP|0|121|301
LIMF|18|36|10827|197|ASP|1|183|3
LIMG|9|27|4688|148|ASP|1|94|274
LIMJ|10|28|9564|148|ASP|1|105|285
LIML|17|35|8012|197|ASP|1|176|356
LIMN|17|35|9818|94|ASP|1|168|348
LIMP|2|20|6962|148|ASP|1|17|197
LIMS|12|30|9828|148|ASP|1|118|298
LIMW|9|27|4088|98|ASP|1|85|265
LIMZ|3|21|6903|148|ASP|1|32|212
LINL|18|36|2014|98|paved|0|180|360
LIPA|5|23|8551|144|ASP|0|48|228
LIPB|01R|19L|2290|66|GRS|0|11|191
LIPB|1|19|4698|148|ASP|1|10|190
LIPC|11|29|10007|148|ASP|1|116|296
LIPD|4|22|2395|131|grass|0|40|220
LIPE|12|30|9196|148|ASP|1|117|297
LIPG|9|27|4101|98|GRS|0|85|265
LIPH|7|25|7941|144|ASP|1|69|249
LIPI|6|24|8365|144|ASP|1|59|239
LIPK|12|30|7907|148|ASP|1|117|297
LIPL|13|31|9813|148|ASP|1|135|315
LIPM|11|29|2625|66|paved|0|110|290
LIPN|8|26|3327|72|ASP|0|75|255
LIPO|14|32|9810|148|ASP|1|135|315
LIPQ|9|27|9843|148|ASP|1|90|270
LIPR|13|31|9828|148|ASP|1|128|308
LIPS|8|26|9816|105|ASP|1|82|262
LIPU|4|22|3681|98|ASP|1|40|220
LIPV|5|23|3261|148|GRASS|0|50|230
LIPX|4|22|10064|148|ASP|1|46|226
LIPY|4|22|9718|148|ASP|1|45|225
LIPZ|04L|22R|9121|148|ASP|1|42|222
LIPZ|04R|22L|10827|148|ASP|1|42|222
LIQB|12|30|2165|75|ASP|0|120|300
LIQL|10|28|2986|59|ASP|0|100|280
LIQS|18|36|4570|98|ASP|1|178|358
LIQW|18|36|2969|75|ASP|0|180|360
LIRA|15|33|7226|147|ASP|1|152|332
LIRE|13R|31L|8138|98|ASP|1|130|310
LIRF|16L|34R|12801|196|ASP|1|163|343
LIRF|16R|34L|12801|196|ASP|1|163|343
LIRF|7|25|10849|147|ASP|1|70|250
LIRG|18|36|4797|98|ASP|0|181|1
LIRG|4|22|3937|197|GRS|0|35|215
LIRH|16|34|4695|0|UNK|0|160|340
LIRI|5|23|6437|148|ASP|1|52|232
LIRJ|16|34|3114|75|ASP|0|160|340
LIRL|12|30|5577|131|ASP|1|124|304
LIRM|6|24|9813|98|ASP|1|60|240
LIRN|6|24|8622|148|ASP|1|58|238
LIRP|04L|22R|9160|141|ASP|1|37|217
LIRP|04R|22L|9820|148|ASP|1|37|217
LIRQ|5|23|5118|148|ASP|1|48|228
LIRS|03R|21L|7723|82|ASP|0|31|211
LIRS|3|21|9823|148|ASP|1|31|211
LIRU|16|34|3556|98|ASP|0|160|340
LIRV|04C|22C|4265|164|ASPH|0|38|218
LIRV|04L|22R|3297|82|ASP|0|38|218
LIRV|04R|22L|1936|112|ASP|0|39|219
LIRZ|1|19|7215|148|ASP|1|14|194
LJAJ|8|26|3543|197|grass|0|80|260
LJBL|14|32|3707|75|asphalt|0|140|320
LJBO|7|25|2789|131|GRE|0|70|250
LJCE|9|27|9843|148|ASP|0|89|269
LJCL|11|29|2650|330|grass|0|110|290
LJDI|11|29|2625|66|grass|0|110|290
LJDI|13|31|2625|48|asphalt|0|130|310
LJLJ|12|30|10827|148|ASP|1|126|306
LJMB|14L|32R|3937|197|GRS|0|146|326
LJMB|14|32|8202|148|ASP|1|146|326
LJMS|1|19|2953|180|grass|0|10|190
LJMS|9|27|3937|98|grass|0|90|270
LJNM|5|23|4590|164|grass|0|50|230
LJPO|2|20|2461|197|grass|0|20|200
LJPT|11|29|3619|328|grass|0|110|290
LJPZ|15|33|3939|98|ASP|1|151|331
LJSG|14|32|3950|70|ASP|0|142|322
LKBA|8|26|2428|361|G|0|80|260
LKBE|09L|27R|2460|131|GRASS|0|87|267
LKBE|09R|27L|2461|59|GRASS|0|90|270
LKBE|6|24|2362|196|GRASS|0|60|240
LKBO|7|25|2723|59|UNK|0|74|254
LKBR|14|32|3018|59|GRS|0|137|317
LKBU|10L|28R|2395|98|GRS|0|102|282
LKBU|10R|28L|2395|75|GRS|0|102|282
LKCB|5|23|3280|82|Grass|0|53|233
LKCB|6|24|3280|59|concrete|0|53|233
LKCE|13|31|2296|131||0|309|129
LKCH|14|32|2725|131|grass|0|139|319
LKCH|4|22|3935|131|grass|0|38|218
LKCM|16|34|2919|242|G|0|155|335
LKCR|6|24|3215|85||0|60|240
LKCS|9|27|8202|262|CON|0|90|270
LKCT|17|35|3313|164||0|165|345
LKCV|12|30|4295|131|GRASS|0|120|300
LKCV|13|31|7875|197|CON|1|137|317
LKDK|10|28|2821|328||0|98|278
LKER|11|29|2821|131|UNK|0|108|288
LKFR|8|26|2625|213|grass|0|84|264
LKHB|11|29|3280|164|G|0|111|291
LKHC|12|30|2427|75||0|125|305
LKHD|1|19|3215|328||0|8|188
LKHK|15L|33R|7874|197|CON|1|151|331
LKHK|15R|33L|2625|82|GRASS|0|151|331
LKHN|5|23|2412|492|G|0|54|234
LKHS|06L|24R|2623|79|Asphalt|0|58|238
LKHS|06R|24L|3279|164|grass|0|58|238
LKHV|6|24|3838|100|ASP|0|66|246
LKJA|14|32|3083|295||0|142|318
LKJC|12|30|3280|328|grass|0|123|303
LKJH|07L|25R|2296|656||0|69|249
LKJH|07R|25L|2296|177||0|69|249
LKJI|10|28|3018|525|Grass|0|102|282
LKKA|14|32|2296|328||0|134|314
LKKB|6|24|6562|148|ASP|1|62|242
LKKL|12|30|3215|459|Grass|1|124|304
LKKM|2|20|2526|98|UNK|0|19|199
LKKO|03L|21R|2953|360|UNK|1|26|206
LKKO|03R|21L|2789|114|UNK|0|26|206
LKKR|12|30|2460|410||0|117|297
LKKT|09L|27R|2690|246||0|87|267
LKKT|09R|27L|2690|82||0|87|267
LKKU|02C|20C|6562|98|CON|1|25|205
LKKU|02L|20R|4855|262|GRS|0|25|205
LKKU|02R|20L|5544|197|GRS|0|25|205
LKKV|11|29|7054|98|ASP|1|113|293
LKKV|12|30|2624|59|grass|0|110|290
LKKY|15|33|3300|400|GRS|0|146|326
LKLB|16|34|3346|164|GRASS|0|162|342
LKLN|6|24|4757|197|CON|0|56|236
LKLT|05L|23R|2820|75|grass|0|46|226
LKLT|05R|23L|2625|82|grass|0|51|231
LKMB|16|34|2953|328|GRASS|0|155|335
LKMB|4|22|2543|328|GRASS|0|45|225
LKMH|7|25|5094|98|CON|0|67|247
LKMH|8|26|3231|200|GRS|0|67|247
LKMI|5|23|3279|75|grass|0|52|232
LKMK|08L|26R|2342|75|ASP|0|78|258
LKMK|08R|26L|2362|196|GRS|0|78|258
LKMO|02L|20R|3705|98|grass|0|18|198
LKMO|02R|20L|3705|229|grass|0|18|198
LKMT|4|22|11484|207|CON|1|46|226
LKNA|12|30|7874|148|CON|1|129|309
LKNM|18|36|2953|98|grass|0|179|359
LKNM|8|26|3051|98|grass|0|78|258
LKOL|09L|27R|2493|98|GRASS|0|93|273
LKOL|09R|27L|2493|98|GRASS|0|93|273
LKOL|10|28|1378|131|ASPHALT|0|93|273
LKPA|15|33|4921|114|UNK|0|155|335
LKPC|9|27|8218|95|ASP|0|86|266
LKPD|9|27|8203|246|CON|1|93|273
LKPI|8|26|2509|98||0|77|257
LKPJ|12|30|3281|196|grass|0|122|302
LKPL|8|26|2296|65||0|83|263
LKPM|06L|24R|3280|59|GRS|0|56|236
LKPM|06R|24L|4527|98|ASP|0|56|236
LKPN|13|31|2100|302|Grass|0|128|308
LKPN|7|25|2395|328|Grass|0|69|249
LKPO|6|24|8123|197|CON|1|66|246
LKPR|12|30|10663|148|CON|1|127|307
LKPR|6|24|12189|148|CON|1|65|245
LKPS|3|21|2755|328||0|34|214
LKRA|11|29|2788|229|UNK|0|108|288
LKRA|22|4|2460|328||0|45|225
LKRK|09L|27R|2460|295||0|87|267
LKRK|09R|27L|3068|295|UNK|0|87|267
LKRO|13L|31R|2756|98|GRS|1|133|313
LKRO|13R|31L|4593|206|GRS|0|133|313
LKRY|9|27|2413|92|Turf/Grass|0|85|265
LKSA|7|25|2164|131||0|71|251
LKSB|13|31|2887|98|UNK|0|135|315
LKSK|13|31|2881|656|UNK|0|124|304
LKSK|3|21|1863|492||0|17|197
LKSN|07L|25R|2493|75|grass|0|72|252
LKSN|07R|25L|2493|131|grass|0|72|252
LKSO|18|36|2427|98||0|182|2
LKSO|8|26|1991|78||0|84|264
LKSR|15|33|2952|75|grass|0|152|332
LKST|13|31|2559|82||0|129|309
LKST|3|21|2952|328||0|30|210
LKSU|18|36|2230|59||0|180|360
LKSU|6|24|2296|295||0|55|235
LKSZ|15L|33R|2760|100|grass|1|145|325
LKSZ|15R|33L|4314|394|grass|0|145|325
LKTA|12|30|3609|426|UNK|0|116|296
LKTA|16|34|2789|328|UNK|0|160|340
LKTB|8|26|2624|98||0|94|274
LKTB|9|27|8694|197|CON|1|94|274
LKTC|9|27|2854|98|grass|0|87|267
LKTD|9|27|3609|75|UNK|0|92|272
LKTO|8|26|4232|328|UNK|0|75|255
LKUL|5|23|2559|98|Turf/Grass|0|51|231
LKUO|14|32|2910|328|UNK|0|143|323
LKVL|13|31|2788|131||0|132|312
LKVM|12L|30R|1968|59||0|120|300
LKVM|12R|30L|3937|131||0|120|300
LKVM|14|32|3280|262||0|135|315
LKVO|10|28|8203|148|ASP|1|105|285
LKVO|11|29|5905|164|Grass|0|101|281
LKVP|09L|27R|2493|98||0|85|265
LKVP|09R|27L|1804|98||0|85|265
LKVR|11|29|2755|410||0|112|292
LKVY|2|20|4199|196||0|17|197
LKZA|10R|28L|2952|295|G|0|97|277
LKZB|15|33|2559|492||0|154|334
LKZD|11|29|3675|131|UNK|0|109|289
LKZM|13|31|2378|328||0|134|314
LKZN|8|26|2822|59|UNK|0|80|260
LLBG|12|30|10209|148|ASP|1|121|301
LLBG|3|21|9094|197|ASP|1|29|209
LLBG|8|26|13327|148|ASP|1|80|260
LLBO|18|36|2625|59|ASPHALT|0|188|8
LLBS|14|32|3384|69|ASP|0|136|316
LLEK|15L|33R|7830|150|ASP|1|151|331
LLEK|15R|33L|7835|150|ASP|1|151|331
LLEK|18|36|7880|150|ASP|1|184|4
LLER|1|19|11811|0||1|10|190
LLES|9|27|3990|100|PEM|0|98|278
LLEY|1|19|3943|60|ASP|0|11|191
LLFK|4|22|4265|98|Asphalt|1|38|218
LLHA|15|33|4324|98|ASP|1|159|339
LLHB|10L|28R|7948|131|ASP|0|105|285
LLHB|10R|28L|9657|112|ASP|0|105|285
LLHB|15|33|5800|75|ASP|0|143|323
LLHS|11L|29R|8005|115|ASP|1|112|292
LLHS|11R|29L|8040|150|ASP|0|112|292
LLHS|5|23|7905|150|ASP|1|53|233
LLHZ|10|28|2963|59|Asphalt|0|104|284
LLIB|15|33|3655|100|ASP|1|150|330
LLKS|3|21|4423|98|PCN|0|33|213
LLMG|9|27|6982|78|ASP|0|85|265
LLMZ|1|19|3937|98|ASP|0|10|190
LLNV|08C|26C|10991|147|ASP|1|77|257
LLNV|08L|26R|8530|147|ASP|1|77|257
LLNV|08R|26L|8395|70|ASP|0|77|257
LLNV|15|33|2806|70|ASP|0|147|327
LLOV|02L|20R|8530|148|ASP|1|22|202
LLOV|02R|20L|9843|148|ASP|1|22|202
LLRD|11|29|7975|115|ASP|1|108|288
LLRD|15|33|7895|150|ASP|1|145|325
LLRD|9|27|8550|145|ASP|1|86|266
LLRM|07L|25R|8858|148|ASP|1|67|247
LLRM|07R|25L|9876|148|ASP|1|66|246
LLTN|11|29|2224|32|ASPHALT|0|114|294
LMML|13|31|11627|197|ASP|1|135|315
LMML|5|23|7799|148|ASP|1|56|236
LOAA|3|21|1693|82|GRASS|0|30|210
LOAB|12G|30G|1935|98|GRASS|0|120|300
LOAB|12|30|2837|59|concrete|0|120|300
LOAD|7|25|1644|82|GRASS|0|70|250
LOAG|10|28|2965|59|ASPHALT|0|100|280
LOAN|9|27|3500|75|ASP|1|97|277
LOAR|4|22|1641|82|G|0|40|220
LOAS|15|33|2297|82|GRASS|0|150|330
LOAU|7|25|2625|59|ASPHALT|0|70|250
LOAV|13R|31L|3116|75|ASPHALT|1|130|310
LOAV|31R|13L|2133|82|grass|0|306|126
LOGF|13G|31G|820|98|GRASS|0|130|310
LOGF|13|31|2297|59|ASPHALT|0|130|310
LOGG|15|33|2690|59|ASPHALT|0|150|330
LOGI|11|29|2575|59|ASP|0|110|290
LOGK|7|25|1969|98|GRASS|0|70|250
LOGL|7|25|2297|98|GRASS|0|70|250
LOGM|15|33|1640|59|ASPHALT|0|150|330
LOGO|4|22|2395|98|ASPHALT|0|40|220
LOGP|15|33|2067|98|GRASS|0|150|330
LOGT|11|29|2050|98|GRASS|0|110|290
LOGW|18|36|1444|98|GRASS|0|180|360
LOIH|5|23|2067|59|ASPHALT|0|50|230
LOIJ|13|31|2461|59|ASPHALT|0|130|310
LOIK|6|24|2625|98|GRASS|0|60|240
LOIR|4|22|2228|60|ASPHALT|0|40|220
LOKF|2|20|2296|98|GRASS|0|20|200
LOKG|4|22|2028|82|GRASS|0|40|220
LOKH|17|35|2320|98|GRASS|0|172|352
LOKL|12|30|2034|59|ASPHALT|0|120|300
LOKM|8|26|1312|82|GRASS|0|80|260
LOKN|9|27|2329|82|GRASS|0|90|270
LOKR|6|24|1312|82|GRASS|0|60|240
LOKW|1|19|2427|98|GRASS|0|10|190
LOLC|5|23|1942|98|GRASS|0|50|230
LOLE|15|33|1394|98|GRASS|0|150|330
LOLF|11|29|1312|82|GRASS|0|110|290
LOLG|3|21|1575|82|ASPH|0|30|210
LOLH|8|26|1476|82|ASP|0|80|260
LOLK|12|30|2437|59|ASPHALT|0|120|300
LOLM|14|32|1526|98|GRASS|0|140|320
LOLO|15|33|3084|98|GRASS|0|150|330
LOLS|14|32|2625|75|ASPHALT|0|140|320
LOLT|10|28|2723|82|GRASS|0|100|280
LOLU|8|26|1804|59|ASPHALT|0|80|260
LOLW|09L|27R|3051|164|GRS|0|89|269
LOLW|09R|27L|2952|148|GRS|0|89|269
LOLW|9|27|4560|98|ASP|1|89|269
LOSM|7|25|2690|82|GRASS|0|70|250
LOWG|16C|34C|9842|148|ASP|1|164|344
LOWG|16L|34R|2100|98|GRS|0|169|349
LOWG|16R|34L|2493|82|GRS|0|169|349
LOWI|8|26|6562|148|ASP|1|81|261
LOWK|10L|28R|8924|148|CON|1|106|286
LOWK|10R|28L|2427|90|GRS|0|106|286
LOWL|07H|25H|0|0|GRS|0|70|250
LOWL|08E|26E|2165|148|GRS|0|87|267
LOWL|8|26|9843|197|ASP|1|87|267
LOWS|15|33|9022|148|CON|1|157|337
LOWW|11|29|11483|148|ASP|1|116|296
LOWW|16|34|11811|148|ASP|1|164|344
LOWZ|07R|25L|984|164|GRASS|0|70|250
LOWZ|7|25|2559|59|ASPHALT|0|70|250
LOXA|6|24|3034|131|GRASS|0|60|240
LOXN|14L|32R|3082|99|Grass|0|180|0
LOXN|14R|32L|3082|99|Grass|0|140|320
LOXN|18L|36R|5314|147|GRASS|0|180|360
LOXN|18R|36L|2852|99|Grass|0|180|0
LOXN|4|22|4918|147|Grass|0|40|220
LOXN|9|27|2754|99|Grass|0|90|270
LOXT|8|26|4593|196|ASPHALT|0|80|260
LOXZ|08L|26R|4625|131|GRS|0|81|261
LOXZ|08R|26L|9022|197|ASP|1|81|261
LPAR|4|22|9810|148|ASP|1|33|213
LPAV|17|35|4593|164|ASP|0|165|345
LPAZ|18|36|10000|197|CON|1|171|351
LPBG|2|20|5600|98|ASP|1|14|194
LPBJ|01L|19R|11319|197|CON|1|6|186
LPBJ|01R|19L|9682|98|CON|0|6|186
LPBR|7|25|3081|75|ASP|1|62|242
LPCB|16|34|4790|98|Asphalt|0|160|340
LPCH|16|34|2812|75|ASP|0|160|340
LPCO|16|34|3018|98|CON|1|157|337
LPCR|11|29|2625|0|ASP|0|110|290
LPCS|17|35|4593|98|ASP|1|164|344
LPEV|1|19|4265|75|ASP|0|4|184
LPFL|18|36|4593|98|ASP|1|166|346
LPFR|10|28|8169|148|ASP|1|100|280
LPGR|9|27|4529|98|CON|1|77|257
LPHR|10|28|5233|148|ASP|1|90|270
LPIN|17|35|1400|100|asph|0|174|354
LPJF|2|20|1640|36|asfalt|0|14|194
LPLA|15|33|10870|197|ASP|1|141|321
LPMA|5|23|9110|148|ASP|1|45|225
LPMI|17|35|2460|98|ASP|0|170|350
LPMR|36|18|9816|148|CON|1|2|182
LPMT|1|19|7044|148|ASP|1|6|186
LPMT|7|25|8005|148|CON|1|72|252
LPMU|3|21|2625|72|asphalt|0|26|206
LPOV|18|36|8005|148|CON|1|176|356
LPPD|12|30|8192|148|ASP|1|112|292
LPPI|9|27|5725|148|ASP|1|83|263
LPPM|11|29|2822|89|ASP|0|107|287
LPPR|17|35|11417|148|ASP|1|173|353
LPPS|18|36|9861|148|CON|1|178|358
LPPS|1|19|0|0|UNK|0|10|190
LPPT|2|20|12162|148|ASP|1|22|202
LPSJ|13|31|4633|148|ASP|1|117|297
LPSO|3|21|5906|98|asphalt|1|30|210
LPST|14|32|5906|131|ASP|1|135|315
LPTN|12|30|3937|74|ASP|0|117|297
LPTN|8|26|7530|148|ASP|1|77|257
LPVL|16|34|5606|98|ASP|0|155|335
LPVR|2|20|3107|98|ASP|1|18|198
LPVZ|36|19|4035|98|ASP|1|359|179
LQBI|12|30|3600|250|GRASS|0|121|301
LQBK|16|34|8202|148|ASP|1|170|350
LQJL|5|23|3940|295|Grass|0|50|230
LQMO|15|33|7874|158|ASP|1|158|338
LQSA|11|29|8666|150|ASP|1|117|297
LQTZ|9|27|8152|148|ASP|1|96|276
LQVI|9|27|2362|98|Grass|0|90|270
LRAR|9|27|6562|148|CON|1|95|275
LRBC|16|34|8203|262|CON|1|165|345
LRBM|9|27|7054|148|ASP|1|99|279
LRBS|7|25|10499|148|CON|1|74|254
LRBV|3|21|9252|148|CONC|0|30|210
LRCD|15|33|1970|60|Grass|0|146|326
LRCK|18|36|11483|148|CON|1|186|6
LRCL|7|25|6693|148|CON|1|79|259
LRCL|8|26|0|0|UNK|0|80|260
LRCN|6|24|3281|197|CON|0|60|240
LRCS|11|29|6562|148|CON|0|109|289
LRCT|15|33|8202|164|CON|1|156|336
LRCV|8|26|8203|148|CON|1|89|269
LRIA|14|32|7874|148|CON|1|154|334
LROD|1|19|6890|148|CON|1|11|191
LROP|08L|26R|11484|148|ASP|1|84|264
LROP|08R|26L|11484|148|ASP|1|84|264
LRSB|9|27|8629|148|CON|1|91|271
LRSM|1|19|8160|148|CON|1|13|193
LRSV|16|34|8070|148|CON|1|163|343
LRTC|16|34|6517|98|CON|1|167|347
LRTM|7|25|6562|98|CON|1|74|254
LRTR|11|29|11483|148|CON|1|110|290
LRTZ|4|22|3117|0|UNK|0|40|220
LSGB|15|33|2297|98|GRASS|0|150|330
LSGC|5|23|3707|89|ASP|1|54|234
LSGE|9|27|2625|75|ASPH|1|95|275
LSGG|4|22|12795|164|CONC|1|46|226
LSGK|8|26|4593|131|ASP|0|81|261
LSGL|18|36|2871|75|CONC|0|180|360
LSGN|5|23|2295|66|CONCRETE|0|50|230
LSGP|4|22|1837|98|GRASS|0|40|220
LSGR|3|21|2641|59|Asphalt|0|38|218
LSGS|07L|25R|1837|98|GRS|0|73|253
LSGS|7|25|6562|131|ASPH|1|73|253
LSGT|17|35|2661|98|GRASS|0|170|350
LSGY|05R|23L|2379|66|GRASS|0|50|230
LSGY|4|22|2861|59|ASPH|1|40|220
LSMA|1|19|6135|131|ASP|1|11|191
LSMD|11R|29L|2130|98|GRS|1|108|288
LSMD|11|29|7726|130|ASP|1|108|288
LSME|4|22|8208|130|ASP|1|38|218
LSMM|10|28|6571|130|ASP|1|95|275
LSMP|5|23|9376|130|ASP|1|48|228
LSPA|9|27|2559|98|GRASS|0|90|270
LSPD|11|29|2034|98|GRASS|0|110|290
LSPF|7|25|1772|98|GRASS|0|70|250
LSPG|3|21|2953|131|ASPH|0|30|210
LSPH|1|19|2280|98|GRASS|0|10|190
LSPL|05R|23L|1099|66|GRASS|0|50|230
LSPL|5|23|1919|59|CON|0|50|230
LSPM|11|29|6529|131|concrete|0|110|290
LSPN|15|33|1870|49|ASPH|0|150|330
LSPV|8|26|1640|59|ASPH|0|74|254
LSTA|10|28|1817|131|ASPH|0|91|280
LSTB|8|26|1608|164|GRASS|0|80|260
LSTO|5|23|1857|98|GRASS|0|50|230
LSTR|3|21|2001|131|GRASS|0|30|210
LSTS|14|32|6726|131|ASP|0|135|315
LSTZ|17|35|1594|130|asphalt|0|172|352
LSXG|H1||82|82|Concrete|0|-1|-1
LSZA|1|19|4642|98|ASP|1|19|199
LSZB|14L|32R|2133|98|GRS|0|140|320
LSZB|14R|32L|2125|98|GRS|0|140|320
LSZB|14|32|5676|98|ASP|1|140|320
LSZC|6|24|6561|130|ASP|1|62|242
LSZE|12|30|1624|36|ASPH|0|120|300
LSZF|08L|26R|2356|65|asphalt|0|80|260
LSZF|08R|26L|2264|66|GRASS|0|80|260
LSZG|06L|24R|1640|98|GRS|0|66|246
LSZG|06R|24L|2297|66|GRS|1|70|250
LSZG|6|24|3281|75|ASP|1|64|244
LSZH|10|28|8202|197|CON|1|96|276
LSZH|14|32|10827|197|CON|1|137|317
LSZH|16|34|12139|197|CON|1|155|335
LSZI|7|25|1739|98|GRASS|0|70|250
LSZJ|6|24|1837|98|GRASS|0|60|240
LSZK|12|30|2051|59|GRASS|0|120|300
LSZL|08C|26C|2297|98|GRASS|0|78|258
LSZL|08L|26R|2625|75|ASPH|0|78|258
LSZL|08R|26L|2297|98|GRASS|0|78|258
LSZM|1|19|5905|130|ASP|0|13|193
LSZN|09G|27G|2297|98|GRASS|0|91|271
LSZN|9|27|2297|59|ASPH|0|91|271
LSZO|15L|33R|1673|98|GRASS|0|150|330
LSZO|15R|33L|1591|98|GRASS|0|150|330
LSZP|4|22|2264|82|GRASS|0|40|220
LSZQ|7|25|2625|59|ASP|1|70|250
LSZR|10G|28G|2657|65|GRASS|0|99|279
LSZR|10|28|4774|98|ASPH|1|99|279
LSZS|3|21|5905|130|ASP|1|29|209
LSZT|6|24|2018|66|GRASS|0|63|243
LSZU|16|34|2215|98|GRASS|0|160|340
LSZV|7|25|1575|66|GRASS|0|70|250
LSZW|14|32|2625|98|GRASS|0|140|320
LSZX|16|34|1706|49|CONC|0|160|340
LTAB|6|24|6608|98|ASP|1|60|240
LTAC|03L|21R|12303|148|ASP|1|36|216
LTAC|03R|21L|12303|197|ASP|1|35|215
LTAD|11L|29R|9045|138|ASP|1|113|293
LTAE|3|21|10991|148|ASP|1|33|213
LTAF|5|23|9022|148|ASP|1|54|234
LTAG|5|23|10000|148|CON|1|53|233
LTAH|13L|31R|12008|148|CON|1|133|313
LTAH|13R|31L|9843|148|CON|1|134|314
LTAI|18C|36C|11155|148|CON|1|186|6
LTAI|18L|36R|11155|148|CON|1|186|6
LTAI|18R|36L|9811|148|ASPH|1|186|6
LTAJ|10L|28R|9843|157|CON|1|105|285
LTAJ|10R|28L|9842|100|CON|1|105|285
LTAL|18|36|7382|148|Asphalt|0|182|2
LTAN|01L|19R|10984|148|ASP|1|17|197
LTAN|01R|19L|10984|148|CON|1|17|197
LTAO|4|22|7874|148|ASP|1|47|227
LTAP|5|23|9600|148|ASP|1|55|235
LTAR|1|19|12503|148|CON|1|18|198
LTAS|18|36|6991|148|CONC|0|180|360
LTAT|3|21|10990|148|ASP|1|31|211
LTAU|7|25|9841|145|CON|1|76|256
LTAV|11|29|11156|98|ASP|1|113|293
LTAW|4|22|5298|98|ASP|0|49|229
LTAW|6|24|8858|148|CONC|0|60|240
LTAY|5|23|9842|148|ASP|1|59|239
LTAZ|11|29|9842|148|CON|1|117|297
LTBA|5|23|8530|197|ASP|1|59|239
LTBD|9|27|4708|98|Concrete|0|86|266
LTBF|18|36|9810|144|ASP|1|182|2
LTBG|18|36|9875|151|ASP|1|181|1
LTBH|4|22|7710|148|CON|1|41|221
LTBI|8|26|10006|150|ASP|1|90|270
LTBJ|16L|34R|10630|147|ASP|1|167|347
LTBJ|16R|34L|10630|147|CON|1|167|347
LTBK|17|35|4453|131|ASP|1|168|348
LTBL|17|35|9821|147|ASP|1|176|356
LTBM|14|32|3283|95|ASP|0|148|328
LTBN|16|34|4950|132|ASP|1|159|339
LTBO|9|27|8390|148|CON|1|91|271
LTBP|18|36|4425|130|ASP|0|183|3
LTBP|8|26|4603|130|ASP|0|85|265
LTBQ|9|27|9842|98|ASP|1|96|276
LTBR|07L|25R|9818|148|CON|1|74|254
LTBR|07R|25L|9818|98|CON|1|75|255
LTBS|1|19|9842|148|CON|1|15|195
LTBT|14L|32R|9815|148|CON|1|139|319
LTBT|14R|32L|9815|98|CON|0|139|319
LTBU|4|22|9844|148|CON|1|49|229
LTBV|6|24|5151|98|ASP|0|66|246
LTBW|5|23|1755|59|Asphalt|0|50|230
LTBX|18|36|4528|98|CON|0|180|0
LTBX|4|22|2506|50|CON|0|45|225
LTBY|9|27|8261|98|ASP|1|93|273
LTBZ|13|31|9843|148|CON|0|130|310
LTCA|7|25|9843|148|CONC|1|71|251
LTCB|10|28|9848|148|ASPH|0|102|282
LTCC|16|34|11644|148|CON|1|163|343
LTCD|11|29|9842|148|CON|1|111|291
LTCE|08L|26R|12499|148|CON|1|88|268
LTCE|08R|26L|12500|98|CON|1|88|268
LTCF|6|24|11483|148|CON|1|64|244
LTCG|11|29|8661|148|ASP|1|112|292
LTCI|3|21|9022|148|ASP|1|38|218
LTCJ|2|20|10000|150|ASP|1|26|206
LTCK|11|29|11649|148|ASP|1|116|296
LTCL|6|24|5905|98|CON|0|68|248
LTCM|5|23|6482|148|ASPHALT|0|54|234
LTCN|8|26|7546|98|ASP|1|76|256
LTCO|16|34|9843|148|ASP|1|165|345
LTCP|4|22|8153|148|CON|1|49|229
LTCR|3|21|8204|148|CON|1|37|217
LTCS|4|22|13123|148|asphalt|0|36|216
LTCT|12|30|9843|148|Concrete|1|120|300
LTCU|11|29|7546|148|CON|0|110|290
LTCV|11|29|9843|148|CONC|0|110|290
LTCW|11|29|10499|148|CON|0|110|290
LTDA|4|22|6830|148|Concrete|1|42|222
LTDB|03L|21R|11482|197|CONC|0|30|210
LTDB|03R|21L|11482|197|CONC|0|30|210
LTFA|17|35|9844|141|ASP|1|173|353
LTFB|9|27|5151|98|CON|0|89|269
LTFC|5|23|9843|148|CON|1|50|230
LTFD|5|23|9842|147|CONCRETE|1|54|234
LTFE|10L|28R|9843|148|CON|1|104|284
LTFE|10R|28L|9646|148|CON|1|100|280
LTFG|8|26|7710|148|CONC|0|77|257
LTFH|13|31|9843|148|CON|1|134|314
LTFJ|06L|24R|9843|148|CON|1|64|244
LTFJ|06R|24L|11614|197|CON|0|60|240
LTFK|2|20|3915|100|CON|0|28|208
LTFM|16L|34R|12303|147|ASP|1|174|354
LTFM|16R|34L|12303|196|ASP|1|174|354
LTFM|17L|35R|13451|196|ASP|1|174|354
LTFM|17R|35L|13451|147|ASP|1|174|354
LTFM|18|36|10039|148|CON|1|179|354
LTFO|6|24|9843|148|ASPH|1|60|240
LUBL|15|33|7245|140|CON|1|153|333
LUBM|7|25|8235|129|CON|0|71|251
LUKK|8|26|11778|148|CON|1|88|268
LUKK|9|27|7818|148|CON|1|90|270
LWOH|1|19|8366|148|ASP|1|18|198
LWSK|16|34|9678|148|ASP|1|165|345
LXGB|9|27|6000|150|ASP|1|88|268
LYBE|12L|30R|11155|148|ASP|1|122|302
LYBE|12R|30L|11483|148|ASPH|1|120|300
LYBJ|14|32|3281|164|grass|0|140|320
LYBT|12L|30R|8181|148|ASP|0|125|305
LYBT|12|30|3232|191|GRS|0|125|305
LYKI|14|32|2953|166|grass|0|140|320
LYKS|15|33|4000|99||0|150|330
LYKV|13|31|7431|98|asphalt|0|133|313
LYNI|11|29|8202|148|ASP|1|113|293
LYNK|15|33|3937|0|GRS|0|150|330
LYPG|18|36|8202|148|ASP|1|184|4
LYPO|18L|36R|2790|148|GRS|0|180|360
LYPO|18R|36L|2624|88|ASP|0|180|360
LYSM|9|27|3625|190|grass|0|92|272
LYSU|14|32|3934|328|grass|0|140|320
LYTV|14|32|8208|148|ASP|1|139|319
LYUZ|11|29|10130|148|ASP|0|107|287
LYVA|8|26|4100|150|Grass|0|80|260
LYVR|01L|19R|2738|230|GRS|0|12|192
LYVR|01R|19L|3280|72|ASP|1|12|192
LYVR|16|34|1520|110|GRS|0|161|341
LZDB|05L|23R|3609|0|UNK|0|50|230
LZDB|05R|23L|3609|0|UNK|0|50|230
LZIB|13|31|10466|148|CON|1|134|314
LZIB|4|22|9515|197|CON|1|44|224
LZJS|8|26|1785|49|ASP|0|80|260
LZKC|7|25|2854|98||0|70|250
LZKZ|1|19|10171|148|ASP|1|13|193
LZMA|18L|36R|2625|0|UNK|0|180|360
LZMA|18R|36L|2625|0|UNK|0|180|360
LZMC|2|20|8158|185|CON|1|18|198
LZNI|15L|33R|3543|0|UNK|0|150|330
LZNI|15R|33L|3543|0|UNK|0|150|330
LZNZ|16|34|3284|226|G|0|160|340
LZOC|08R|26L|2543|99|graas|0|80|260
LZPE|04L|22R|3117|0|UNK|0|40|220
LZPE|04R|22L|3117|0|UNK|0|40|220
LZPP|1|19|6562|98|ASP|1|14|194
LZPT|07L|25R|3609|164|graas|0|70|250
LZPT|07R|25L|3609|164|GRAAS|0|70|250
LZRU|6|24|3083|131|G|0|60|240
LZSK|1|19|3937|0|UNK|0|10|190
LZSL|18|36|7874|187|CON|1|182|2
LZSV|12L|30R|4469|0|grass|0|120|300
LZSV|12R|30L|4469|0|grass|0|120|300
LZTN|3|21|3230|215|GRS|0|33|213
LZTN|4|22|6562|98|CON|0|43|223
LZTT|9|27|8530|148|CON|1|94|274
LZZI|6|24|3773|98|CON|1|65|245
MBGT|11|29|6362|151|ASP|1|104|284
MBNC|8|26|4245|75|ASP|1|70|250
MBPI|11|29|2533|0|UNK|0|110|290
MBPV|10|28|9199|148|ASP|1|93|273
MBSC|11|29|6335|98|ASP|1|98|278
MDAB|11|29|3830|82|ASP|0|100|280
MDAN|12|30|2953|0|UNK|0|120|300
MDBC|9|27|3281|0|UNK|0|90|270
MDBH|12|30|9843|148|ASP|1|118|298
MDCR|11|29|4950|98|ASP|0|109|289
MDCY|7|25|9843|148|asphalt|1|74|254
MDCZ|8|26|6234|75|UNK|0|80|260
MDDJ|7|25|5249|0|UNK|0|70|250
MDJB|1|19|5412|100|ASP|1|6|186
MDLR|11|29|9678|148|CON|1|109|289
MDMC|5|23|2625|0|UNK|0|50|230
MDPC|8|26|10171|148|ASP|1|74|254
MDPC|9|27|10171|148|ASP|1|83|263
MDPP|8|26|10108|151|ASP|1|73|253
MDSD|17|35|11000|200|ASP|1|161|341
MDSI|3|21|7000|200|ASP|1|26|206
MDST|11|29|8595|148|ASP|1|103|283
MGBN|9|27|3236|33|CON|0|103|283
MGCB|3|21|3340|50|ASP|0|31|211
MGGT|2|20|9800|196|ASP|1|17|197
MGPB|12|30|8880|110|CON|0|128|308
MGPP|9|27|8000|0|Dirt/Gravel|0|90|270
MGQC|17|35|4090|0|ASP|0|170|350
MGQZ|5|23|6900|0|Asphalt|0|50|230
MGRB|8|26|4690|70|ASP|0|88|268
MGRT|4|22|5065|100|ASP|0|50|230
MGSJ|15|33|6595|150|ASP|0|157|337
MHAC|N75E|N75E|2624|72|GRVL|0|-1|-1
MHGE|7|25|5052|85|ASP|0|70|250
MHLC|7|25|9875|147|ASP|1|67|247
MHLG|N65E|N65E|2296|72|GRVL-GRASS|0|-1|-1
MHLM|4|22|9203|148|CON|1|40|220
MHMN|N75E|N75E|3280|23|GRASS|0|-1|-1
MHNC|N45E|N45E|4100|98|GRVL|0|-1|-1
MHNJ|12|30|3990|66|ASP|0|115|295
MHRO|7|25|7349|148|ASP|1|66|246
MHTE|6|24|4415|98|ASP|0|58|238
MHTG|2|20|6112|148|ASP|1|19|199
MHTJ|6|24|3515|95|ASP|0|61|241
MKBS|9|27|4769|75|ASP|1|86|266
MKJP|12|30|8900|150|ASP|1|112|292
MKJS|7|25|8735|150|ASP|1|66|246
MKKJ|9|27|3412|76|ASP|0|87|267
MKNG|5|23|2300|75|Asphalt|0|50|230
MKTP|14|32|4300|110|ASP|1|131|311
MMAA|10|28|10832|148|CON|1|108|288
MMAA|6|24|5579|115|CON|1|67|247
MMAN|11|29|5049|148|ASP|1|122|302
MMAN|2|20|6598|148|ASP|1|32|212
MMAS|18|36|9843|148|ASP|1|183|3
MMBT|7|25|8858|148|ASP|1|79|259
MMCB|3|21|9180|148|ASP|1|31|211
MMCE|13|31|7218|148|ASP|1|140|320
MMCL|3|21|7365|148|ASP|1|33|213
MMCM|10|28|7244|151|ASP|1|108|288
MMCN|13|31|7546|148|ASP|1|137|317
MMCO|9|27|5774|0|UNK|0|90|270
MMCP|16|34|8202|148|ASP|1|166|346
MMCS|14|32|5741|98|ASP|0|156|336
MMCS|3|21|8858|148|ASP|1|38|218
MMCT|10|28|9186|148|CON|1|100|280
MMCU|18L|36R|8530|148|ASP|1|191|11
MMCU|18R|36L|7885|75|ASP|0|191|11
MMCU|5|23|3609|98|ASP|0|56|236
MMCV|15|33|7218|148|ASP|1|156|336
MMCY|8|26|6284|98|ASP|0|95|275
MMCZ|12|30|8858|148|ASP|1|116|296
MMDO|3|21|9514|148|ASP|1|38|218
MMEP|2|20|10171|148|ASP|1|26|206
MMES|11|29|4892|115|ASP|1|123|303
MMGL|11L|29R|11608|148|ASP|1|110|290
MMGL|11R|29L|13123|197|ASPH|1|113|293
MMGM|2|20|7710|148|ASP|1|29|209
MMHC|13|31|6530|115|ASP|1|143|323
MMHO|5|23|7546|148|ASP|1|59|239
MMIA|7|25|7546|148|ASP|1|74|254
MMIO|17|35|9506|148|ASP|1|180|0
MMIT|17|35|7640|148|ASP|1|180|0
MMJA|8|26|5577|82|ASP|1|86|266
MMJC|4|22|4265|131|ASP|0|47|227
MMLC|1|19|4900|98|ASP|0|23|203
MMLM|9|27|6562|148|ASP|1|100|280
MMLO|13|31|11483|148|ASP|1|134|314
MMLP|18|36|8202|148|CON|1|188|8
MMLT|16|34|7218|148|ASP|1|173|353
MMMA|15|33|7546|151|ASP|1|156|336
MMMD|10|28|10499|151|ASP|1|105|285
MMMD|18|36|7546|151|ASP|1|181|1
MMML|10|28|8530|148|CON|1|118|298
MMMM|5|23|11155|148|ASP|1|55|235
MMMT|1|19|6890|148|ASP|1|18|198
MMMV|06L|24R|4783|66|ASP|0|73|253
MMMV|06R|24L|6890|148|ASP|1|73|253
MMMX|05L|23R|12966|148|ASP|1|59|239
MMMX|05R|23L|12795|148|ASP|1|59|239
MMMY|12|30|9843|148|ASP|1|121|301
MMMY|16|34|5909|98|ASP|0|165|345
MMMZ|9|27|8868|197|ASP|1|93|273
MMNG|16|34|5905|98|ASP|1|174|354
MMNL|14|32|6562|148|ASP|1|151|331
MMOX|1|19|8038|148|ASP|1|16|196
MMPA|8|26|5906|148|ASP|1|89|269
MMPB|17|35|11811|148|ASP|1|178|358
MMPC|3|21|6825|85|ASP|0|34|214
MMPE|18|36|8202|148|concrete|0|180|360
MMPG|12|30|6655|98|ASP|1|127|307
MMPN|2|20|7874|148|ASP|1|31|211
MMPQ|10|28|8202|148|ASP|1|101|281
MMPR|4|22|10171|148|ASP|1|47|227
MMPS|9|27|7546|148|ASP|1|93|273
MMQT|9|27|11483|148|CON|1|101|281
MMRX|13|31|6243|148|ASP|1|141|321
MMSD|16|34|9843|148|ASP|1|174|354
MMSF|13|31|4921|98|ASP|1|140|320
MMSL|11|29|6998|148|ASP|0|119|299
MMSM|04C|22C|14764|148|CON|1|45|225
MMSM|04L|22R|14764|148|CON|1|45|225
MMSM|04R|22L|11483|148|CON|1|45|225
MMSP|14|32|9867|148|ASP|1|149|329
MMSP|4|22|3259|98|ASP|0|47|227
MMTB|17|35|7065|135|ASP|1|179|359
MMTC|13|31|9039|148|ASP|1|136|316
MMTC|8|26|4813|98|ASP|0|91|271
MMTG|15|33|8202|148|ASP|0|148|328
MMTG|16|34|0|0|UNK|0|160|340
MMTG|9|27|0|0|UNK|0|90|270
MMTJ|9|27|9711|144|CON|1|99|279
MMTL|12|30|12139|148|CON|1|120|300
MMTM|14|32|8366|148|ASP|1|145|325
MMTM|18|36|4265|98|ASP|0|190|10
MMTM|9|27|3937|98|ASP|0|100|280
MMTN|16|34|4735|75|ASP|0|176|356
MMTO|15|33|13780|148|ASP|1|157|337
MMTP|5|23|6562|148|ASP|1|55|235
MMUN|12L|30R|9186|148|ASP|1|124|304
MMUN|12R|30L|11483|197|ASP|1|124|304
MMVA|8|26|7218|148|ASP|1|87|267
MMVR|19|1|7874|148|ASP|1|191|11
MMZC|2|20|9843|148|ASP|1|28|208
MMZH|8|26|8202|197|ASP|1|92|272
MMZM|18|36|4921|75|ASP|0|188|8
MMZO|10|28|7218|148|ASP|1|106|286
MMZP|08L|26R|3935|95|ASP|1|94|274
MMZP|08R|26L|8860|136|ASP|1|93|273
MNBL|5|23|6625|98|ASP|0|57|237
MNBR|9|27|3061|75|ASP|0|99|279
MNBZ|18|36|4583|0|dirt|0|180|360
MNCE|3|21|5003|98|Asphalt|1|34|214
MNCI|3|21|6234|0|ASPHALT|0|29|209
MNLN|9|27|3048|82|ASP|0|89|269
MNMG|10|28|8012|148|ASP|1|97|277
MNMR|5|23|6680|150|ASP|0|51|231
MNPC|9|27|8130|167|ASP|0|92|272
MPBO|8|26|4921|85|ASP|0|87|267
MPCE|1|19|4921|66|ASP|1|12|192
MPCH|3|21|3609|82|ASP|1|32|212
MPDA|4|22|8530|148|ASP|1|38|218
MPEJ|18|36|8858|148|CON|1|182|2
MPHO|18|36|8500|148|ASP|0|180|0
MPMG|1|19|5906|98|ASP|1|6|186
MPNU|16|34|3474|36|ASP|0|161|341
MPOA|17|35|2264|33|ASP|0|170|350
MPPD|17|35|3281|49|ASP|0|170|350
MPSA|17|35|3937|82|ASP|0|175|355
MPSM|17|35|8038|148|ASP|1|165|345
MPTO|03L|21R|8800|200|ASP|1|31|211
MPTO|03R|21L|10006|148|CON|1|30|210
MPVR|5|23|1969|33|ASP|0|50|230
MRAN|6|24|2625|0|ASP|0|60|240
MRAO|2|20|3118|39|ASP|0|20|200
MRBA|1|19|3248|33|CON|0|10|190
MRBC|16|34|3281|39|ASP|0|164|344
MRCC|18|36|3281|66|ASP|1|180|0
MRCH|9|27|4921|50|ASP|0|96|276
MRCV|4|22|3281|33|ASP|0|40|220
MRDC|9|27|3163|39|ASP|0|92|272
MRDK|9|27|2461|0|ASP|0|90|270
MREC|8|26|3350|33|ASP|0|80|260
MRGF|13|31|4593|66|ASP|0|135|315
MRGP|3|21|3609|30|CON|0|36|216
MRIA|3|21|2625|0|UNK|0|30|210
MRLB|7|25|9022|148|ASP|1|70|250
MRLC|6|24|4265|49|ASP|0|60|240
MRLM|14|32|5906|98|ASP|1|146|326
MRNS|4|24|3281|59|ASP|0|36|216
MROC|7|25|9882|151|ASP|1|69|249
MRPD|8|26|3280|65|ASP|0|83|263
MRPJ|16|34|2707|0|UNK|0|160|340
MRPM|3|21|4593|60|ASP|0|33|213
MRPV|10|28|5138|75|ASP|0|95|275
MRQP|4|22|3609|36|ASP|0|41|221
MRSG|1|19|3215|36|ASP|0|6|186
MRSV|8|26|3215|36|ASP|0|81|261
MRTM|7|25|2625|0|UNK|0|70|250
MRTR|12|30|2723|0|ASP|0|120|300
MRUP|5|23|3536|59|ASP|0|44|224
MSET|15|33|4400|75|ASP|0|156|336
MSLP|7|25|10500|148|ASP|1|70|250
MSSS|15|33|7349|148|ASP|1|154|334
MTCA|8|26|3220|80|ASP|0|75|255
MTCH|5|23|8701|148|ASP|0|39|219
MTJA|1|19|3300|95|ASP|0|5|185
MTJE|10|28|0|0||0|100|280
MTPP|10|28|9974|141|ASP|1|87|267
MUBA|16|34|6070|98|CON|0|155|335
MUBR|9|27|5905|148|ASP|0|88|268
MUBY|7|25|6887|148|ASP|0|68|248
MUCA|7|25|11588|148|ASP|1|64|244
MUCC|8|26|9842|148|ASP|1|71|251
MUCF|2|20|7874|148|ASP|1|16|196
MUCL|12|30|9869|148|ASP|1|116|296
MUCM|7|25|9842|148|ASP|1|68|248
MUCU|10|28|13130|148|ASP|1|91|269
MUCU|19|1|4593|148|ASP|0|179|359
MUFL|8|26|3247|90|ASP|0|77|257
MUGM|10|28|8000|200|ASP|1|90|270
MUGT|17|35|8025|148|ASP|1|166|346
MUHA|6|24|13123|148|ASP|1|54|234
MUHG|5|23|10624|148|ASP|1|46|226
MUKW|6|24|4850|148|ASP|0|61|241
MULB|8|26|6775|165|ASP|0|83|263
MULM|7|25|6562|148|ASP|0|71|251
MUMG|10|28|9334|148|ASP|0|93|273
MUMO|7|25|6102|98|ASP|0|63|243
MUMZ|8|26|7875|148|ASP|1|74|254
MUNB|6|24|3300|100|ASP|0|56|236
MUNG|17|35|5325|98|ASP|0|172|352
MUNG|5|23|8202|148|ASP|1|48|228
MUPB|2|20|7563|148|ASP|1|22|202
MUSA|12|30|8144|150|CON|0|115|295
MUSA|1|19|7873|150|CON|0|4|184
MUSA|5|23|11799|185|CON|0|54|234
MUSC|8|26|9898|148|ASP|1|76|256
MUSL|7|25|5905|98|ASP|0|72|252
MUSN|5|23|5905|98|ASP|0|50|230
MUSS|3|21|5905|95|ASP|0|26|206
MUTD|6|24|5909|98|ASP|1|52|232
MUVR|6|24|11490|148|ASP|1|56|236
MUVT|5|23|5971|148|ASP|0|45|225
MWCB|9|27|6000|148|ASP|1|84|264
MWCL|10|28|3275|0|GRS|0|100|280
MWCR|8|26|7021|148|ASP|1|76|256
MYAB|9|27|5000|75|BIT|0|83|263
MYAF|9|27|4355|100|ASP|1|90|270
MYAK|10|28|5300|100|ASP|0|101|281
MYAM|9|27|6100|100|ASP|1|88|268
MYAN|12|30|5025|75|BIT|1|112|292
MYAP|13|31|5000|150|ASP|0|127|307
MYAS|10|28|4500|100|ASP|0|99|279
MYAT|14|32|7001|150|ASP|0|133|313
MYAX|14|32|4402|70|BIT|0|127|307
MYBC|11|29|5000|78|BIT|1|105|285
MYBG|13|31|4536|80|BIT|0|123|303
MYBS|9|27|5409|100|ASP|1|90|270
MYCA|12|30|7015|150|ASP|0|111|291
MYCA|14|32|7000|150|ASPH|0|140|320
MYCB|9|27|5050|100|ASP|0|86|266
MYCI|9|27|4061|60|ASP|0|87|267
MYEB|12|30|2500|80||0|120|300
MYEF|12|30|7051|150|ASP|1|118|298
MYEH|7|25|6020|100|ASP|1|68|248
MYEM|15|33|8024|150|ASP|1|145|325
MYEN|3|21|4703|80|ASP|0|25|205
MYER|9|27|7213|150|ASP|1|88|268
MYES|17|35|3030|75|BIT|0|164|344
MYEY|10|28|5300|100|ASP|0|100|280
MYGF|6|24|11019|151|ASP|1|61|241
MYIG|10|28|7020|100|ASPH|0|100|280
MYIG|9|27|7016|89|ASP|0|95|275
MYLD|9|27|4000|100|ASP|0|92|272
MYLS|13|31|4000|75|ASP|0|123|303
MYMM|6|24|7297|150|ASP|0|56|236
MYNN|10|28|8273|150|ASP|1|90|270
MYNN|14|32|11353|150|ASP|1|135|315
MYRD|13|31|3800|75|ASP|0|130|310
MYRP|9|27|4500|100|ASP|0|90|270
MYSM|10|28|8000|150|ASP|1|95|275
MYXD|9|27|1200|0|gravel|0|90|270
MZBZ|7|25|9678|148|ASP|1|77|257
MZMF|UNKNOWN|UNKNOWN|2135|31||0|-1|-1
MZPL|8|26|2133|65|Asphalt|0|80|260
NCAI|14|32|5920|100|ASP|1|154|334
NCAT|9|27|3947|0|UNK|0|90|270
NCMG|13|31|3274|0|UNK|0|130|310
NCMH|14|32|3937|0|UNK|0|140|320
NCMK|10|28|4921|0|UNK|0|100|280
NCPY|14|32|7077|98|UNK|0|140|320
NCRG|8|26|7638|150|CON|1|90|270
NFFN|2|20|10739|150|ASP|1|38|218
NFFN|9|27|7007|150|ASP|1|104|284
NFNA|10|28|7047|148|ASP|1|109|289
NFND|14|32|2395|50|ASP|0|155|335
NFNL|13|31|3507|98|ASP|0|146|326
NFNM|11|29|3232|75|UNK|0|110|290
NFNR|7|25|4806|0|UNK|0|70|250
NFNS|14|32|2833|59||0|140|320
NFSW|3|21|1950|0|Dirt|0|30|210
NFTE|34|16|2650|65|ASP|0|340|160
NFTF|11|29|8795|147|ASP|1|122|302
NFTF|17|35|4951|195|GRS|0|181|1
NFTL|11|29|3937|98|BIT|1|120|300
NFTO|8|26|3937|0|UNK|0|80|260
NFTV|8|26|5593|98|BIT|1|96|276
NGFU|3|21|5040|0|UNK|0|30|210
NGTA|9|27|6598|135|BIT|1|97|277
NGTE|14|32|3365|103|COR|0|153|333
NIUE|10|28|7660|148|ASP|1|110|290
NLWF|7|25|3609|98|UNK|0|70|250
NLWW|8|26|6890|148|ASP|1|90|270
NSAS|8|26|2000|60|CONC-G|0|98|278
NSFA|8|26|9843|148|ASP|1|89|269
NSFI|10|28|2198|0|ASP|0|100|280
NSFQ|12|30|3190|75|CON|1|134|314
NSTU|5|23|10000|150|ASP|1|60|240
NSTU|8|26|3800|100|ASP|1|90|270
NTAA|4|22|11360|148|ASP|1|54|234
NTAM|7|25|4565|0||0|70|250
NTAR|9|27|4757|59|ASP|1|108|288
NTAT|3|21|4921|75|ASP|1|48|228
NTAV|6|24|4592|100|ASP|1|73|253
NTGA|14|32|4921|60|ASP|0|150|330
NTGB|7|25|3936|50|ASP|0|85|265
NTGC|6|24|3937|98|ASP|0|75|255
NTGD|12|30|2854|0||0|120|300
NTGE|11|29|3008|59|ASP|0|126|306
NTGF|5|23|4596|98|ASP|1|65|245
NTGI|5|23|3051|98|ASP|0|56|236
NTGJ|12|30|6562|98|ASP|1|136|316
NTGK|2|20|3543|66|ASP|0|28|208
NTGM|11|29|4920|98|ASP|0|123|303
NTGP|10|28|3051|49|ASP|0|112|292
NTGT|7|25|3018|65|ASP|0|80|260
NTGU|10|28|4268|98|ASP|0|116|296
NTGV|1|19|3937|98|ASP|0|197|17
NTGY|18|36|4921|100|BIT|0|192|12
NTHE|6|24|4068|80|ASP|0|71|251
NTKF|8|26|3890|75|ASP|0|88|268
NTKK|8|26|4150|75|ASP|0|83|263
NTKR|7|25|3452|66|ASP|0|86|266
NTMD|6|24|5578|98|ASP|1|68|248
NTMN|2|20|3986|75|ASP|1|31|211
NTMP|14|32|2723|59|Asphalt|0|140|320
NTMU|9|27|2477|66|Asphalt|0|90|270
NTTB|11|29|4921|72|ASP|1|124|304
NTTG|9|27|6890|98|ASP|1|106|286
NTTH|7|25|4921|66|ASP|1|80|260
NTTM|12|30|4035|98|ASP|1|135|315
NTTO|12|30|11089|148|ASP|1|135|315
NTTP|8|26|3135|75|ASP|0|89|269
NTTR|7|25|4593|98|ASP|1|84|264
NVSA|13|31|2953|82|Coral|0|130|310
NVSC|15|33|2723|98|Grass|0|150|330
NVSD|10|28|2789|82|Grass|0|100|280
NVSE|14|32|2307|98|Grass|0|140|320
NVSF|11|29|2674|69|Volcanic ash impregnated|0|110|290
NVSG|4|22|2887|92|Grass|0|40|220
NVSH|13|31|1969|98|Coral|0|130|310
NVSI|7|25|1968|98|Grass|0|70|250
NVSM|14|32|2789|79|Grass|0|140|320
NVSN|14|32|2789|98|Grass|0|140|320
NVSO|15|33|2175|66|Grass|0|150|330
NVSP|13|31|2972|49|Asphalt|0|130|310
NVSQ|13|31|2802|59|Grass|0|130|310
NVSR|11|29|2165|75|Grass|0|110|290
NVSS|12|30|6523|98|ASP|1|129|309
NVST|11|29|2329|75|Grass|0|110|290
NVSU|9|27|2789|98|Volcanic ash/soil|0|90|270
NVSV|15|33|2625|98|Grass|0|150|330
NVSW|16|34|2379|115|Grass|0|160|340
NVSX|14|32|2674|98|Grass|0|140|320
NVSZ|14|32|2362|82|Grass|0|140|320
NVVA|5|23|2001|75|Grass|0|50|230
NVVB|16|34|2625|82|Grass|0|160|340
NVVD|10|28|2428|98|Grass|0|100|280
NVVF|14|32|2297|115|Coral|0|140|320
NVVI|12|30|2995|98|Grass on coral|0|120|300
NVVV|11R|29L|3310|105|GRS|0|118|298
NVVV|11|29|8530|148|ASP|1|118|298
NVVW|15|33|4035|98|ASP|0|158|338
NWWB|9|27|2625|98|Paved/Compacted schist|0|90|270
NWWC|9|27|1969|66|Asphalt|0|107|287
NWWD|9|27|3281|66|MAC|1|100|280
NWWE|10|28|3608|76|ASP|1|114|294
NWWH|13|31|3281|0|UNK|0|130|310
NWWK|6|24|3616|85|ASP|1|68|248
NWWL|12|30|3609|98|MAC|1|135|315
NWWM|17|35|4101|98|ASP|1|179|359
NWWR|13|31|3281|82|ASP|1|139|319
NWWT|13|31|2625|98|Paved/Gravel|1|130|310
NWWU|13|31|3609|98|ASP|1|146|326
NWWV|13|31|3609|98|ASP|1|143|323
NWWW|11|29|10663|148|ASP|1|121|301
NZAA|05R|23L|11926|148|CON|1|72|252
NZAP|10|28|2198|105|GRS|0|131|311
NZAP|17|35|4547|98|ASP|1|196|16
NZAR|03L|21R|1700|59|GRS|0|48|228
NZAR|3|21|4630|148|ASP|1|48|228
NZAR|7|25|1960|59|GRS|0|92|272
NZAS|11|29|3360|295|GRS|0|132|312
NZAS|16|34|3543|148|GRS|1|181|1
NZAS|2|20|2943|197|GRS|0|47|227
NZAS|6|24|4554|295|GRS|0|88|268
NZBA|7|25|2185|76|GRS|0|101|281
NZCB|16|34|2251|197|GRS|0|160|340
NZCH|11|29|5587|148|BIT|1|131|311
NZCH|1|19|1690|229|GRS|0|38|218
NZCH|2|20|10787|148|ASP|1|41|221
NZCI|5|23|4462|148|ASP|1|72|252
NZCX|12|30|2044|39|GRS|1|120|300
NZDA|4|22|3281|69|Limestone|0|40|220
NZDN|3|21|6234|150|ASP|1|56|236
NZFF|10|28|2461|164|Grass|0|100|280
NZFF|18|36|3281|131|Grass|0|180|360
NZFF|5|23|2395|164|Grass|0|50|230
NZFG|H|XX|16|16|concrete|0|-1|-1
NZFI|10|28|3376|46|BIT|1|119|299
NZFJ|10|28|2628|30|ASP|0|100|280
NZFT|17|35|1640|39|GRS|0|170|350
NZFX|15|33|10000|200|SNOW|0|150|330
NZGA|1|19|3953|196|Grass|0|10|190
NZGB|10|28|3051|0|UNK|0|100|280
NZGM|1|19|3579|0|concrete|1|348|168
NZGS|14L|32R|2503|197|GRS|0|166|346
NZGS|14R|32L|4298|148|ASP|1|165|345
NZGS|14|32|0|0|UNK|0|140|320
NZGS|3|21|3773|197|GRS|0|48|228
NZGS|9|27|3839|197|GRS|0|117|297
NZGT|15|33|3166|98|ASP|0|171|351
NZGY|14|32|2215|98|GRS|0|140|320
NZHA|14|32|3166|0|UNK|0|140|320
NZHK|12|30|3858|59|ASP|0|147|327
NZHK|3|21|4311|98|ASP|1|58|238
NZHN|07R|25L|2033|197|GRS|0|95|275
NZHN|18L|36R|6755|148|ASP|1|196|16
NZHN|18R|36L|2871|197|ASP/GRS|0|196|16
NZHN|18|36|0|0|UNK|0|180|360
NZHN|7|25|2033|98|GRS|0|95|275
NZHS|01R|19L|2887|197|GRS|0|31|211
NZHS|11|29|2900|197|B/Gr|0|131|311
NZHS|1|19|3525|45|B|1|27|207
NZHT|16|34|2297|197|GVL|0|160|340
NZKC|5|23|2297|115|GRS|0|50|230
NZKD|4|22|1796|98|GRS|0|40|220
NZKE|17|35|2066|98|Grass|0|170|350
NZKF|7|25|2753|98|GRS|0|70|250
NZKI|05L|23R|2018|82|GRS|0|50|230
NZKI|05R|23L|2297|33|ASP|0|50|230
NZKK|15L|33R|2247|66|GRS|0|168|348
NZKK|15R|33L|3904|98|ASP|1|166|346
NZKK|15|33|0|0|UNK|0|150|330
NZKK|2|20|1608|121|GRS|0|38|218
NZKT|12|30|4600|98|ASP|1|143|323
NZKT|18|36|4190|98|GVL|0|201|21
NZKY|9|27|2418|197|Gr|0|90|270
NZLX|14L|32R|3937|197|GRS|0|160|340
NZLX|14R|32L|3937|98|ASP|0|160|340
NZLX|1|19|2139|197|GRS|0|34|214
NZMA|28|10|3572|449|GRS|0|280|100
NZMC|13|31|5157|98|ASP|0|155|335
NZMF|11|29|2598|69|Asphalt|0|110|290
NZMJ|2|20|1312|66|GRS|0|20|200
NZMK|02R|20L|2405|98|GRS|0|20|200
NZMK|2|20|2562|36|ASP|0|20|200
NZMO|8|26|3547|98|ASP|0|102|282
NZMS|06C|24C|4101|75|ASP|1|78|258
NZMS|06L|24R|1476|66|GRS|0|87|267
NZMS|06R|24L|3478|98|GRS|0|74|254
NZMS|10|28|3419|98|GRS|0|122|302
NZMS|6|24|0|0|UNK|0|60|240
NZMW|15|33|1969|98|GRS|0|150|330
NZNE|3|21|2660|0|CON|1|30|210
NZNE|9|27|1870|0|GVL|0|90|270
NZNP|05L|23R|4298|148|ASP|1|66|246
NZNP|05R|23L|3281|98|GRS|0|66|246
NZNP|14|32|3937|131|GRS|0|157|337
NZNR|16|34|5741|148|ASPH|1|160|340
NZNR|7|25|4000|98|COM|0|88|268
NZNS|02L|20R|2398|197|GRS|0|42|222
NZNS|17|35|1970|197|GRS|0|187|7
NZNS|2|20|4420|148|ASP|1|42|222
NZNS|6|24|1726|79|GRS|0|83|263
NZNV|04R|22L|2280|66|GRS|0|65|245
NZNV|12|30|2996|82|GRS|0|141|321
NZNV|4|22|7251|148|ASP|1|65|245
NZNV|7|25|1398|66|GRS|0|93|273
NZOH|09L|27R|1887|89|GRS|0|109|289
NZOH|15|33|6998|148|ASP|1|168|348
NZOH|9|27|8028|148|ASP|1|109|289
NZOM|12|30|0|0|Grass|0|120|300
NZOM|1|19|0|0|Grass|0|10|190
NZOM|7|25|0|0|Grass|0|70|250
NZOU|11|29|3107|164|GRE|0|137|317
NZOU|18|36|4210|98|ASP|1|207|27
NZOU|2|20|2775|164|GRE|0|43|223
NZOX|18|36|2799|210|GRS|0|180|360
NZPI|7|25|2493|23|ASP|0|70|250
NZPM|07L|25R|6240|148|ASP|1|90|270
NZPM|07R|25L|1995|197|GRS|0|90|270
NZPM|7|25|6240|148|UNK|0|70|250
NZPN|18|36|2755|0||0|180|360
NZPP|11L|29R|3366|98|ASP|0|134|314
NZPP|11R|29L|1345|295|GRS|0|134|314
NZPP|16L|34R|2001|295|GRS|0|181|1
NZPP|16R|34L|4429|148|ASP|1|181|1
NZPP|16|34|0|0|UNK|0|160|340
NZQN|14|32|2920|33|BITUM|0|165|345
NZQN|5|23|6204|148|ASP|1|76|256
NZRC|4|22|2625|52|bitumen/gravel|1|65|245
NZRI|12|30|3412|98|GRS|0|120|300
NZRI|3|21|1788|164|GRS|0|30|210
NZRK|16|34|4934|42|Grass|0|160|340
NZRO|18L|36R|2732|164|GRS|0|206|26
NZRO|18R|36L|5321|98|ASP|1|205|25
NZRO|18|36|0|0|UNK|0|180|360
NZRT|10|28|1913|197|Grass|0|100|280
NZRT|4|22|1690|115|Grass|0|40|220
NZRT|7|25|3871|197|Grass|0|70|250
NZRU|13|31|3917|98|ASP|0|145|325
NZSL|16|34|2854|0|UNK|0|160|340
NZSP|02T|20T|12013|220|SNOW|1|129|309
NZTE|5|23|3224|49|GRS|0|50|230
NZTG|07L|25R|2460|180|Grass|0|94|277
NZTG|07R|25L|5988|148|ASP|1|96|276
NZTG|16|34|1886|148|GRE|0|184|4
NZTG|4|22|2100|197|GRE|0|52|232
NZTG|7|25|0|0|UNK|0|70|250
NZTL|11|29|3116|36|paved|0|110|290
NZTO|13|31|2789|0|UNK|0|130|310
NZTT|16|34|2841|0|UNK|0|160|340
NZTU|02L|20R|3898|197|GRS|0|40|220
NZTU|11|29|3652|295|GRS|0|133|313
NZTU|2|20|4200|148|ASP|1|42|222
NZUK|15|33|3550|51|ASP|0|172|352
NZUN|5|23|2782|177|Grass|0|50|230
NZWB|06L|24R|4675|197|GRE|0|88|268
NZWB|06R|24L|4675|148|ASP|1|86|266
NZWB|10|28|3878|295|GRE|0|126|306
NZWD|15|33|10000|220|SNO|1|296|116
NZWD|7|25|10000|220|SNO|1|206|26
NZWF|11|29|3937|98|ASP|0|138|318
NZWK|09L|27R|4200|100|ASP|1|113|293
NZWK|09R|27L|2461|98|GRS|0|113|293
NZWK|9|27|0|0|UNK|0|90|270
NZWL|04B|22B|2008|49|Bitumen|0|64|244
NZWL|11|29|2087|295|Grass|0|134|314
NZWL|17|35|2264|263|Grass|0|194|14
NZWL|4|22|3271|266|Grass|0|64|244
NZWN|16|34|6352|148|ASP|1|183|3
NZWO|16|34|3000|98|ASP|1|175|355
NZWP|08L|26R|2789|148|GRS|0|100|280
NZWP|3|21|6665|148|ASP|1|53|233
NZWP|8|26|5187|148|CON|1|98|278
NZWR|14|32|1558|197|GRS|0|164|344
NZWR|6|24|3599|98|ASP|1|81|261
NZWS|4|22|4200|98|ASP|1|58|238
NZWT|16|34|2421|98|Grass|0|160|340
NZWT|4|22|4744|98|GRASS|0|40|220
NZWU|11C|29C|4521|148|ASP|1|131|311
NZWU|11L|29R|1654|1|GRE|0|128|308
NZWU|11R|29L|2756|279|GRE|0|128|308
NZWU|11|29|0|0|UNK|0|110|290
NZWU|14|32|2959|197|GRE|0|161|341
NZWU|8|26|2877|197|GRE|0|106|286
NZYP|2|20|3461|0|Gr|0|42|222
OABT|1|19|7549|101|Asphalt|0|5|185
OAFZ|18|36|6049|0|PSP|0|180|360
OAHR|18|36|9888|150|ASP|0|187|7
OAIX|03L|21R|9687|85|CON|1|29|209
OAIX|03R|21L|11820|151|CON|1|29|209
OAJL|13|31|7262|148|ASP|1|131|311
OAKB|11|29|11483|164|ASP|1|107|287
OAKN|5|23|10532|148|ASP|1|55|235
OAKS|6|24|8740|0|ASP|0|60|240
OAMN|14|32|5090|76|GVL|0|143|323
OAMS|06R|24L|9843|147|ASP|1|66|246
OASD|18|36|9140|160|CON|0|182|2
OASG|6|24|4582|70|ASP|0|66|246
OATN|12|30|7300|90|Concrete|0|122|302
OAUZ|11|29|6558|148|ASP|0|113|293
OBBI|12L|30R|12979|197|ASP|1|123|303
OBBI|12R|30L|8302|148|ASP|1|123|303
OBBS|15|33|12467|147|ASP|1|154|334
OBKH|17|35|10499|148|ASPH|0|170|350
OEAB|13|31|10991|148|ASP|1|129|309
OEAH|16|34|10039|148|ASP|1|165|345
OEAO|12|30|10007|164|asphalt|1|120|300
OEBA|7|25|10991|148|ASP|1|71|251
OEBH|18|36|10007|147|ASP|1|186|6
OEBQ|15|33|6075|111|ASP|1|150|330
OEDF|16L|34R|13124|197|ASP|1|165|345
OEDF|16R|34L|13124|197|ASP|1|165|345
OEDM|15|33|10006|147|ASP|1|154|334
OEDR|16L|34R|11811|148|ASP|1|165|345
OEDR|16R|34L|12008|148|ASP|1|165|345
OEGN|15|33|10006|148|ASP|1|150|330
OEGS|15|33|9843|147|ASP|1|153|333
OEGT|10|28|10007|147|ASP|1|106|286
OEHL|18|36|12204|148|ASP|1|184|4
OEHR|16|34|8006|0|UNK|0|160|340
OEHW|15|33|8497|98|ASP|1|150|330
OEJB|17|35|13124|148|ASP|1|167|347
OEJF|15|33|8964|148|ASP|0|155|335
OEJN|16C|34C|13123|197|CON|1|160|340
OEJN|16L|34R|13123|197|ASP|1|160|340
OEJN|16R|34L|12467|197|CON|1|160|340
OEKK|13|31|12005|148|ASP|1|130|310
OEKM|14|32|12467|148|ASP|1|141|321
OEKM|6|24|12467|148|ASP|1|60|240
OEMA|17|35|14222|197|ASP|1|169|349
OEMA|18|36|10039|147|ASP|1|184|4
OENG|6|24|10007|147|ASP|1|60|240
OENN|15|33|12326|164|ASP|1|155|335
OEPA|16|34|10007|148|ASP|1|158|338
OEPC|14|32|8005|115|ASP|1|142|322
OEPF|17|35|8005|115|ASP|1|168|348
OEPI|17|35|8008|98|ASP|1|168|348
OEPJ|18|36|6398|115|ASP|1|178|358
OEPS|17L|35R|13123|148|ASP|1|175|355
OEPS|17R|35L|13123|148|ASPH|0|170|350
OERB|15|33|7741|105|ASP|1|153|333
OERF|11|29|9834|147|ASP|1|114|294
OERK|15L|33R|13796|197|ASP|1|150|330
OERK|15R|33L|13796|197|ASP|1|150|330
OERM|16|34|11058|98|ASP|1|164|344
OERR|10|28|10007|148|ASP|1|105|285
OERT|15|33|7063|98|ASP|1|152|332
OERY|1|19|13288|147|ASP|1|8|188
OESB|8|26|6082|80|SAN|0|86|266
OESB|9|27|10005|98|CON|1|87|267
OESH|8|26|11975|147|ASP|1|85|265
OESK|10|28|12011|147|ASP|1|100|280
OETB|13|31|10007|148|ASP|1|133|313
OETB|6|24|10991|148|ASP|1|65|245
OETF|17|35|10991|148|ASP|1|172|352
OETF|7|25|12254|148|ASP|1|75|255
OETH|17|35|13170|200|ASP|1|171|351
OETN|15|33|8005|98|ASP|1|154|334
OETR|10|28|9843|148|ASP|1|105|285
OEUD|18|36|7171|98|ASP|1|179|359
OEUM|14|32|8200|197|Earth|0|140|320
OEWD|10|28|10007|147|ASP|1|102|282
OEWJ|15|33|10007|148|ASP|1|151|331
OEYN|10|28|10532|148|ASP|1|103|283
OIAA|14L|32R|7437|115|ASP|0|145|325
OIAA|14R|32L|10169|148|ASP|1|145|325
OIAD|14L|32R|11729|148|ASP|1|141|321
OIAD|14R|32L|12641|115|ASP|1|141|321
OIAG|13|31|6933|148|ASP|0|136|316
OIAH|12|30|6070|148|ASP|0|125|305
OIAI|12|30|4656|98|ASP|0|122|302
OIAI|14|32|5907|98|ASP|0|137|317
OIAJ|12L|30R|11500|148|ASP|1|125|305
OIAJ|12R|30L|13500|148|ASP|1|125|305
OIAM|14|32|8874|148|ASP|1|137|317
OIAW|12|30|11149|148|ASP|1|124|304
OIBA|8|26|9796|148|ASP|0|83|263
OIBB|13L|31R|14663|148|ASP|1|132|312
OIBB|13R|31L|14664|148|ASP|1|132|312
OIBH|7|25|4500|100|ASP|0|74|254
OIBJ|11|29|7711|148|ASP|1|115|295
OIBK|09R|27L|12004|148|ASP|1|95|275
OIBL|8|26|8203|148|ASP|0|82|262
OIBP|13|31|13115|148|ASP|0|129|309
OIBQ|14|32|5922|148|ASP|0|134|314
OIBS|12|30|8345|175|ASP|0|128|308
OIBV|11|29|6815|148|ASP|0|111|291
OICC|11L|29R|9656|98|ASPH|0|110|290
OICC|11R|29L|11213|148|ASP|1|116|296
OICI|14|32|9183|148|ASP|1|142|322
OICK|11|29|10498|148|ASP|1|113|293
OICS|1|19|8660|148|ASP|1|18|198
OIFE|7|25|9830|148|ASP|1|77|257
OIFE|9|27|1091|40|CON|0|92|272
OIFH|6|24|3215|75|PEM|0|70|250
OIFH|7|25|4095|165|GRE|0|76|256
OIFK|11|29|8845|145|ASP|0|111|291
OIFM|07L|25R|14425|148|ASP|1|78|258
OIFM|07R|25L|14425|148|ASP|1|78|258
OIFP|08L|26R|10920|140|ASP|1|85|265
OIFP|08R|26L|1467|97|ASP|0|86|266
OIFS|14|32|10819|148|ASP|0|147|327
OIGG|9|27|9571|148|ASP|1|94|274
OIHH|10|28|10611|148|ASP|1|105|285
OIHR|8|26|9811|148|ASP|0|79|259
OIHS|13R|31L|14300|148|ASP|1|130|310
OIHS|5|23|12915|148|ASP|1|59|239
OIIA|10|28|4579|75|ASP|0|102|282
OIIC|11|29|10607|148|ASP|0|112|292
OIID|4|22|7550|148|ASP|0|47|227
OIIE|11L|29R|13772|148|ASP|1|109|289
OIII|11L|29R|11962|148|ASP|1|109|289
OIII|11R|29L|13258|197|ASP|1|109|289
OIII|9|27|1554|130|CON|0|89|269
OIIK|10|28|3670|131|ASP|0|100|280
OIIM|13|31|3630|65|ASP|0|139|319
OIIP|12|30|12005|197|ASP|1|128|308
OIIS|4|22|11739|148|Asphalt|0|40|220
OIKB|03L|21R|11341|98|ASP|0|28|208
OIKB|03R|21L|12008|148|ASP|1|28|208
OIKJ|13|31|7236|98|ASP|0|129|309
OIKK|16L|34R|12635|148|ASP|1|158|338
OIKK|16R|34L|12631|148|ASP|1|160|340
OIKM|12|30|11107|148|ASP|1|123|303
OIKP|8|26|8525|115|ASP|1|79|259
OIKQ|5|23|13864|148|ASP|1|50|230
OIKR|11|29|9814|148|ASP|1|112|292
OIKY|14|32|12356|148|ASP|1|132|312
OIMB|10|28|9521|148|ASP|0|99|279
OIMB|8|26|7093|82|ASP|0|79|259
OIMC|14|32|13076|148|ASP|0|145|325
OIMJ|7|25|9157|148|ASP|0|71|251
OIMM|13L|31R|12503|148|ASP|1|134|314
OIMM|13R|31L|12877|148|ASP|1|134|314
OIMN|7|25|10582|148|ASP|0|70|250
OIMS|9|27|10428|148|ASP|0|95|275
OIMT|15|33|9977|148|ASP|0|152|332
OINE|10|28|7277|92|ASP|0|105|285
OING|13|31|10827|148|ASP|1|134|314
OINJ|9|27|3235|98|ASP|0|79|259
OINN|10|28|6677|115|ASP|1|109|289
OINR|12|30|7448|148|CON|1|120|300
OINR|13|31|4920|98|ASP|1|130|310
OINZ|16|34|8688|148|ASP|1|161|341
OISF|14|32|6502|100|ASP|0|140|320
OISJ|8|26|7899|98|ASP|0|82|262
OISL|9|27|10397|148|ASP|0|89|269
OISR|11|29|10020|148|ASP|0|114|294
OISS|11L|29R|14345|148|ASP|1|114|294
OISS|11R|29L|14051|148|ASP|1|114|294
OISY|13|31|8522|148|ASP|1|132|312
OITK|15|33|9190|98|ASP|0|157|337
OITL|15|33|10823|148|PEM|1|150|330
OITM|8|26|9614|98|ASP|1|85|265
OITP|11|29|8515|115|ASP|0|111|291
OITR|3|21|10658|148|ASP|1|33|213
OITT|12L|30R|11825|148|CONC|1|129|309
OITT|12R|30L|11537|98|ASP|0|129|309
OITU|13|31|10827|148|ASP|1|130|310
OITZ|12|30|9840|148|ASP|0|126|306
OIYY|13|31|13446|148|ASP|1|133|313
OIZB|16|34|9848|148|ASP|1|167|347
OIZC|09L|27R|12514|150|ASP|1|91|271
OIZC|09R|27L|9844|150|ASP|0|91|271
OIZH|17L|35R|13993|148|ASP|1|173|353
OIZH|17R|35L|13996|148|ASP|1|173|353
OIZI|17|35|7711|150|ASP|1|171|351
OIZS|13|31|7103|98|ASP|0|133|313
OJAI|08L|26R|12008|200|ASP|1|81|261
OJAI|08R|26L|12008|200|CON|1|81|261
OJAM|6|24|10745|148|ASP|1|65|245
OJAQ|1|19|9855|148|ASP|1|19|199
OJHF|13|31|9802|140|ASP|1|131|311
OJHR|10|28|8215|98|ASP|0|102|282
OJMF|13|31|9819|148|ASP|1|130|310
OJMS|13|31|9777|148|ASP|1|131|311
OJMS|8|26|9015|148|ASP|0|80|260
OKAS|12L|30R|9805|132|PEM|0|120|300
OKAS|12R|30L|9805|146|PEM|1|120|300
OKKK|15L|33R|11483|148|ASP|1|155|335
OKKK|15R|33L|11155|148|CON|1|155|335
OLBA|16|34|11138|148|CON|1|166|346
OLBA|17|35|10663|197|ASP|1|177|357
OLBA|3|21|12467|148|CON|1|33|213
OLKA|6|24|9843|148|CON|1|62|242
OLRA|4|22|9740|148|CON|1|46|226
OMAA|13L|31R|13451|197|ASP|1|128|308
OMAA|13R|31L|13471|197|ASP|1|128|308
OMAD|13|31|10499|150|ASP|1|128|308
OMAJ|13|31|7218|151|MAC|1|134|314
OMAL|1|19|13123|148|ASP|1|7|187
OMAM|13L|31R|12012|150|ASP|1|127|307
OMAM|13R|31L|12012|150|ASP|1|127|307
OMAM|13|31|0|0|UNK|0|130|310
OMAR|13|31|3438|72|MAC|1|131|311
OMAS|13|31|7081|148|ASP|1|131|311
OMAZ|13|31|3937|98|ASP|1|133|313
OMBY|13|31|9272|148|ASP|0|130|310
OMDB|12L|30R|14275|197|ASP|1|121|301
OMDB|12R|30L|14590|197|ASP|1|121|301
OMDL|17|35|8202|154|ASPH|1|170|350
OMDM|9|27|12970|148|ASP|1|89|269
OMDW|12|30|14764|197|ASPH|1|120|300
OMDW|13|31|6030|98|asphalt|0|121|301
OMFJ|11R|29L|10007|148|ASP|1|112|292
OMRK|16|34|12336|148|ASP|1|165|345
OMRS|15|33|2625|49|U|0|153|333
OMSJ|12|30|13320|197|ASP|1|122|302
OOFD|13|31|8399|148|CON|0|130|310
OOKB|1|19|8202|75|ASP|0|14|194
OOMA|17|35|10005|148|ASP|1|167|347
OOMA|7|25|8446|148|ASP|1|67|247
OOMS|08L|26R|13123|197|ASP|1|85|265
OOMS|08R|26L|13386|148|ASP|1|85|265
OOMX|13|31|8635|190|GVL|0|136|316
OOMX|6|24|5782|175|GVL|0|65|245
OOSA|7|25|13114|197|ASP|1|71|251
OOSH|15|33|13100|194|CON|1|150|330
OOTH|17|35|13123|148|ASP|1|173|353
OPBN|7|25|6001|0|UNK|0|70|250
OPBW|8|26|9345|98|ASP|0|79|259
OPCH|2|20|5741|98|ASP|0|27|207
OPDG|18|36|6499|98|ASP|0|181|1
OPDI|12|30|5000|75|ASP|0|119|299
OPFA|03L|21R|8999|98|CONC|1|30|210
OPFA|03R|21L|9324|150|ASPH|1|36|216
OPGD|7|25|12789|246|CON|1|69|249
OPGT|7|25|5400|98|ASP|0|72|252
OPGT|9|27|983|49|CON|0|90|270
OPIS|10L|28R|12001|147|ASP|1|101|281
OPIS|10R|28L|12001|197|ASP|1|100|280
OPJA|15L|33R|10081|80|ASP|0|147|327
OPJA|15|33|10040|148|ASP|1|147|327
OPKC|07L|25R|10500|151|CON|1|74|254
OPKC|07R|25L|11155|151|CON|1|74|254
OPKD|2|20|6998|98|ASP|0|20|200
OPKH|12|30|6001|0|UNK|0|120|300
OPLA|18L|36R|11024|151|CON|1|181|1
OPLA|18R|36L|9000|151|ASP|1|181|1
OPLH|14|32|4390|150|CON|0|137|317
OPMA|14|32|5000|100|ASP|0|136|316
OPMF|13|31|2960|75|ASP|0|132|312
OPMI|06L|24R|10348|97|ASP|0|61|241
OPMI|06R|24L|10161|156|ASP|1|61|241
OPMJ|8|26|6512|98|ASP|1|77|257
OPMR|4|22|8622|120|ASP|1|45|225
OPMR|9|27|9022|200|CON|1|90|270
OPMT|18|36|9046|98|ASP|1|183|3
OPNH|2|20|8999|150|CON|1|21|201
OPOR|6|24|5000|0|UNK|0|60|240
OPPC|16|34|3999|0|UNK|0|160|340
OPPG|13|31|5000|75|BIT|0|132|312
OPPI|6|24|8999|151|PEM|1|58|238
OPPS|17|35|9000|150|ASP|1|176|356
OPQT|13L|31R|11962|150|ASP|1|136|316
OPQT|13R|31L|9022|110|ASP|0|136|316
OPRK|1|19|9842|148|ASP|1|15|195
OPRN|12|30|10785|150|ASP|1|118|298
OPRS|09L|27R|5840|164|ASP|0|92|272
OPRS|09R|27L|9085|164|ASP|1|92|272
OPRT|1|19|2958|75|ASP|0|13|193
OPSD|14|32|11998|98|ASP|0|147|327
OPSD|15|33|6501|101|ASP|0|153|333
OPSF|8|26|8060|150|ASP|1|79|259
OPSK|14|32|9000|98|ASP|1|140|320
OPSN|17|35|6562|0|CON|0|170|350
OPSS|5|23|5745|151|ASP|0|52|232
OPST|22L|04R|11811|150|ASP|1|220|40
OPSW|3|21|5462|100|ASP|0|30|210
OPTU|08L|26R|6000|98|ASP|1|83|263
OPZB|10|28|6001|98|ASP|0|100|280
ORAA|09L|27R|13124|197|ASP|1|88|268
ORAA|09R|27L|13123|148|ASP|1|88|268
ORAA|8|26|10125|338|GRE|0|89|269
ORBD|12|30|11495|149|PEM|0|126|306
ORBD|14|32|11490|197|CON|1|146|326
ORBI|15L|33R|13124|197|CON|1|150|330
ORBI|15R|33L|10830|148|CON|0|150|330
ORER|18|36|15748|246|CONC|1|180|360
ORKK|13|31|9809|148|CON|1|133|313
ORKK|14|32|8535|160|ASP|1|145|325
ORMM|14|32|13124|148|CON|1|138|318
ORNI|10|28|9842|148|ASP|1|97|277
ORSU|13|31|11481|148|CON|1|133|313
OSAP|9|27|9547|148|ASP|1|97|277
OSDI|05R|23L|11811|148|ASP|1|48|228
OSDZ|10L|28R|9843|148|ASP|0|110|290
OSDZ|10|28|0|0|UNK|0|100|280
OSKL|3|21|11860|150|ASP|0|39|219
OSLK|17|35|9175|148|ASP|1|177|357
OSPR|8|26|9449|148|ASP|1|83|263
OTBD|15|33|15000|151|ASP|1|158|338
OTBH|16|34|12303|148|ASP|1|158|338
OTBK|14|32|5249|98|ASP|0|140|320
OTHH|16L|34R|15912|197|Asphalt|1|156|336
OTHH|16R|34L|13944|197|Asphalt|1|156|336
OYAA|8|26|10171|148|ASP|1|77|257
OYAT|13|31|9482|164|ASP|1|135|315
OYBA|6|24|9962|148|ASP|0|59|239
OYBN|17|35|5480|75|ASP|0|173|353
OYGD|8|26|8858|148|ASP|1|82|262
OYKM|18|36|5906|0|UNK|0|180|360
OYMB|17|35|9843|0|UNK|0|170|350
OYRN|6|24|9846|148|ASP|1|62|242
OYSH|18|36|11483|0|UNK|0|180|360
OYSN|18|36|10669|148|ASP|1|180|0
OYSQ|3|21|10827|148|ASP|1|26|206
OYSY|7|25|9843|120|ASP|0|68|248
OYTZ|1|19|10040|148|ASP|0|8|188
OYZM|17|35|8186|0|UNK|0|170|350
PAAD|5|23|5000|150|Gravel|1|71|251
PAAK|16|34|4500|100|ASPH-E|1|165|345
PAAL|1|19|3500|100|GRVL|0|10|190
PAAM|14|32|3500|100|GRVL|0|140|320
PAAN|9|27|2558|100|GRVL-F|0|90|270
PAAP|N|S|3000|300|WATER|0|-1|-1
PAAQ|16S|34S|1560|60|GVL|0|180|0
PAAQ|16|34|6008|100|ASP|1|180|0
PAAQ|9|27|3617|75|ASP|1|113|293
PAAT|2|20|5800|150|ASPH-F|0|18|198
PABA|7|25|4820|100|GRAVEL-P|0|93|273
PABE|01L|19R|6400|150|ASPH-F|1|23|203
PABE|01R|19L|4000|75|ASPH-G|0|23|203
PABE|12|30|1860|75|GRVL-G|1|128|308
PABG|18|36|5000|100|GRVL-G|0|180|360
PABG|9|27|2400|60|GRVL|0|90|270
PABI|10|28|6115|150|ASPH-G|0|125|305
PABI|1|19|9000|150|ASPH-G|0|30|210
PABI|7|25|4679|164|ASPH-G|0|92|272
PABL|11|29|3200|75|GRVL-G|0|122|302
PABM|7|25|4200|145|GVL|0|91|271
PABP|3|21|5100|75|GRVL|0|30|210
PABR|8|26|7100|150|ASP|1|90|270
PABT|1|19|5190|150|GVL|1|32|212
PABU|15|33|3520|100|GRVL|0|150|330
PABV|01L|19R|3931|100|ASP|1|39|219
PABV|01R|19L|2200|50|COM|0|24|204
PACD|15|33|10415|150|ASP|1|158|338
PACD|8|26|4235|150|ASP|1|95|275
PACE|7|25|2782|60|GRVL-P|0|70|250
PACI|3|21|4000|90|GRVL-G|0|53|233
PACK|15|33|3720|150|GVL|0|177|357
PACL|1|19|4000|100|ASP|1|34|214
PACM|04W|22W|10000|500|WATER-E|0|40|220
PACM|10|28|3000|75|GVL|1|113|293
PACR|15|33|2979|60|GRVL-G|0|150|330
PACS|16|34|3500|120|GRAVEL|0|160|340
PACS|6|24|1900|90|GRAVEL|0|60|240
PACV|16|34|1899|30|GVL|0|181|1
PACV|9|27|7500|150|ASP|1|114|294
PACX|1|19|4000|100|GRVL-G|0|32|212
PACY|8|26|4350|75|TURF-F|0|80|260
PACZ|2|20|3990|135|GVL|1|37|217
PADE|11|29|2640|75|GVL|1|126|306
PADE|2|20|3300|75|GVL|1|38|218
PADG|3|21|6312|100|ASPH-G|0|42|222
PADK|18|36|7605|200|ASPH-G|0|185|5
PADK|5|23|7790|200|ASPH-G|0|61|241
PADL|1|19|6400|150|ASP|1|26|206
PADM|7|25|3201|100|GVL|1|85|265
PADQ|11|29|5399|150|ASP|1|127|307
PADQ|18|36|5013|150|ASP|1|202|22
PADQ|7|25|7542|150|ASP|1|92|272
PADU|13|31|4500|100|ASP|1|136|316
PADY|18|36|1885|35|GRVL-P|0|201|21
PAED|16|34|7500|150|ASP|1|180|0
PAED|6|24|10000|200|PEM|1|80|260
PAEE|17|35|3243|60|GRVL-G|0|189|9
PAEG|6|24|3600|75|GRVL-F|0|60|240
PAEH|14|32|3950|150|GVL|1|162|342
PAEI|14|32|14530|150|CONC|0|159|339
PAEL|NW|SE|10000|1500|WATER-E|0|-1|-1
PAEM|16|34|4601|100|GVL|1|177|357
PAEN|01L|19R|7576|150|ASP|1|31|211
PAEN|01R|19L|2000|60|GVL|0|31|211
PAEN|01W|19W|4600|252|WATER-E|0|10|190
PAEW|12|30|3300|75|GVL|1|130|310
PAFA|02L|20R|11800|150|ASPH-G|0|38|218
PAFA|02R|20L|6501|100|ASPH-G|0|38|218
PAFA|02W|20W|5400|100|WATER|0|38|218
PAFA|2|20|2900|75|GRVL|0|38|218
PAFB|7|25|8575|150|ASPH-CONC|0|89|269
PAFE|11|29|4000|100|ASPH-G|0|130|310
PAFK|NW|SE|5000|500|WATER-E|0|-1|-1
PAFL|13|31|1200|12|GRAVEL-P|0|130|310
PAFM|18|36|3000|60|GVL|1|202|22
PAFM|9|27|2400|60|GVL|1|112|292
PAFR|17|35|4175|100|ASPH|0|170|350
PAFS|4|22|4003|75|GRVL-G|0|63|243
PAGA|6|24|2786|80|GVL|0|90|270
PAGA|7|25|7254|150|PEM|1|90|270
PAGB|13|31|5182|150|GRVL-G|0|152|332
PAGG|15|33|2510|60|GRVL-P|0|165|345
PAGH|9|27|4000|60|GVL|1|117|297
PAGK|15|33|5001|100|ASPH-G|0|171|351
PAGL|2|20|4000|75|GRAVEL-G|0|36|216
PAGM|16|34|4501|96|ASP|1|172|352
PAGN|NW|SE|10000|900|WATER|0|-1|-1
PAGQ|7|25|2435|70|GRAVEL-G|0|90|270
PAGS|11|29|6720|150|ASP|1|135|315
PAGS|2|20|3010|60|ASP|0|41|221
PAGT|3|21|3200|75|GRVL-P|0|40|220
PAGY|2|20|3550|75|ASPH-G|0|44|224
PAGZ|17|35|3873|111|GRVL|0|181|1
PAHC|1|19|4000|100|GRAVEL-G|0|31|211
PAHL|3|21|4000|75|GVL|1|51|231
PAHN|8|26|4000|100|ASP|1|110|290
PAHO|4|22|6701|150|ASP|1|55|235
PAHP|13|31|3300|75|ASP|1|149|329
PAHU|17|35|3380|100|GRAVEL-G|0|193|13
PAHV|15|33|2912|60|ASPH-P|0|150|330
PAHX|16|34|3400|50|GRVL-F|0|179|359
PAHX|18W|36W|5000|1000|WATER|0|180|360
PAHY|E|W|5000|2000|WATER|0|-1|-1
PAIG|5|23|3000|75|GRVL-F|0|72|252
PAII|12|30|5600|100|GVL|1|140|320
PAII|3|21|1500|75|GVL|1|50|230
PAIK|6|24|3400|100|GVL|1|82|262
PAIL|17|35|4800|100|ASP|1|189|9
PAIL|7|25|5087|100|ASP|1|92|272
PAIL|E|W|2998|400|WATER-E|0|277|97
PAIL|N|S|2892|400|WATER|0|198|18
PAIM|6|24|4100|120|GVL|1|83|263
PAIN|16|34|3000|68|GRAVEL-G|0|160|340
PAIW|18|36|4000|75|GRAVEL-G|0|189|9
PAJC|2|20|2600|60|GRVL-G|0|20|200
PAJN|08W|26W|4900|450|WATER|0|80|260
PAJN|8|26|8457|150|ASP|1|105|285
PAJZ|9|27|3000|75|GRVL-F|0|106|286
PAKD|2|20|2475|40|ASPH-GRVL-F|0|20|200
PAKF|13|31|2100|75|GRVL-G|0|130|310
PAKH|4|22|3120|50|GRAVEL-G|0|62|242
PAKI|15|33|2120|35|GRAVEL-G|0|166|346
PAKK|1|19|3000|60|GRVL-G|0|24|204
PAKL|18W|36W|5000|5000|WATER|0|180|360
PAKL|6|24|4350|110|GRVL-P|0|60|240
PAKN|12|30|8901|150|ASPH-F|0|132|312
PAKN|18|36|4018|100|ASP|1|196|16
PAKN|NW|SE|4000|500|WATER|0|-1|-1
PAKO|8|26|3512|135|GRVL|0|90|270
PAKP|2|20|4800|100|GRAVEL-G|0|38|218
PAKT|11|29|7500|150|ASPH-G|1|136|316
PAKU|5|23|6000|130|GRAVEL-G|0|50|230
PAKV|3|21|3986|100|GRVL-G|0|47|227
PAKW|2|20|5000|100|ASP|1|35|215
PAKY|10|28|2000|60|GRVL-P|0|100|280
PALB|4|22|2690|75|GRVL-G|0|40|220
PALG|6|24|3172|75|GRVL-G|0|81|261
PALH|E|W|4540|188|WATER|0|-1|-1
PALH|NW|SE|1370|150|WATER|0|-1|-1
PALH|N|S|1930|200|WATER|0|-1|-1
PALJ|5|23|3000|100|DIRT-GRVL|0|50|230
PALP|3|21|5000|100|GRVL|0|30|210
PALR|4|22|3000|60|GRVL-F|0|40|220
PALU|8|26|4800|135|GVL|1|101|281
PAMB|3|21|3300|75|GRVL-G|0|40|220
PAMC|16|34|5936|100|ASPH-G|0|179|359
PAMC|5|23|2000|60|GRVL-G|0|68|248
PAMD|13|31|1500|125|GRVL-E|0|149|329
PAMD|2|20|4178|115|GRVL-E|0|34|214
PAMH|3|21|4184|100|GVL|0|45|225
PAMK|2|20|4001|75|GRAVEL-G|0|32|212
PAML|2|20|2875|30|GRAVEL-F|0|20|200
PAMM|E|W|5000|5000|WATER|0|-1|-1
PAMM|N|S|5000|5000|WATER|0|-1|-1
PAMO|2|20|3500|75|GRVL-P|0|32|212
PAMR|16|34|2640|75|ASP|1|180|0
PAMR|4|22|2000|60|GVL|0|66|246
PAMR|7|25|4000|100|ASP|1|90|270
PAMX|1|19|3500|60|GRVL-G|0|10|190
PAMY|5|23|3070|75|GVL|1|67|247
PANA|16|34|3248|60|GRAVEL-F|0|175|355
PANC|07L|25R|10600|150|ASP|1|90|270
PANC|07R|25L|12400|200|ASP|1|90|270
PANC|15|33|10865|200|ASP|1|165|345
PANI|05W|23W|3000|400|WATER|0|50|230
PANI|11|29|6200|100|ASPH-F|0|121|301
PANN|04L|22R|4600|100|ASP|1|59|239
PANN|04R|22L|2520|60|GRS|1|59|239
PANN|04W|22W|3601|100|WATER|0|56|236
PANO|2|20|2800|75|GRAVEL-G|0|38|218
PANR|NE|SW|10500|500|WATER-E|0|-1|-1
PANT|12|30|7493|150|ASP|0|148|328
PANT|2|20|5709|150|GVL|0|47|227
PANU|2|20|4000|100|GVL|1|42|222
PANV|17|35|2960|75|GVL|1|187|7
PANW|14|32|3281|98|GRVL-G|0|153|333
PAOB|9|27|4000|75|GRVL-G|0|106|286
PAOC|1|19|1470|60|GRVL-P|0|10|190
PAOC|9|27|1920|60|GRVL-P|0|90|270
PAOH|6|24|2997|75|ASPH-G|0|78|258
PAOM|10|28|6001|150|ASP|1|110|290
PAOM|3|21|5576|150|ASP|1|42|222
PAOO|16|34|3218|60|GVL|1|177|357
PAOR|5|23|5100|100|GRVL-DIRT-G|0|76|256
PAOT|17|35|3800|90|GVL|1|194|14
PAOT|9|27|5900|150|ASPH-G|1|102|282
PAOU|8|26|4000|75|GRVL-G|0|96|276
PAPB|11|29|5000|150|GVL|1|118|298
PAPC|16|34|4500|120|ASPH|0|160|340
PAPE|2|20|3300|75|GRVL-G|0|35|215
PAPG|5|23|6000|150|ASP|1|71|251
PAPH|13|31|4000|100|GVL|1|147|327
PAPH|5|23|5000|100|GVL|1|70|250
PAPK|09W|27W|15000|2000|WATER|0|90|270
PAPK|2|20|3000|60|GVL|1|31|211
PAPM|13|31|3304|50|GVL|0|154|334
PAPM|9|27|1924|50|GVL|0|108|288
PAPN|7|25|3280|75|GRVL-G|0|90|270
PAPO|1|19|4000|75|ASPH-F|0|22|202
PAPR|1|19|4968|150|GRVL-G|0|32|212
PAQH|12|30|4000|75|GRVL|0|134|314
PAQT|4|22|4343|90|GVL|1|70|250
PARC|2|20|4500|75|GVL|1|45|225
PARS|17|35|3600|100|GRAVEL-G|0|188|8
PARS|18W|36W|3000|500|WATER|0|180|360
PARY|3|21|4000|100|GVL|1|51|231
PASA|5|23|4400|100|GVL|1|60|240
PASC|5|23|6500|150|ASPH-G|0|75|255
PASD|13|31|4000|150|ASP|1|149|329
PASH|5|23|5000|70|ASP|1|63|243
PASI|11|29|7200|150|ASP|1|136|316
PASK|4|22|3002|60|GRAVEL-G|0|53|233
PASK|9|27|2659|60|GVL|1|106|286
PASL|14|32|3100|60|GRAVEL-G|0|167|347
PASM|17|35|6003|150|GVL|1|182|2
PASM|6|24|1900|60|GVL|1|77|257
PASN|18|36|6500|150|ASP|1|190|10
PASO|16|34|1845|60|GRVL-G|0|160|340
PASP|5|23|2270|10|GRVL-DIRT-P|0|50|230
PAST|3|21|3840|80|GRAVEL-P|0|30|210
PASV|16|34|4100|150|GVL|1|182|2
PASW|9|27|3400|75|GRAVEL-G|0|90|270
PASX|7|25|5000|132|ASP|1|90|270
PASY|10|28|10000|150|ASP|1|107|287
PATA|7|25|4400|150|GRVL-P|0|89|269
PATC|16|34|4700|100|GRVL|0|175|355
PATE|7|25|3000|60|GRVL-G|0|89|269
PATG|10|28|1200|49|GVL|0|111|291
PATG|3|21|4400|98|GVL|1|46|226
PATK|1|19|3500|75|Asphalt|1|207|27
PATL|16|34|3800|150|GVL|1|179|359
PATQ|6|24|4370|90|GVL|1|81|261
PATW|4|22|2080|30|GRVL-DIRT-F|0|40|220
PAUK|18|36|2200|55|GRVL-DIRT-G|0|180|360
PAUM|6|24|5583|100|GRVL-P|0|83|263
PAUN|15|33|5900|150|ASPH|1|164|344
PAUN|9|27|1900|75|ASPH|1|98|278
PAUO|13|31|4400|75|GRAVEL-G|0|154|334
PAUT|9|27|4500|75|ASP|1|99|279
PAVA|18W|36W|2000|400|WATER-E|0|180|360
PAVA|2|20|3200|75|GRVL-G|0|33|213
PAVC|7|25|3500|100|GRVL-G|0|88|268
PAVD|6|24|6508|150|ASP|1|81|261
PAVE|4|22|4000|75|GRVL-DIRT-E|0|62|242
PAVL|12|30|3000|60|GVL|1|137|317
PAWB|5|23|3954|75|GRVL-F|0|73|253
PAWD|13|31|4240|100|ASPH-G|1|144|324
PAWD|16|34|2279|75|ASPH-G|0|174|354
PAWG|10|28|5999|150|ASP|1|121|301
PAWI|5|23|4494|90|GVL|1|67|247
PAWM|15|33|3000|60|GRVL-G|0|164|344
PAWN|1|19|4000|60|GRAVEL-G|0|22|202
PAWR|3|21|1480|58|GRAVEL-F|0|30|210
PAWS|03S|21S|1690|60|TURF-GRVL-G|0|56|236
PAWS|3|21|3700|75|ASP|1|56|236
PAWT|3|21|3000|100|GVL|1|69|249
PAXK|13|31|1800|13|GRVL-DIRT-P|0|130|310
PAYA|11|29|7745|150|ASPH-G|0|135|315
PAYA|2|20|6475|150|CONC-F|0|45|225
PFAK|3|21|3196|75|GRVL-G|0|47|227
PFAL|5|23|4000|100|GRVL-G|0|73|253
PFCB|15|33|3000|75|GRAVEL-G|0|150|330
PFCL|18|36|3200|60|GRVL|0|180|360
PFEL|1|19|3401|60|GRVL-G|0|10|190
PFKA|17|35|3000|60|GRVL-G|0|170|350
PFKK|6|24|3300|75|GRVL-G|0|81|261
PFKO|2|20|4422|100|GRVL|0|32|212
PFKT|11|29|2990|100|GRVL-E|0|130|310
PFKT|4|22|2110|75|GRVL-G|0|55|235
PFKU|6|24|4000|75|GRVL-DIRT-G|0|78|258
PFKW|18|36|3198|75|GRVL-G|0|180|360
PFNO|6|24|4000|100|GRVL-E|0|75|255
PFSH|14|32|4001|75|GRVL-G|0|140|320
PFTO|7|25|2509|50|ASPH-P|0|99|279
PFWS|12|30|3314|60|GRVL-DIRT-F|0|120|300
PFWS|4|22|2264|60|GRVL-F|0|40|220
PFYU|4|22|5810|150|GRVL-G|0|60|240
PGRO|9|27|6000|150|ASP|1|92|272
PGSN|7|25|8700|200|ASP|1|68|248
PGUA|06L|24R|10558|200|PEM|1|66|246
PGUA|06R|24L|11185|200|PEM|1|66|246
PGUM|06L|24R|12015|150|asphalt|1|65|245
PGUM|06R|24L|10014|150|asphalt|1|65|245
PGWT|8|26|8600|150|PEM|1|79|259
PHBK|16|34|6006|146|ASP|1|170|350
PHDH|8|26|9007|75|ASP|0|91|271
PHHF|6|24|3000|200|CORAL|0|72|252
PHHI|6|24|5604|295|ASP|1|67|247
PHHN|8|26|3606|100|ASP|1|90|270
PHJH|2|20|3000|100|ASP|0|28|208
PHJR|04L|22R|4500|200|ASP|1|55|235
PHJR|04R|22L|8000|200|ASP|1|55|235
PHJR|11|29|6000|200|ASP|1|118|298
PHKO|17|35|11000|150|ASP|1|185|5
PHLI|17|35|6500|150|ASP|1|180|0
PHLI|3|21|6500|150|ASP|1|45|225
PHLU|5|23|2700|75|ASPH-G|0|61|241
PHMK|17|35|3118|100|ASP|1|180|0
PHMK|5|23|4494|100|ASP|1|60|240
PHMU|4|22|5197|100|ASP|1|52|232
PHNG|4|22|7771|200|ASP|1|52|232
PHNL|04L|22R|6952|150|ASPH-G|0|53|233
PHNL|04R|22L|9000|150|ASPH-G|0|53|233
PHNL|04W|22W|3000|150|WATER|0|51|231
PHNL|08L|26R|12300|150|ASPH-G|0|90|270
PHNL|08R|26L|12000|200|ASPH-G|0|90|270
PHNL|08W|26W|5000|300|WATER|0|91|271
PHNY|3|21|5001|150|ASP|1|44|224
PHOG|2|20|6995|150|ASP|1|35|215
PHOG|5|23|4990|150|ASP|1|56|236
PHPA|9|27|2450|60|ASPH-G|0|100|280
PHSF|9|27|3695|90|ASP|1|101|281
PHTO|3|21|5600|150|ASP|1|41|221
PHTO|8|26|9800|150|ASP|1|90|270
PHUP|7|25|3800|75|ASP|1|76|256
PKMA|6|24|7700|148|ASP|0|62|242
PKMJ|7|25|7897|150|ASP|1|76|256
PKRO|4|22|4499|150|ASP|1|48|228
PKWA|6|24|6668|198|ASP|1|73|253
PLCH|8|26|6900|98|ASP|1|90|270
PMDY|6|24|7904|200|ASP|1|69|249
PPIZ|5|23|3519|80|GVL|1|69|249
PTKK|4|22|6006|150|ASP|1|46|226
PTPN|9|27|6600|150|ASP|1|90|270
PTRO|9|27|7200|150|ASP|1|91|271
PTSA|5|23|5750|150|ASP|1|56|236
PTYA|7|25|6000|150|ASP|1|72|252
PWAK|10|28|9843|150|ASP|1|95|275
RCAY|18L|36R|7435|145|ASP|1|181|1
RCAY|18R|36L|8019|145|CON|1|181|1
RCAY|18|36|0|0|UNK|0|180|360
RCBS|6|24|9865|148|ASP|1|64|244
RCDC|9|27|7828|148|PEM|1|88|268
RCFG|3|21|5180|98|CON|1|26|206
RCFN|4|22|7999|148|PEM|1|39|219
RCGI|17|35|3255|75|ASP|0|164|344
RCKH|9|27|10335|197|CON|1|92|272
RCKU|18L|36R|5307|74|ASP|0|179|359
RCKU|18R|36L|10007|148|CON|1|180|0
RCKU|18|36|0|0|UNK|0|180|360
RCKW|14|32|5577|98|CON|1|139|319
RCLM|11|29|5085|0|CON|0|110|290
RCLY|13|31|3852|79|CON|0|130|310
RCMQ|18|36|12000|148|CON|1|176|356
RCMT|3|21|3773|98|CON|1|27|207
RCNN|18L|36R|10007|148|CON|1|179|359
RCNN|18R|36L|10007|148|CON|1|179|359
RCPO|5|23|11955|148|PEM|1|45|225
RCQC|2|20|9843|148|CON|1|18|198
RCQS|4|22|11055|147|CON|1|35|215
RCSP|7|25|3935|0||0|70|250
RCSQ|8|26|8012|148|CON|1|78|258
RCSS|10|28|8547|197|ASP|1|92|272
RCTP|05L|23R|12008|197|CON|1|49|229
RCTP|05R|23L|10991|197|CON|1|49|229
RCWA|2|20|3051|76|CON|1|21|201
RCYU|03L|21R|9022|148|PEM|1|26|206
RCYU|03R|21L|9005|75|ASP|0|26|206
RCYU|3|21|9022|148|PEM|0|26|206
RJAA|16L|34R|8202|196|ASP|1|150|330
RJAA|16R|34L|13123|196|ASP|1|150|330
RJAF|18|36|6560|150|ASP|1|171|351
RJAH|3|21|8860|150|CON|1|20|200
RJAM|5|23|4500|145|ASP|1|46|226
RJAN|11|29|2625|0|UNK|0|110|290
RJAW|7|25|8700|200|ASP|1|68|248
RJAZ|11|29|2625|0|UNK|0|110|290
RJBB|06L|24R|13123|196|ASP|1|51|231
RJBB|06R|24L|11483|196|ASP|1|51|231
RJBD|15|33|6560|148|ASP|1|141|321
RJBE|9|27|8202|200|ASP|1|85|265
RJBK|9|27|4327|100|ASP|1|86|266
RJBT|1|19|3937|98|ASP|1|3|183
RJCA|8|26|2624|164|GRS|0|73|253
RJCB|17|35|8202|150|ASP|1|159|339
RJCC|01L|19R|9840|200|ASP|1|353|173
RJCC|01R|19L|9840|200|ASP|1|353|173
RJCH|12|30|9842|150|ASP|1|108|288
RJCJ|18L|36R|13124|200|CON|1|173|353
RJCJ|18R|36L|8860|148|ASP|1|172|352
RJCK|17|35|8202|150|ASP|1|159|339
RJCM|18|36|8202|150|ASP|1|175|355
RJCN|8|26|6560|150|ASP|1|71|251
RJCO|14|32|4920|148|ASP|1|135|315
RJCR|14|32|2625|0|Asphalt|0|140|320
RJCT|13L|31R|1308|75|GRE|0|124|304
RJCT|13|31|4920|150|ASP|1|123|303
RJCW|8|26|6560|150|ASP|1|69|249
RJDA|13|31|3281|99|ASP|1|124|304
RJDB|2|20|4331|100|ASP|1|9|189
RJDC|7|25|8200|150|ASP|1|62|242
RJDK|17|35|2625|0|UNK|0|170|350
RJDO|3|21|2625|0|UNK|0|30|210
RJDT|14|32|6234|150|ASP|1|136|316
RJEB|14|32|6562|148|ASP|1|132|312
RJEC|16|34|8200|200|ASP|1|154|334
RJEO|13|31|4922|147|ASP|1|121|301
RJER|7|25|5906|148|ASP|1|57|237
RJFA|12|30|5380|150|ASP|1|116|296
RJFC|14|32|4921|148|ASP|1|134|314
RJFE|3|21|6561|150|ASP|1|26|206
RJFF|16L|34R|9186|197|ASP|1|150|330
RJFF|16R|34L|8202|197|ASPH|1|160|340
RJFG|13|31|6544|147|ASP|1|123|303
RJFK|16|34|9840|150|ASP|1|150|330
RJFM|9|27|8200|150|ASP|1|85|265
RJFN|10|28|8860|150|CON|1|102|282
RJFO|1|19|9840|150|ASP|1|0|180
RJFR|18|36|8202|197|ASP|1|170|350
RJFS|11|29|6562|148|ASP|1|99|279
RJFT|7|25|9840|150|ASP|1|65|245
RJFU|14|32|9840|200|ASP|1|138|318
RJFY|08L|26R|3937|131|CON|0|79|259
RJFY|08R|26L|7382|148|CON|1|79|259
RJFZ|7|25|7870|150|CON|1|70|250
RJGG|18|36|11483|197|PEM|1|169|349
RJKA|3|21|6560|150|ASP|1|26|206
RJKB|4|22|4430|147|ASP|1|34|214
RJKI|7|25|4307|98|ASP|1|66|246
RJKN|1|19|6561|150|ASP|1|6|186
RJNA|16|34|8990|150|ASP|1|152|332
RJNF|18|36|4329|100|ASP|1|176|356
RJNG|10|28|8860|150|CON|1|92|272
RJNH|9|27|8366|148|CON|1|91|271
RJNK|06T|24T|8876|148|ASP|1|56|236
RJNO|7|25|0|0|UNK|0|70|250
RJNO|8|26|6531|148|ASP|1|60|240
RJNS|12|30|7218|0|asphalt concrete|0|120|300
RJNT|2|20|6562|150|ASP|1|14|194
RJNW|7|25|6562|148|ASP|1|67|247
RJNY|9|27|4920|150|ASP|1|87|267
RJOA|10|28|9842|200|ASP|1|90|270
RJOB|7|25|9843|150|ASP|1|59|239
RJOC|7|25|6562|148|ASP|1|59|239
RJOF|12|30|4856|148|CON|1|109|289
RJOF|1|19|3871|197|ASP|1|359|179
RJOH|7|25|8202|98|ASP|1|64|244
RJOI|02R|20L|1200|150|CON|0|9|189
RJOI|2|20|8000|150|CON|1|9|189
RJOK|14|32|8203|148|ASP|1|131|311
RJOM|14|32|8200|150|ASP|1|130|310
RJOO|14L|32R|5997|150|ASP|1|135|315
RJOO|14R|32L|9840|200|CON|1|135|315
RJOR|10|28|6562|150|ASP|1|94|274
RJOS|11|29|6560|150|ASP|1|102|282
RJOT|8|26|8200|200|ASP|1|73|253
RJOW|11|29|6562|148|ASP|1|105|285
RJOY|13|31|3940|100|ASP|0|127|307
RJOY|9|27|4890|150|ASP|1|87|267
RJOZ|12|30|2950|150|PEM|1|114|294
RJOZ|17|35|3940|200|ASP|1|160|340
RJSA|6|24|9846|200|ASP|1|52|232
RJSC|1|19|6560|150|ASP|1|7|187
RJSD|10|28|3390|85|ASP|1|96|276
RJSF|1|19|8202|197|ASP|1|2|182
RJSH|12|30|1180|50|ASP|0|109|289
RJSH|6|24|2548|45|ASP|0|48|228
RJSH|7|25|7380|148|ASP|1|64|244
RJSI|2|20|8202|148|ASP|1|11|191
RJSK|10|28|8200|200|ASP|1|97|277
RJSM|10|28|10000|150|ASP|1|95|275
RJSN|10|28|8200|150|ASP|1|93|273
RJSN|4|22|4300|150|ASP|1|32|212
RJSR|11|29|6562|148|ASP|1|100|280
RJSS|12|30|3940|150|ASP|1|118|298
RJSS|9|27|9842|150|ASP|1|82|262
RJST|15|33|4920|150|CON|0|140|320
RJST|7|25|8860|150|CON|1|58|238
RJSY|9|27|6560|150|ASP|1|79|259
RJTA|1|19|8000|150|CON|1|359|179
RJTC|1|19|2953|0|UNK|0|10|190
RJTE|9|27|984|148|CON|1|85|265
RJTF|17|35|2625|0|asphalt|0|170|350
RJTH|8|26|6563|148|ASP|1|70|250
RJTJ|17|35|6562|148|ASP|1|160|340
RJTK|2|20|6004|150|ASP|1|15|195
RJTL|1|19|7380|150|CON|1|359|179
RJTO|3|21|5905|150|ASP|1|20|200
RJTQ|2|20|4350|100|ASP|1|17|197
RJTR|2|20|1910|52|ASP|1|9|189
RJTT|16L|34R|11024|200|ASP|1|150|330
RJTT|16R|34L|9843|200|ASP|1|150|330
RJTT|4|22|8200|200|ASP|1|35|215
RJTT|5|23|8200|200|ASP|1|57|223
RJTU|1|19|5570|150|CON|0|4|184
RJTY|18|36|11000|200|CON|1|170|350
RKJB|1|19|9186|0|concrete|1|14|194
RKJJ|04L|22R|9300|150|CON|1|32|212
RKJJ|04R|22L|9300|150|CON|1|30|210
RKJK|18|36|9000|150|CON|1|169|349
RKJU|7|25|4800|100|ASP|0|69|249
RKJY|17|35|6890|148|ASP|1|158|338
RKNN|8|26|9000|150|CON|1|68|248
RKNW|3|21|9000|150|CON|1|26|206
RKNY|15|33|8202|148|CON|1|141|321
RKPC|13|31|6268|148|ASP|1|126|306
RKPC|7|25|10433|148|ASP|1|58|238
RKPD|15|33|4974|80|ASP|0|142|322
RKPD|1|19|7589|149|ASP|1|0|180
RKPK|18L|36R|9007|150|ASP|1|174|354
RKPK|18R|36L|10499|197|CON|1|174|354
RKPS|06L|24R|9000|150|CON|1|55|235
RKPS|06R|24L|9000|150|CON|1|56|236
RKPU|18|36|6561|148|ASP|1|176|356
RKSG|14|32|8217|150|ASP|1|132|312
RKSI|15L|33R|12303|197|ASPH|1|145|325
RKSI|15R|33L|12303|197|ASPH|1|145|325
RKSI|16L|34R|13123|197|ASPH|1|145|325
RKSI|16R|34L|12303|197|ASPH|1|145|325
RKSM|1|19|9000|150|CON|1|359|179
RKSM|2|20|9700|150|CON|1|8|188
RKSO|09L|27R|9004|150|CON|1|84|264
RKSO|09R|27L|9004|150|CON|1|84|264
RKSS|14L|32R|11811|148|ASP|1|135|315
RKSS|14R|32L|10499|197|ASP|1|135|315
RKSW|15L|33R|9000|150|ASP|1|142|322
RKSW|15R|33L|9000|150|ASP|1|142|322
RKSW|16|34|7535|143|ASP|0|158|338
RKTA|16|34|3871|82||0|158|338
RKTE|16|34|4000|120|CON|1|157|337
RKTH|10|28|7000|150|CON|1|89|269
RKTI|18L|36R|9021|200|CON|1|176|356
RKTI|18R|36L|9330|120|CON|1|176|356
RKTN|13L|31R|9000|150|CON|1|124|304
RKTN|13R|31L|9039|150|CON|1|124|304
RKTP|03L|21R|9000|150|CON|1|25|205
RKTP|03R|21L|9000|150|CON|1|25|205
RKTU|06L|24R|9000|200|CON|1|52|232
RKTU|06R|24L|9000|150|CON|1|52|232
RKTY|10|28|9000|150|CON|1|89|269
ROAH|18L|36R|9840|150|ASP|1|177|357
ROAH|18R|36L|8858|197|ASPH|0|177|357
RODE|4|22|4780|150|COR|0|42|222
RODE|5|23|1200|180|PSP|0|43|223
RODN|05L|23R|12100|300|ASP|1|51|231
RODN|05R|23L|12100|200|CON|1|51|231
ROIG|4|22|6562|148|CON|1|40|220
ROKJ|3|21|6562|148|ASP|1|21|201
ROKR|2|20|2625|82|ASPH-CONC|0|20|200
ROMD|2|20|4921|148|ASP|1|16|196
ROMY|4|22|6560|150|ASP|1|38|218
RORA|1|19|2625|0|UNK|0|10|190
RORE|4|22|4920|150|ASP|0|39|219
RORH|2|20|2625|0|UNK|0|20|200
RORK|3|21|4921|148|ASP|1|29|209
RORS|17|35|9842|200|ASP|1|166|346
RORT|18|36|4921|148|ASP|1|172|352
RORY|14|32|4340|100|ASP|1|138|318
ROTM|6|24|9000|150|ASP|1|55|235
ROYN|8|26|4920|150|ASP|1|75|255
RPLA|1|19|3937|98|CON|0|6|186
RPLB|7|25|9003|148|ASP|1|67|247
RPLC|02R|20L|10499|197|CON|1|21|201
RPLH|4|22|6900|148|Concrete|1|40|220
RPLI|1|19|9120|148|CON|1|5|185
RPLJ|5|23|3400|200|unpaved|0|53|233
RPLL|13|31|7408|148|CON|1|135|315
RPLL|6|24|12261|197|CON|1|60|240
RPLN|2|20|3280|0|Macadam|0|20|200
RPLS|7|25|7769|150|ASP|0|68|248
RPLT|18|36|2628|0|CON|0|180|360
RPLU|7|25|4135|100|ASP|0|65|245
RPLV|5|23|5249|78|ASP|0|49|229
RPMA|16|34|4396|59|ASP|0|155|335
RPMB|1|19|5577|98|ASP|0|15|195
RPMC|10|28|6234|148|ASP|1|104|284
RPMD|5|23|9842|148|ASP|1|49|229
RPME|12|30|6877|148|CON|1|117|297
RPMF|5|23|3937|98|CON|0|52|232
RPMG|2|20|6273|98|CON|1|18|198
RPMH|7|25|3945|98|ASP|0|71|251
RPMI|2|20|4593|60|CON|0|20|200
RPMJ|9|27|4144|98|ASP|0|89|269
RPML|1|19|8050|118|ASP|1|13|193
RPMN|2|20|6102|98|PEM|0|18|198
RPMO|3|21|5720|148|PEM|0|33|213
RPMP|2|20|6574|147|ASP|0|17|197
RPMQ|14|32|5330|105|CON|0|139|319
RPMR|17|35|10587|148|CON|1|173|353
RPMS|18|36|5603|98|CON|1|172|352
RPMW|3|21|4765|98|CON|0|26|206
RPMY|9|27|6890|148|Concrete|1|86|266
RPMZ|9|27|8560|144|ASP|1|94|274
RPNS|1|19|4167|98|CON|0|10|190
RPSB|16|34|3529|58|concrete|0|160|340
RPSM|16|34|3642|98|CON|0|165|345
RPSP|3|21|8202|0|Asphalt|0|30|210
RPSV|4|22|5915|0|CON|0|40|220
RPUA|13|31|0|0||0|130|310
RPUB|9|27|5912|115|CON|1|88|268
RPUD|6|24|3773|98|ASP|0|58|238
RPUF|3|21|8433|140|ASP|1|27|207
RPUG|8|26|3422|98|ASP|0|74|254
RPUH|10|28|6024|98|CON|1|105|285
RPUI|14|32|2970|99|Paved|0|14|32
RPUM|16|34|4265|98|ASP|1|165|345
RPUN|4|22|4599|98|CON|1|45|225
RPUO|6|24|4101|98|ASP|0|55|235
RPUQ|2|20|3890|90|ASP|0|15|195
RPUR|5|23|3937|98|ASP|0|50|230
RPUS|1|19|3937|98|CON|0|5|185
RPUT|17|35|6455|98|CON|1|172|352
RPUV|6|24|5118|98|CON|1|60|240
RPUW|16|34|4785|95|ASP|1|162|342
RPUX|17|35|2953|30|Paved|0|170|350
RPUY|12|30|6890|118|CON|1|126|306
RPUZ|9|27|3937|95|COP|0|89|269
RPVA|18|36|7014|148|ASP|1|184|4
RPVB|3|21|6562|148|CON|1|30|210
RPVC|17|35|4843|98|CON|1|166|346
RPVD|9|27|6220|118|ASP|1|93|273
RPVE|6|24|5905|98|CON|0|64|244
RPVF|4|22|4429|98|CON|0|44|224
RPVG|7|25|7919|148|ASP|0|66|246
RPVI|2|20|8202|148|ASP|1|24|204
RPVJ|4|22|4199|98|ASP/CON|0|38|218
RPVK|5|23|7175|148|CON|1|49|229
RPVM|4|22|10827|148|ASP|1|45|225
RPVO|18|36|6120|118|CON|0|184|4
RPVP|9|27|8530|148|CON|1|92|272
RPVR|14|32|6201|148|CON|1|145|325
RPVS|18|36|3937|98|PEM|0|180|0
RPVU|3|21|4560|98|PEM|0|25|205
RPVV|8|26|3300|98|COP|0|84|264
RPVW|2|20|3935|95|CON|0|21|201
SAAC|4|22|5249|98|ASP|1|28|208
SAAG|1|19|4364|98|ASP|1|1|181
SAAG|3|21|0|0|UNK|0|30|210
SAAN|13|31|2854|75|GRE|0|133|313
SAAN|4|22|3937|98|ASP|1|44|224
SAAP|1|19|6890|148|ASP|1|8|188
SAAR|2|20|9842|148|CON|1|10|190
SAAU|18|36|3904|98|GRE|0|180|360
SAAV|3|21|7628|98|ASP|1|24|204
SABE|13|31|7710|148|CON|1|124|304
SACA|16|34|4232|98|ASP|1|159|339
SACD|5|23|3806|164|GRE|0|50|230
SACO|1|19|10499|148|CON|1|358|178
SACO|5|23|7218|148|ASP|1|43|223
SACV|3|21|3609|98|GRE|0|30|210
SADF|5|23|5909|98|ASP|1|44|224
SADL|2|20|4682|148|ASP|1|14|194
SADM|2|20|9350|131|ASP|0|13|193
SADO|18|36|5905|98|ASP|1|177|357
SADP|17|35|6923|147|CON|1|165|345
SADQ|18|36|3281|98|GRE|0|180|360
SADZ|17|35|3396|164|GRE|0|170|350
SADZ|9|27|2133|75|GRE|0|90|270
SAEL|1|19|3281|98|GRE|0|10|190
SAEL|9|27|3609|98|GRE|0|90|270
SAEZ|11|29|10827|197|ASP|1|102|282
SAEZ|17|35|10187|148|ASP|1|164|344
SAHC|12|30|4921|98|ASP|0|125|305
SAHR|9|27|7073|148|ASP|1|94|274
SAHZ|9|27|7218|131|ASP|0|98|278
SAMA|17|35|4921|98|GRE|0|170|350
SAME|18|36|9301|177|CON|1|181|1
SAMM|14|32|8694|98|ASP|1|144|324
SAMM|9|27|4757|66|ASP|1|96|276
SAMR|11|29|6923|98|ASP|1|108|288
SANC|2|20|9186|98|ASP|1|18|198
SANE|3|21|7946|148|ASP|0|28|208
SANL|3|21|9383|98|ASP|1|28|208
SANO|17|35|6890|112|ASP|0|173|353
SANR|1|19|8232|98|ASPHALT|0|8|188
SANT|2|20|11483|148|CON|1|10|190
SANU|18|36|8071|148|ASP|1|180|0
SANW|5|23|4429|148|GRE|0|50|230
SAOC|18|36|6808|131|ASP|0|180|360
SAOC|5|23|7431|148|ASP|0|178|358
SAOD|17|35|4593|75|ASP|1|176|356
SAOL|16|34|8769|95|ASP|0|155|335
SAOM|7|25|3937|98|ASP|1|69|249
SAOR|10|28|7874|148|ASP|1|101|281
SAOR|6|24|7874|164|ASP|1|58|238
SAOS|2|20|8366|148|CON|1|14|194
SAOU|19|1|9678|98|ASP|1|187|7
SARC|2|20|6890|148|CON|1|8|188
SARE|3|21|9088|148|ASP|1|21|201
SARF|4|22|5905|131|ASP|1|25|205
SARI|13|31|10827|148|ASP|1|115|295
SARL|18|36|7415|148|ASP|1|171|351
SARM|18L|36R|4323|98|GRE|0|173|353
SARM|18|36|4068|98|GRE|0|173|353
SARP|2|20|7388|98|ASP|1|359|179
SARS|3|21|5905|108|Concrete|1|30|210
SASA|2|20|9842|148|ASP|1|11|191
SASA|6|24|7874|98|ASP|1|52|232
SASJ|16|34|9698|131|ASP|1|149|329
SASO|1|19|4839|98|ASP|1|10|190
SASQ|16|34|8858|98|ASP|0|154|334
SAST|2|20|4921|98|ASP|0|7|187
SATC|1|19|3937|98|GRE|0|10|190
SATD|1|19|4695|98|ASP|0|357|177
SATG|4|22|7415|148|ASP|1|38|218
SATM|3|21|5909|98|ASP|0|30|210
SATO|17|35|5905|98|ASP|0|161|341
SATR|10|28|9186|164|CON|1|90|270
SATR|2|20|4101|112|CON|1|7|187
SATU|1|19|7054|98|ASP|1|1|181
SAVB|18|36|4265|98|ASP|0|189|9
SAVC|7|25|9219|164|CON|1|79|259
SAVE|5|23|7874|131|ASP|1|57|237
SAVE|8|26|3937|98|GRE|0|90|270
SAVH|9|27|4593|56|ASP|1|95|275
SAVN|12|30|5905|98|ASP|0|125|305
SAVQ|6|24|3773|98|GRE|0|60|240
SAVR|8|26|4593|131|GRE|0|80|260
SAVT|6|24|8399|148|CON|1|69|249
SAVV|10|28|8366|148|ASP|1|106|286
SAVV|2|20|4954|148|ASP|0|26|206
SAVY|5|23|8202|148|ASP|1|58|238
SAWB|6|24|4134|115|GRE|0|72|252
SAWC|7|25|8366|148|CON|1|85|265
SAWD|6|24|4921|98|ASP|1|65|245
SAWE|7|25|6562|131|ASP|1|88|268
SAWG|7|25|11644|148|CON|1|86|266
SAWH|7|25|9186|148|CON|1|86|266
SAWJ|7|25|6562|131|CON|1|79|259
SAWM|9|27|4921|98|GRE|0|90|270
SAWP|10|28|5577|98|ASP|1|112|292
SAWP|11|29|4405|100|GRE|0|127|307
SAWP|7|25|2790|130|GRE|0|87|267
SAWR|9|27|4921|98|GRE|0|90|270
SAWS|6|24|3937|98|GRE|0|60|240
SAWS|9|27|4921|98|GRE|0|90|270
SAWT|6|24|6340|100|ASP|0|71|251
SAWU|7|25|6561|98|ASP|1|78|258
SAZA|17|35|4593|98|GRASS|0|170|350
SAZA|9|27|1968|98|GRASS|0|90|270
SAZB|16L|34R|8579|197|ASP|1|164|344
SAZB|16R|34L|4915|98|ASP|0|164|344
SAZB|6|24|6660|108|ASP|1|61|241
SAZD|19|1|3799|98|GRE|0|190|10
SAZD|5|23|2821|98|GRE|0|50|230
SAZE|18|36|4856|98|GRE|0|180|360
SAZE|4|22|3642|98|GRE|0|40|220
SAZF|13|31|3478|148|GRE|0|125|305
SAZF|4|22|7218|148|ASP|1|42|222
SAZG|16|34|7710|148|ASP|1|160|340
SAZG|3|21|2789|164|GRE|0|32|212
SAZH|14|32|2953|75|GRE|0|134|314
SAZH|18|36|3934|98|ASP|0|175|355
SAZH|4|22|2461|75|GRE|0|43|223
SAZI|14|32|3689|85|GRE|0|134|314
SAZI|2|20|3937|98|ASP|1|15|195
SAZJ|18|36|3478|98|GRE|0|180|360
SAZJ|8|26|3379|98|GRE|0|80|260
SAZL|17|35|4921|98|ASP|1|170|350
SAZM|13|31|7218|148|ASP|1|123|303
SAZN|9|27|8432|148|ASP|1|90|270
SAZO|13|31|2621|59|GRE|0|130|310
SAZO|17|35|3609|98|GRE|0|175|355
SAZO|18|36|4921|98|ASP|1|183|3
SAZP|18|36|4921|98|ASP|1|180|0
SAZQ|11|29|2231|98|GRE|0|110|290
SAZQ|5|23|4528|98|GRE|0|50|230
SAZR|1|19|7546|98|ASP|1|11|191
SAZS|11|29|7703|157|ASP|1|115|295
SAZT|1|19|8366|157|CON|1|5|185
SAZV|11|29|5220|92|ASP|1|102|282
SAZW|3|21|4052|98|ASP|0|39|219
SAZW|7|25|5558|98|ASP|1|83|263
SAZX|13|31|3934|98|GRE|0|130|310
SAZX|18|36|2621|98|GRE|0|180|360
SAZY|6|24|8205|148|ASP|0|68|248
SBAA|8|26|5906|98|ASP|0|80|260
SBAC|9|27|3937|98|ASP|0|90|270
SBAE|17|35|6594|148|ASP|0|191|11
SBAF|8|26|6565|171|CON|0|80|260
SBAN|06L|24R|10827|148|ASP|0|60|240
SBAN|06R|24L|7326|72|ASP|0|60|240
SBAQ|17|35|5907|99|ASP|1|186|6
SBAR|12|30|7218|148|ASP|0|120|300
SBAT|3|21|8202|98|ASP|0|30|210
SBAU|5|23|6955|115|ASP|0|50|230
SBAX|16|34|6234|98|ASP|1|160|340
SBBE|3|21|6004|148|ASP|0|5|185
SBBE|7|25|9186|148|ASP|0|46|226
SBBG|14|32|3770|148|GRS|0|140|320
SBBG|6|24|4921|98|CON|1|46|226
SBBH|13|31|8333|148|ASP|1|130|310
SBBI|18|36|4560|98|ASP|1|155|335
SBBP|16|34|3997|98|ASP|0|160|340
SBBQ|18|36|5774|98|ASP|0|180|360
SBBR|11L|29R|10499|148|ASP|1|86|266
SBBR|11R|29L|10827|148|ASP|1|86|266
SBBU|14|32|4921|115|ASP|1|123|303
SBBV|8|26|8858|148|ASP|0|80|260
SBBW|7|25|5243|98|ASP|0|70|250
SBCA|15|33|5810|148|ASP|0|150|330
SBCB|10|28|8366|148|ASP|0|100|280
SBCC|12|30|8527|148|ASP|0|120|300
SBCD|2|20|5331|98|ASP|0|20|200
SBCF|16|34|11811|148|ASP|1|139|319
SBCG|6|24|8530|148|CON|0|60|240
SBCG|H06||74|74|CON|1|-1|-1
SBCH|11|29|6758|148|ASP|1|110|290
SBCI|11|29|5906|148|ASP|0|110|290
SBCJ|10|28|6562|148|ASP|0|83|263
SBCN|9|27|6890|98|ASP|0|90|270
SBCO|13|31|9026|148|ASP|1|130|310
SBCP|7|25|5066|148|ASPH|1|70|250
SBCR|9|27|4921|148|ASP|0|90|270
SBCT|11|29|5899|148|ASP|0|110|290
SBCT|15|33|7277|148|ASP|1|136|314
SBCX|15|33|5479|98|ASP|0|134|314
SBCY|17|35|7546|148|ASP|1|153|333
SBCZ|10|28|7874|148|ASP|0|100|280
SBDB|18|36|6562|98|ASP|0|180|360
SBDN|12|30|6923|115|ASP|0|137|317
SBDO|6|24|6398|98|ASP|1|60|240
SBEG|11|29|8858|148|ASPH 71/F/C/X/T|1|106|286
SBEK|8|26|5249|98|ASP|0|80|260
SBES|7|25|5906|92|CON|0|70|250
SBFI|15|33|7201|148|ASP|0|130|311
SBFL|14|32|7546|148|ASP|1|159|339
SBFL|3|21|4331|148|CON|0|12|192
SBFN|12|30|6053|148|ASP|0|120|300
SBFS|13|31|144|141|CON|0|130|310
SBFZ|13|31|9039|148|ASPH|1|105|285
SBGL|10|28|13123|148|CON|1|74|254
SBGL|15|33|10433|154|ASP|1|125|305
SBGM|17|35|5889|148|ASP|0|170|350
SBGO|14|32|7500|148|ASP|0|120|300
SBGP|02L|20R|5906|98|ASPH|0|20|200
SBGP|02R|20L|9843|148|ASPH|0|20|200
SBGR|10L|28R|12139|148|ASP|1|74|254
SBGR|10R|28L|9843|148|ASP|1|74|254
SBGV|7|25|5581|98|ASPH|1|45|225
SBGW|2|20|5089|98|ASP|1|20|200
SBHT|7|25|6572|125|ASP|0|70|250
SBIC|14|32|4970|98|ASP|0|140|320
SBIH|5|23|5577|98|ASP|1|33|213
SBIL|11|29|5174|148|ASP|0|110|290
SBIP|5|23|6575|148|ASPH|1|31|211
SBIT|18|36|5741|98|ASP|0|180|360
SBIZ|7|25|5899|148|ASP|0|70|250
SBJA|5|23|8199|98|ASP|0|50|230
SBJD|18|36|4593|98|ASPH|1|157|337
SBJE|8|26|7218|148|ASPH|1|63|243
SBJF|3|21|5036|98|ASP|1|30|210
SBJH|12|30|8104|108|ASP|1|94|274
SBJI|3|21|5906|148|ASP|0|30|210
SBJP|16|34|8251|148|ASP|0|160|340
SBJR|3|21|2952|98|ASP|1|30|210
SBJU|13|31|6365|148|ASP|0|130|310
SBJV|15|33|5381|148|ASP|1|150|330
SBKG|15|33|5135|138|ASP|0|150|330
SBKP|15|33|10630|148|ASP|1|128|308
SBLE|14|32|6831|98|ASP|0|140|320
SBLJ|16|34|5020|98|ASP|0|160|340
SBLO|13|31|6890|148|ASP|1|112|292
SBLP|18|36|3973|98|ASP|0|180|360
SBLS|13|31|6037|98|ASP|0|130|310
SBMA|7|25|6562|148|ASP|0|50|230
SBMD|8|26|5906|98|ASP|0|80|260
SBME|6|24|3937|98|ASP|0|60|240
SBMG|10|28|7808|148|ASP|0|100|280
SBMK|12|30|6890|148|ASP|1|120|300
SBML|3|21|4921|115|ASP|0|30|210
SBMN|9|27|7119|148|ASP|0|90|270
SBMO|12|30|8537|148|ASP|0|100|280
SBMQ|8|26|6890|148|ASP|0|80|260
SBMS|5|23|6562|98|ASP|0|50|230
SBMT|12|30|5249|147|ASP|1|100|280
SBMY|5|23|4199|98|ASP|0|50|230
SBNF|8|26|5906|148|ASP|1|80|260
SBNM|12|30|5331|98|ASP|1|120|300
SBNT|12|30|5987|148|ASP|0|99|279
SBNT|16L|34R|8530|148|ASP|0|141|321
SBNT|16R|34L|5905|148|ASP|0|141|321
SBOI|3|21|3937|98|ASP|0|30|210
SBPA|11|29|10499|148|ASP|1|91|271
SBPB|9|27|6890|148|ASP|0|90|270
SBPC|9|27|4970|98|ASP|0|90|270
SBPF|9|27|5512|98|ASP|0|90|270
SBPG|8|26|4692|98|ASP|0|80|260
SBPJ|14|32|8202|148|ASP|1|140|320
SBPK|15|33|4035|125|Earth|0|150|330
SBPK|6|24|6496|138|CON|0|60|240
SBPL|13|31|9055|148|ASP|0|130|310
SBPO|7|25|5318|98|ASP|0|70|250
SBPP|4|22|6562|148|ASP|0|20|200
SBPS|10|28|6562|148|ASPH|1|74|254
SBPV|1|19|7874|148|ASP|1|10|190
SBRB|6|24|7080|148|ASP|1|60|240
SBRD|2|20|6070|98|ASP|1|20|200
SBRF|18|36|9865|148|ASP|0|162|342
SBRJ|02L|20R|4134|98|ASP|1|357|177
SBRJ|02R|20L|4341|138|ASP|1|357|177
SBRP|18|36|6890|148|ASP|0|160|340
SBSC|5|23|8986|148|ASP|0|50|230
SBSG|12|30|9843|197|ASP|1|99|279
SBSI|3|21|5348|98|ASP|0|30|210
SBSJ|16|34|8780|148|ASP|1|135|315
SBSL|6|24|7828|148|ASP|1|39|219
SBSL|9|27|4803|148|ASP|1|70|250
SBSM|11|29|8839|148|CON|1|110|290
SBSM|2|20|4638|98|ASP|1|20|200
SBSN|10|28|7874|148|ASP|0|100|280
SBSO|5|23|5577|0|ASP|0|50|230
SBSP|17L|35R|4905|148|ASP|1|147|327
SBSP|17R|35L|6365|148|ASP|1|147|327
SBSR|7|25|5381|115|ASP|0|51|251
SBST|17|35|4560|148|ASP|0|170|350
SBSV|10|28|9859|148|ASP|1|78|258
SBSV|17|35|4987|148|ASP|1|143|323
SBTA|8|26|6170|98|ASP|0|77|257
SBTB|9|27|5249|98|ASP|0|90|270
SBTC|2|20|6234|98|ASP|0|20|200
SBTD|2|20|5479|98|ASP|0|20|200
SBTE|2|20|7218|148|ASP|0|20|200
SBTF|15|33|7218|148|ASP|0|150|330
SBTG|7|25|6562|98|ASP|1|53|233
SBTK|14|32|3707|46|ASP|0|140|320
SBTS|10|28|6562|115|ASP|0|100|280
SBTT|12|30|7054|98|ASP|0|120|300
SBTU|2|20|6562|148|CON/ASP|0|20|200
SBTV|15|33|4921|98|ASP|1|127|307
SBUA|5|23|8530|148|ASP|0|50|230
SBUF|14|32|5906|148|ASP|0|140|320
SBUG|4|22|2625|164|GRS|0|40|220
SBUG|9|27|4921|98|ASP|0|90|270
SBUL|4|22|6398|148|ASP|0|40|220
SBUR|17|35|5771|148|ASP|0|170|350
SBUY|9|27|4331|98|ASP|0|90|270
SBVG|4|22|6890|98|ASP|0|21|301
SBVH|3|21|8530|98|ASP|0|30|210
SBVT|2|20|6752|148|ASPH|1|20|200
SBVT|6|24|5742|148|ASPH|1|60|240
SBYA|6|24|5249|98|ASP|0|60|240
SBYS|02C|20C|6923|148|ASP|0|2|182
SBYS|02L|20R|6916|148|ASP|0|2|182
SBYS|02R|20L|6916|148|ASP|0|2|182
SBZM|8|26|8284|148|ASP|0|80|260
SBZM|8|26|8284|148|ASP|1|80|260
SCAB|9|27|1673|56|GRASS|0|90|270
SCAC|17|35|3937|98|CON/PAD|0|170|350
SCAE|9|27|3937|98|ASP|0|90|270
SCAG|18|36|3281|59|GRV|0|180|360
SCAH|17|35|2460|46|GRV|0|170|350
SCAK|13|31|2133|82|GRASS|0|130|310
SCAL|11|29|1641|49|GRASS|0|110|290
SCAL|6|24|1641|49|GRASS|0|60|240
SCAM|12|30|2215|59|GRV/GRASS|0|120|300
SCAN|5|23|2467|59|ASP|0|50|230
SCAO|8|26|2690|59|GRASS|0|80|260
SCAP|7|25|2874|59|ASP|0|70|250
SCAQ|9|27|2756|66|GRASS|0|90|270
SCAR|2|20|7119|148|ASP|1|19|199
SCAS|7|25|4167|75|ASP|0|70|250
SCAT|17|35|7218|148|ASP|1|175|355
SCAY|3|21|2067|59|PAD|0|30|210
SCAZ|10|28|1641|49|GRASS|0|100|280
SCBA|9|27|8205|148|ASP|1|100|280
SCBB|1|19|2146|59|GRV/PAD|0|10|190
SCBC|11|29|1969|59|GRASS|0|110|290
SCBD|11|29|2461|59|GRV/GRASS|0|110|290
SCBE|14|31|5380|95|ASP|0|138|318
SCBI|8|26|2625|66|ASP|0|80|260
SCBL|12|30|1640|52|Dirt|0|120|300
SCBN|17|35|1969|59|GRASS|0|170|350
SCBQ|2|20|6024|131|CON|1|29|209
SCBR|7|25|2756|98|GRASS|0|70|250
SCBT|7|25|1322|49|GRASS|0|70|250
SCBV|18|36|2133|59|GRV/GRASS|0|180|360
SCCA|18|36|2858|59|ASP|0|180|360
SCCA|9|27|2297|66|GRV/GRASS|0|90|270
SCCB|1|19|2953|98|GRE|0|10|190
SCCC|12|30|3937|75|ASP|0|137|317
SCCF|10|28|9974|148|ASP|1|94|274
SCCG|10|28|1969|98|GRE|0|100|280
SCCH|4|22|5740|98|ASP|1|45|225
SCCI|12|30|7875|148|ASP|1|139|319
SCCI|1|19|5504|148|ASP|1|29|209
SCCI|7|25|9154|148|ASP|1|89|269
SCCK|6|24|1903|59|PAD|0|60|240
SCCL|11|29|3936|75|ASP|0|108|288
SCCM|8|26|2756|59|ASP|0|80|260
SCCN|18|36|2297|59|GRE|0|180|360
SCCQ|2|20|2461|59|GRE|0|20|200
SCCR|4|22|1969|59|PAD|0|40|220
SCCS|3|21|2297|59|GRASS|0|30|210
SCCT|6|24|2625|59|GRE|0|60|240
SCCU|18|36|4922|115|GRASS|0|180|360
SCCV|10|28|2625|59|ASP|0|100|280
SCCY|3|21|5072|98|ASP|0|46|226
SCDA|1|19|10991|148|ASP|1|6|186
SCDD|15|33|1936|49|GRE|0|150|330
SCDH|9|27|1641|49|GRE|0|90|270
SCDI|4|22|1969|59|GRE|0|40|220
SCDL|16|34|1476|49|GRE|0|160|340
SCDM|2|20|1870|59|GRE|0|20|200
SCDQ|14|32|3117|98|GRASS|0|140|320
SCDS|5|23|1641|52|GRE|0|50|230
SCDW|12|30|4905|92|ASP|0|138|318
SCDW|4|22|3937|98|ASP|0|52|232
SCEA|1|19|1641|49|GRE|0|10|190
SCEB|12|30|1969|59|PAD|0|120|300
SCED|1|19|2789|59|GRV|0|10|190
SCED|8|26|2789|59|GRV|0|80|260
SCEG|11|29|1641|52|GRV|0|110|290
SCEL|17L|35R|12303|180|ASP|1|178|358
SCEL|17R|35L|12303|148|ASP|1|177|357
SCEO|3|21|1969|52|GRE|0|30|210
SCEP|7|25|1739|59|GRE|0|70|250
SCER|18|36|3937|164|CON|0|22|202
SCES|9|27|7546|98|ASP|1|89|269
SCEV|10|28|1706|59|GRASS|0|100|280
SCEX|7|25|2133|59|PAD|0|70|250
SCEY|11|29|1805|59|PAD|0|110|290
SCFA|1|19|9186|164|ASP|1|7|187
SCFC|5|23|2559|66|GRV/GRASS|0|50|230
SCFF|12|30|2297|66|GRE|0|120|300
SCFJ|4|22|1476|49|GRV|0|40|220
SCFK|9|27|1969|59|GRV/GRASS|0|90|270
SCFL|3|21|2953|64|GRE|0|30|210
SCFM|3|21|2614|98|GVL|0|47|227
SCFM|9|27|8202|98|ASP|1|110|290
SCFR|18|36|2690|59|GRASS|0|180|360
SCFS|8|26|2067|49|GRV|0|80|260
SCFT|9|27|3110|59|ASP|0|103|283
SCFU|13|31|3117|66|PAD|0|130|310
SCGC|18|36|9843|164|Ice|0|180|360
SCGE|18|36|5577|98|ASP|1|185|5
SCGF|11|29|1641|59|GRV|0|110|290
SCGH|18|36|1969|59|GRE|0|180|360
SCGI|17|35|2297|98|GRV/MAICILLO|0|170|350
SCGL|18|36|2625|98|PAD|0|180|360
SCGM|2|20|1854|49|GRE|0|20|200
SCGN|14|32|1887|49|GRV/GRASS|0|140|320
SCGO|18|36|2625|59|ASP|0|180|360
SCGS|16|34|3117|82|CLAY|0|160|340
SCGU|13|31|3937|59|GRV|0|130|310
SCGV|4|22|1821|59|GRE|0|40|220
SCGY|17|35|1965|59|GRASS|0|170|350
SCGZ|8|26|4724|95|ASP|1|91|271
SCHA|9|27|5446|92|ASP|0|90|270
SCHC|5|23|3281|98|GRE|0|50|230
SCHD|2|20|1641|49|PAD|0|20|200
SCHE|18|36|2461|66|GRASS|0|180|360
SCHG|10|28|1969|59|GRE|0|100|280
SCHK|17|35|1641|82|GRASS|0|170|350
SCHL|6|24|2008|59|GRE|0|60|240
SCHM|11|29|2297|59|SAND/GRASS|0|110|290
SCHO|4|22|1969|98|GRV|0|40|220
SCHP|3|21|3232|59|GRASS|0|30|210
SCHR|7|25|3346|75|ASP|0|87|267
SCHT|2|20|1591|49|GRV/GRASS|0|20|200
SCHU|4|22|2297|59|GRE|0|40|220
SCHW|14|32|1870|59|PAD|0|140|320
SCIA|16|34|1969|59|PAD|0|160|340
SCIB|16|34|1969|59|PAD|0|160|340
SCIC|1|19|2625|59|ASP|0|10|190
SCID|5|23|2264|98|PAD|0|50|230
SCIE|02R|20L|6470|98|ASP|1|25|205
SCIE|2|20|8530|148|ASP|1|25|205
SCIF|11|29|1969|82|GRASS|0|110|290
SCIH|12|30|2231|59|ASP|0|120|300
SCII|15|33|2067|66|GRASS|0|150|330
SCIK|17|35|2477|59|GRASS|0|170|350
SCIL|2|20|3740|72|ASP|0|26|206
SCIM|18|36|2625|59|CON|0|180|360
SCIO|4|22|1969|59|PAD|0|40|220
SCIP|10|28|10827|148|ASP|1|117|297
SCIR|14|32|2822|59|ASP|0|140|320
SCIS|2|20|2625|59|CON|0|20|200
SCIT|8|26|2198|59|PAD|0|80|260
SCJK|8|26|2198|66|GRASS|0|80|260
SCJO|15|33|6398|118|ASP|1|155|335
SCJS|2|20|1640|49|GRS|0|20|200
SCKA|6|24|1870|59|GRV/GRASS|0|60|240
SCKB|7|25|1641|59|GRASS|0|70|250
SCKD|7|25|4134|59|ASP|0|70|250
SCKE|4|22|2083|59|GRE|0|40|220
SCKI|3|21|1969|59|GRE|0|30|210
SCKL|16|34|1476|49|GRE|0|160|340
SCKM|17|35|1772|66|GRE|0|170|350
SCKO|18|36|1969|52|GRV/GRASS|0|180|360
SCKP|10|28|3393|66|BIT|0|98|278
SCKP|17|35|10499|98|ASP|1|170|350
SCKQ|9|27|2034|66|GRASS|0|90|270
SCKT|13|31|1969|66|GRV|0|130|310
SCLB|18|36|2625|59|ASP|0|180|360
SCLC|8|26|1805|33|ASP|0|80|260
SCLD|12|30|3445|75|ASP|0|120|300
SCLE|10|28|7874|98|PAD|0|100|280
SCLF|12|30|1969|66|GRASS|0|120|300
SCLG|4|22|2461|59|GRE|0|40|220
SCLI|2|20|2477|33|ASP|0|20|200
SCLJ|18|36|2953|59|GRV|0|180|360
SCLK|11|29|2494|66|GRASS|0|110|290
SCLL|10|28|4624|98|ASP|1|98|278
SCLN|1|19|3281|59|GRE|0|10|190
SCLO|14|32|1969|59|PAD|0|140|320
SCLQ|8|26|2526|66|GRE|1|80|260
SCLR|8|26|1641|49|PAD|0|80|260
SCLS|18|36|1739|52|Grass|0|180|360
SCLT|8|24|2204|61|Dirt|0|80|240
SCLU|1|19|1969|59|GRE|0|10|190
SCLV|17|35|1641|59|GRE|0|170|350
SCLY|5|23|3143|59|PAD/GRASS|0|50|230
SCMA|8|26|1969|98|GRASS|0|80|260
SCME|8|26|1837|66|GRE|0|80|260
SCMF|6|24|2461|66|GRASS|0|60|240
SCMG|18|36|2674|66|GRASS|0|180|360
SCMH|17|35|2297|66|PAD|0|170|350
SCMK|18|36|2625|59|ASP|0|180|360
SCML|6|24|3281|59|GRE|0|60|240
SCMO|4|22|2362|59|GRE|0|40|220
SCMP|8|26|1745|59|GRE|0|80|260
SCMR|18|36|2625|49|GRV|0|180|360
SCMS|2|20|1969|59|GRASS|0|20|200
SCMU|5|23|2274|72|GRV|0|50|230
SCMV|3|21|2690|56|GRE|0|30|210
SCMZ|3|21|1739|49|GRE|0|30|210
SCNA|4|22|2854|59|GRE|0|40|220
SCND|16|34|2083|59|GRASS|0|160|340
SCNH|10|28|1641|59|GRASS|0|100|280
SCNI|2|20|2133|66|GRASS|0|20|200
SCNK|2|20|2953|66|ASP|0|20|200
SCNM|18|36|2953|75|GRASS|0|180|360
SCNO|13|31|2297|98|GRASS|0|130|310
SCNT|10|28|5786|98|ASP|1|120|300
SCNY|11|29|2067|59|GRASS|0|110|290
SCOA|17|35|1969|59|GRE|0|170|350
SCOC|17|35|1969|59|GRASS|0|170|350
SCOE|9|27|1641|46|GRE|0|90|270
SCOH|16|34|4265|75|ASP|0|160|340
SCOL|11|29|1641|59|GRV/GRASS|0|110|290
SCOM|5|23|1640|49|grass|0|50|230
SCON|4|22|3937|79|ASP|0|40|220
SCOO|12|30|1969|59|PAD|0|120|300
SCOP|18|36|1870|59|GRASS|0|180|360
SCOT|7|25|3084|39|ASP|0|70|250
SCOV|4|22|3773|75|UNK|0|40|220
SCOY|15|33|2920|66|GRV/PAD|0|150|330
SCPA|1|19|3937|59|GRV|0|10|190
SCPB|5|23|1887|59|CON|0|50|230
SCPC|9|27|5576|98|ASP|1|103|283
SCPE|14|32|6560|75|ASP|0|134|314
SCPF|1|19|3281|33|PAD/CON|0|10|190
SCPG|2|20|2198|85|GRASS|0|20|200
SCPH|18|36|3445|59|PAD|0|180|360
SCPI|2|20|3281|59|GRAIN|0|20|200
SCPK|13|31|1969|59|PAD|0|130|310
SCPL|17|35|2198|59|GRE|0|170|350
SCPM|4|22|1939|59|ASPH|0|40|220
SCPN|1|19|1247|49|GRE|0|10|190
SCPO|2|20|1641|49|GRE|0|20|200
SCPQ|17|35|6562|148|ASPH|0|167|347
SCPR|1|19|1969|85|GRASS|0|10|190
SCPT|17|35|2198|59|GRV|0|170|350
SCPU|2|20|2080|59|GRASS|0|20|200
SCPV|15|33|2559|59|ASP|0|150|330
SCPW|10|28|2001|59|GRE|0|100|280
SCPY|7|25|2953|98|GRASS|0|70|250
SCQC|3|21|2625|98|GRASS|0|30|210
SCQE|13|31|1969|82|PAD|0|130|310
SCQK|18|36|2385|59|ASP|0|180|360
SCQL|1|19|1640|32|GRASS|0|10|190
SCQM|14|32|1969|49|GRV/GRASS|0|140|320
SCQO|5|23|1969|59|GRV|0|50|230
SCQP|1|19|8005|148|ASPH|0|10|190
SCQR|17|35|2297|46|Sand|0|170|350
SCQT|17|35|3590|66|ASP|0|175|355
SCQW|18|36|1772|59|PAD|0|180|360
SCQX|2|20|2034|59|PAD|0|20|200
SCQY|9|27|3084|59|ASP|0|91|271
SCRA|9|27|3985|98|ASP|0|97|277
SCRB|9|27|2297|59|PAD|0|90|270
SCRC|6|24|2953|59|PAD|0|60|240
SCRD|18|36|2789|66|ASP|0|180|360
SCRE|5|23|2625|59|PAD|0|50|230
SCRF|1|19|2953|59|ASP|0|10|190
SCRG|3|21|5258|75|ASPH|0|36|216
SCRH|15|33|1641|49|GRE|0|150|330
SCRI|12|30|1841|66|PAD|0|120|300
SCRL|17|35|1969|148|GRASS|0|170|350
SCRM|11|29|4238|125|GRE|1|122|302
SCRN|2|20|2165|59|PAD/GRASS|0|20|200
SCRO|9|27|1969|59|GRE|0|90|270
SCRP|16|34|3019|98|GRE|0|160|340
SCRR|15|33|1969|59|GRASS|0|150|330
SCRS|11|29|3281|59|UNK|0|110|290
SCRT|18|36|2559|66|GRE|0|180|360
SCRU|17|35|1969|69|PAD|0|170|350
SCRV|8|26|2625|59|GRASS|0|80|260
SCRW|3|21|2953|49|GRE|0|30|210
SCRZ|11|29|1805|59|GRASS|0|110|290
SCSA|17|35|1312|49|GRV|0|170|350
SCSB|1|19|3937|98|GRE|0|10|190
SCSB|7|25|4921|131|GRE|0|70|250
SCSD|2|20|3117|59|GRV/ASP|0|20|200
SCSE|12|30|6358|148|ASP|1|116|296
SCSF|16|34|3445|98|ASPH|0|160|340
SCSG|9|27|1641|49|GRV|0|90|270
SCSJ|17|35|1923|49|ASP|0|170|350
SCSK|17|35|2297|59|GRASS|0|170|350
SCSM|9|27|9187|59|GRV|0|90|270
SCSN|5|23|2625|59|ASP|1|53|233
SCSO|14|32|2110|98|PAD/GRASS|0|140|320
SCSP|11|29|2034|59|GRE|0|110|290
SCSR|7|25|1969|59|PAD|0|70|250
SCSS|8|26|3609|82|PAD|0|80|260
SCST|15|33|3281|59|GRASS/PAD|0|150|330
SCSU|8|26|1969|59|GRASS|0|80|260
SCSV|16|34|2198|59|GRV|0|160|340
SCSZ|12|30|2133|66|PAD|0|120|300
SCTA|16|34|1969|59|GRV/GRASS|0|160|340
SCTB|1|19|3280|98|ASP|1|13|193
SCTC|6|24|5577|147|ASP|1|67|247
SCTE|17|35|8694|148|CON|1|182|2
SCTH|5|23|2576|59|GRASS|0|50|230
SCTL|3|21|3660|80|ASP|0|39|219
SCTM|10|28|2625|59|GRE|0|100|280
SCTN|1|19|3937|98|ASP|1|21|201
SCTO|1|19|3478|59|ASP|0|18|198
SCTP|12|30|2297|59|PAD|0|120|300
SCTQ|13|31|2854|59|GRV|0|130|310
SCTR|18|36|2625|59|ASP|0|180|360
SCTS|1|19|2625|59|GRV|0|10|190
SCTT|15|33|3920|66|ASP|0|157|337
SCTU|3|21|2083|66|GRE|0|30|210
SCTW|3|21|1641|49|GRV/GRASS|0|30|210
SCUI|15|33|1969|59|GRE|0|150|330
SCUL|17|35|1969|98|GRV|0|170|350
SCUM|3|21|1641|59|GRASS|0|30|210
SCUN|4|22|2786|59|GRE|0|40|220
SCUP|3|21|2756|66|GRASS|0|30|210
SCUT|16|34|2756|59|GRV|0|160|340
SCUZ|13|31|2149|56|GRV|0|130|310
SCVA|1|19|1936|49|GRV|0|10|190
SCVB|11|29|2297|66|GRV/GRASS|0|110|290
SCVC|3|21|2953|59|GRV|0|30|210
SCVD|17|35|6870|148|ASP|1|178|358
SCVE|4|22|2723|66|PAD|0|40|220
SCVF|16|34|2756|59|GRE|0|160|340
SCVG|6|24|1870|59|GRASS|0|60|240
SCVH|3|21|3281|66|GRE|0|30|210
SCVI|15|33|3281|59|ASP|0|150|330
SCVJ|11|29|1969|59|GRE|0|110|290
SCVK|13|31|2625|59|GRE|0|130|310
SCVL|17L|35R|4101|54|CON|0|183|3
SCVM|5|23|5760|98|ASP|1|52|232
SCVN|10|28|2658|82|ASP|0|100|280
SCVO|6|24|2133|66|GRASS|0|60|240
SCVQ|7|25|1969|52|GRASS|0|70|250
SCVV|18|36|2297|59|GRASS|0|180|360
SCXA|15|33|1969|56|GRV|0|150|330
SCXB|9|27|2625|89|GRE|0|90|270
SCYB|18|36|3281|59|UNK|0|180|360
SCYL|17|35|1969|82|GRASS|0|170|350
SCYR|3|21|2297|49|GRASS|0|30|210
SCYU|2|20|1641|59|GRASS|0|20|200
SCZB|12|30|2461|59|ASP|0|120|300
SCZC|7|25|1476|49|GRE|0|70|250
SCZE|16|34|2149|59|GRV|0|160|340
SDAA|12|30|3773|98|ASP|0|120|300
SDAD|9|27|3773|59|ASP|0|90|270
SDAE|14|32|3281|82|GRE|0|140|320
SDAG|10|28|2995|98|ASP|0|100|280
SDAI|12|30|3609|59|ASP|1|120|300
SDAM|16|34|3937|98|ASP|0|160|340
SDBB|13|31|4921|75|ASP|0|130|310
SDBK|1|19|3281|98|ASP|0|10|190
SDBY|11|29|4823|98|Earth|0|110|290
SDCA|16|34|3527|66|ASP|0|160|340
SDCG|4|22|3937|75|CON|0|40|220
SDCO|1|19|5348|98|ASP|0|10|190
SDDN|11|29|4921|98|ASP|0|110|290
SDDR|9|27|4921|98|ASP|0|90|270
SDEP|5|23|3314|59|ASP|0|50|230
SDET|2|20|2789|98|GRE|0|20|200
SDFD|8|26|3281|82|ASP|0|80|260
SDFX|12|30|3609|66|ASP|0|120|300
SDGC|1|19|3281|98|Eartth|0|10|190
SDH2|12|30|5249|59|ASP|0|120|300
SDIG|13|31|3937|59|ASP|0|130|310
SDIM|15|33|4429|98|Asphalt|1|150|330
SDIV|17|35|4429|75|ASP|0|170|350
SDIY|13|31|4921|98|ASP|0|130|310
SDJC|7|25|3150|75|Earth|0|70|250
SDJO|14|32|4508|75|ASP|0|140|320
SDJV|4|22|4101|98|ASP|0|40|220
SDK7|12|30|4265|75|ASP|0|120|300
SDKJ|13|31|4593|98|ASP|0|130|310
SDKK|4|22|3281|98|GRE|0|40|220
SDLL|9|27|4370|59|ASP|0|90|270
SDLP|7|25|4147|66|ASP|0|70|250
SDLY|16|34|2461|75|GRE|0|160|340
SDMH|7|25|3281|98|Earth|0|70|250
SDMJ|12|30|4921|98|GRE|0|120|300
SDMO|17|35|3181|96|TER|0|148|328
SDNH|13|31|3281|98|GRS|0|130|310
SDNM|5|23|5052|79|ASP|0|50|230
SDNO|13|31|3281|66|ASP|0|130|310
SDOU|16|34|4921|98|ASP|0|160|340
SDOV|17|35|4921|98|ASP|0|170|350
SDOW|14|32|3937|98|ASP|0|140|320
SDPD|6|24|2461|98|GRS|0|60|240
SDPN|15|33|4921|98|ASP|0|150|330
SDPV|14|32|3937|98|GRE|0|140|320
SDPW|17|35|3937|98|ASP|0|170|350
SDPY|3|21|2822|98|GRE|0|30|210
SDRK|3|21|3435|131|Earth|0|30|210
SDRK|4||69|69|GRS|1|40|-1
SDRR|15|33|4856|98|ASP|0|150|330
SDRS|8|26|4265|98|ASP|0|80|260
SDSC|2|20|4790|98|ASP|0|20|200
SDTB|2|20|2625|98|GRE|0|20|200
SDTF|14|32|3609|98|ASP|0|140|320
SDTI|6|24|2461|75|GRS|0|60|240
SDTK|10|28|2297|75|ASP|0|100|280
SDTP|6|24|4921|115|ASP|1|60|240
SDUB|9|27|3084|98|ASP|0|90|270
SDUN|6|24|3937|98|ASP|0|60|240
SDUQ|5|23|3934|98|GRE|0|50|230
SDVE|14|32|2526|66|ASP|0|140|320
SDVG|5|23|4921|98|ASP|0|50|230
SDXF|9|27|3937|98|ASP|0|90|270
SDXJ|9|27|4265|75|ASP|0|90|270
SEAM|1|19|6316|82|ASP|0|10|190
SEBP|10|28|2297|59|ASP|0|100|280
SEBT|18|36|1640|39|ASP|0|180|360
SEBW|2|20|1558|49|GVL|0|20|200
SEBZ|5|23|4659|75|ASP|0|50|230
SECO|16|34|6760|90|ASP|0|154|334
SECQ|15|33|2297|49|GVL|0|150|330
SECU|6|24|6234|118|ASP|1|52|232
SEES|1|19|43|43|CON|0|10|190
SEEX|18|36|2625|59|GVL|0|180|360
SEGS|14|32|7876|115|ASP|1|144|324
SEGU|3|21|9154|151|ASP|1|31|211
SEGZ|15|33|6601|85|ASP|0|156|336
SEHS|1|19|1345|85|Earth|0|10|190
SEII|17|35|4921|98|ASP|0|171|351
SEIP|5|23|1624|59|Earth|0|50|230
SEIY|2|20|1640|49|Earth|0|20|200
SEJD|9|27|8202|148|ASP|0|90|270
SEJS|4|22|951|39|ASP|0|40|220
SEKC|12|30|1411|49|Earth|0|120|300
SEKC|6|24|3445|49|Earth|0|60|240
SELT|18|36|12117|148|ASP|1|184|4
SEMA|1|19|3532|65|ASP|0|12|192
SEMC|1|19|8202|98|ASP|0|15|195
SEMO|8|26|4725|75|ASP|0|84|264
SEMT|5|23|9383|148|ASP|1|56|236
SEMX|9|27|3280|26|ASP|0|94|274
SENF|15|33|2077|49|Earth|0|151|331
SENL|5|23|7546|0|UNK|0|50|230
SEOI|18|36|2461|59|GVL|0|180|360
SEPI|4|22|1483|59|GRS|0|40|220
SEPS|10|28|3774|57|ASP|0|106|286
SEQE|18|36|4450|70|ASP|0|178|358
SEQM|18|36|13445|148|CON|1|180|0
SERB|5|23|5250|95|ASP|0|56|236
SERO|7|25|8625|148|ASP|0|68|248
SESA|13|31|7995|98|ASP|1|129|309
SESA|8|26|3641|131|ASP|0|82|262
SESC|17|35|2297|120|GRS|0|172|352
SESE|12|30|2122|33|ASP|0|120|300
SESM|12A|30D|5052|82|ASP|0|119|299
SEST|16|34|6214|66|ASP|0|169|349
SESV|15|33|7227|98|ASP|0|151|331
SETA|3|21|10015|145|ASP|1|26|206
SETE|10|28|3937|49|ASP|0|101|281
SETH|18|36|3602|59|GVL|0|180|360
SETN|18|36|7874|148|ASP|1|183|3
SETU|5|23|8071|98|ASP|0|55|235
SEUA|18|36|951|39|ASP|0|180|360
SEUI|18|36|1706|33|GRS|0|180|360
SEUW|17|35|1509|49|GRS|0|170|350
SEWA|7|25|2789|82|Earth|0|70|250
SEYH|6|24|1870|49|Earth|0|60|240
SEYS|16|34|1968|66|Earth|0|160|340
SEZR|18|36|1968|98|Earth|0|180|360
SFAL|18|36|1110|42|ASP|0|180|0
SFAL|9|27|3013|63|ASP|0|89|269
SGAS|2|20|10997|148|ASP|1|10|190
SGAY|2|20|6070|148|ASP|0|10|190
SGCO|3|21|6070|148|ASP|1|16|196
SGEN|1|20|7218|0|ASP|1|10|200
SGES|5|23|11154|148|ASP|1|41|221
SGIB|3|21|4987|75|ASP|1|19|199
SGME|1|19|11483|131|CON|1|358|178
SGOL|5|23|3281|78|CON|0|50|230
SGPI|2|20|4920|62|CON|0|5|185
SGPJ|3|21|5908|98|ASP|0|14|194
SGST|2|20|5895|65|ASP|1|7|187
SKAG|12|30|3937|148|ASP|0|120|300
SKAP|10|28|8204|164|ASP|1|95|275
SKAP|9|27|0|0|UNK|0|90|270
SKAR|2|20|7045|118|ASP|1|13|193
SKAS|1|19|5331|131|ASP|0|9|189
SKAS|2|20|0|0|UNK|0|20|200
SKBC|10|28|3985|93|ASP|0|100|280
SKBG|17|35|7381|131|ASP|1|159|339
SKBN|3|21|4935|98|ASP|0|27|207
SKBO|14L|32R|12467|148|ASP|1|127|307
SKBO|14R|32L|12467|148|ASP|1|127|307
SKBQ|5|23|9842|148|CON|1|40|220
SKBS|17|35|0|0|UNK|0|170|350
SKBS|18|36|3973|78|ASP|0|174|354
SKBU|9|27|3945|76|ASP|1|86|266
SKCC|16|34|7700|148|ASP|1|148|328
SKCC|3|21|6341|148|ASP|1|17|197
SKCD|9|27|3980|72|ASP|0|90|270
SKCG|1|19|8530|148|ASP|1|2|182
SKCL|2|20|9842|148|ASP|1|10|190
SKCN|4|22|3675|45|ASP|0|40|220
SKCO|6|24|5249|90|ASP|0|54|234
SKCU|1|19|3794|66|ASP|0|14|194
SKCV|5|23|4396|98|ASP|0|50|230
SKCZ|2|20|4930|98|ASP|1|20|200
SKEB|18|36|4310|40|ASP|0|184|4
SKEJ|4|22|5905|148|ASP|1|31|211
SKFL|12|30|4921|98|ASP|1|116|296
SKGA|6|24|4446|0|GRE|0|60|240
SKGB|6|24|6233|98|ASP|1|62|242
SKGI|2|20|5249|92|ASP|1|12|192
SKGO|1|19|6644|131|ASP|1|5|185
SKGP|1|19|4256|66|ASP|1|18|198
SKGY|10|28|0|0|UNK|0|100|280
SKGY|11|29|5643|66|ASP|0|103|283
SKIB|14|32|5905|98|ASP|1|131|311
SKIO|6|24|4167|66|ASP|0|55|235
SKIP|8|26|8202|118|ASP|1|79|259
SKJC|17|35|4003|0|Asphalt|0|170|350
SKLC|15|33|7153|98|ASP|0|150|330
SKLG|12|30|3937|82|ASP|0|117|297
SKLM|10|28|0|0|UNK|0|100|280
SKLM|9|27|4876|148|ASP|1|90|270
SKLP|15|33|5643|0|UNK|0|150|330
SKLT|3|21|6168|131|ASP|1|21|201
SKMA|6|24|6070|80|ASP|0|59|239
SKMD|2|20|8202|125|ASP|1|16|196
SKME|05L|23R|1320|65|CON|0|40|220
SKME|05R|23L|3785|92|ASP|0|41|221
SKMG|11|29|4921|70|ASP|0|102|282
SKMJ|7|25|5300|98|ASP|0|72|252
SKML|18|36|3560|82|ASP|0|174|354
SKMP|2|20|4068|48|ASP|0|16|196
SKMR|14|32|7539|150|ASP|1|138|318
SKMU|2|20|5889|66|ASP|1|11|191
SKMZ|10|28|4835|65|ASP|1|95|275
SKMZ|9|27|0|0|UNK|0|90|270
SKNQ|5|23|3937|0|ASP|0|50|230
SKNV|2|20|5880|131|ASP|1|14|194
SKOC|1|19|3937|98|ASP|0|6|186
SKOT|16|34|3103|50|ASP|0|160|340
SKPA|5|23|5382|98|ASP|0|37|217
SKPC|7|25|5907|69|ASP|1|60|240
SKPD|17|35|5910|85|ASP|0|169|349
SKPE|8|26|6627|148|ASP|1|73|253
SKPI|6|24|4912|98|ASP|0|60|240
SKPN|6|24|3310|35|ASP|0|71|251
SKPP|7|25|6266|98|ASP|1|71|251
SKPQ|1|19|9987|164|ASP|1|3|183
SKPR|18|36|4230|82|ASP|0|173|353
SKPS|2|20|7585|130|ASP|1|16|196
SKPV|17|35|3832|50|ASP|0|169|349
SKPZ|4|22|4935|98|ASP|0|33|213
SKQU|18|36|0|0|UNK|0|180|360
SKQU|1|19|5905|164|ASP|0|3|183
SKRA|7|25|3527|0|ASP|0|70|250
SKRG|1|19|11286|148|ASP|1|0|180
SKRH|10|28|0|0|UNK|0|100|280
SKRH|9|27|5413|98|ASP|0|88|268
SKSA|16|34|3937|98|ASP|0|150|330
SKSI|4|22|3930|75|ASP|0|33|213
SKSJ|1|19|4897|66|ASP|0|5|185
SKSM|1|19|5577|131|ASP|0|359|179
SKSO|4|22|6171|80|ASP|0|40|220
SKSP|6|24|7808|148|ASP|1|59|239
SKSV|13|31|0|0|UNK|0|130|310
SKSV|14|32|4921|85|ASP|0|132|312
SKTB|9|27|4921|66|ASP|0|83|263
SKTD|5|23|3609|0|UNK|0|50|230
SKTI|04L|22R|1431|65|CON|0|34|214
SKTI|4|22|9280|96|ASP|1|34|214
SKTJ|4|22|3635|66|ASP|0|34|214
SKTL|17|35|4429|0|ASP|0|170|350
SKTM|7|25|6561|98|ASP|1|59|239
SKTQ|7|25|6220|79|CON|0|64|244
SKUA|3|21|8110|100|GRE|1|24|204
SKUA|7|25|6780|145|ASP|1|63|243
SKUB|12|30|2750|0|ASP|0|120|300
SKUC|11|29|6890|98|ASP|1|98|278
SKUI|13|31|4593|98|ASP|1|122|302
SKUL|1|19|3495|100|ASP|1|11|191
SKVG|16|34|4320|40|ASP|0|166|346
SKVL|15|33|5520|50|ASP|0|150|330
SKVP|2|20|6890|115|ASP|1|10|190
SKVV|5|23|5616|98|ASP|1|39|219
SKYP|5|23|8448|98|ASP|1|45|225
SLAL|18|36|11811|0|Asphalt|1|180|360
SLBJ|1|19|4921|118|ASP|0|2|182
SLCB|14|32|12460|148|ASP|1|132|312
SLCB|5|23|8692|148|ASP|1|37|217
SLCO|2|20|6562|98|ASP|1|11|191
SLCP|17|35|5653|98|GRASS|0|170|350
SLET|16|34|9098|131|ASP|0|144|324
SLGM|16|34|5767|69|Asphalt|0|160|340
SLGY|17|35|5905|0|UNK|0|170|350
SLHI|17|35|4801|67|ASP|0|162|342
SLLP|10L|28R|6725|300|GRE|0|98|278
SLLP|10|28|13123|151|CON|1|92|272
SLMG|16|34|4593|0|UNK|0|160|340
SLOR|18|36|8075|75|ASP|0|182|2
SLOR|9|27|6125|120|GRE|0|93|273
SLPO|6|24|9130|98|ASP|0|56|236
SLPS|5|23|6562|118|ASP|0|32|212
SLRB|18|36|3940|98|GRASS|0|180|360
SLRI|13|31|5906|0|UNK|0|130|310
SLRQ|14|32|4921|0|ASP|0|140|320
SLRQ|18|36|4757|0|ASP|0|180|360
SLRY|18|36|4921|0|UNK|0|180|360
SLSA|14|32|5013|69|ASP|0|140|320
SLSB|18|36|5906|0|UNK|0|180|360
SLSI|18|36|3936|98|UNK|0|180|360
SLSR|1|19|4925|98|GRASS|0|10|190
SLSU|5|23|9300|98|CON|1|46|226
SLTI|3|21|6234|98|GRASS|0|30|210
SLTJ|13|31|10007|148|ASP|1|124|304
SLTR|14|32|7874|98|ASP|1|135|315
SLUY|13|31|13123|148|CON|0|130|310
SLVM|18|36|4918|115|ASP|0|175|355
SLVR|16|34|11483|148|CON|1|147|327
SLYA|2|20|6890|118|ASP|0|20|200
SMJP|11|29|11417|148|ASPHALT|1|90|270
SMZO|11|29|2461|56|Asphalt|0|110|290
SN3Y|1|19|5085|98|ASP|0|10|190
SN6L|10|28|5906|98|ASP|1|100|280
SN98|1|19|2150|100|TURF|0|10|190
SNAB|13|31|4085|85|ASP|0|130|310
SNAE|15|33|4265|92|ASP|0|150|330
SNAG|5|23|4921|98|ASP|0|50|230
SNAL|10|28|3051|59|ASP|0|100|280
SNAP|10|28|4921|75|ASP|0|100|280
SNAR|7|25|4593|98|ASP|0|70|250
SNAS|6|24|4921|148|ASP|0|60|240
SNAX|12|30|5541|98|ASPH|1|120|300
SNBC|9|27|4101|98|Piçarra|0|90|270
SNBG|11|29|3937|98|ASPH|0|110|290
SNBI|10|28|5249|98|ASP|0|100|280
SNBM|12|30|3740|75|ASP|0|120|300
SNBR|8|26|5249|98|ASP|0|80|260
SNBS|15|33|4849|82|ASP|0|136|326
SNBX|6|24|4265|98|ASP|0|60|240
SNBZ|18|36|3937|82|ASP|0|180|360
SNCA|10|28|4659|98|ASP|0|100|280
SNCP|9|27|5912|98|ASPH|0|90|270
SNCS|11|29|3937|98|ASP|0|110|290
SNCT|1|19|3543|75|ASP|0|10|190
SNCX|15|33|4265|98|ASPH|1|150|330
SNCZ|7|25|3478|98|ASP|0|70|250
SNDC|5|23|3150|98|ASP|0|50|230
SNDT|3|21|5282|98|ASP|0|30|210
SNDV|17|35|5052|98|ASP|0|170|350
SNEB|9|27|4265|75|ASP|0|90|270
SNED|13|31|4396|98|ASP|0|130|310
SNFE|4|22|5249|98|ASP|0|40|220
SNFO|2|20|3379|75|ASP|0|20|200
SNFU|7|25|3281|66|ASP|0|70|250
SNFX|13|31|5249|108|ASP|0|130|310
SNGA|6|24|3570|92|ASPH|1|60|240
SNGD|15|33|5249|118|ASP|0|150|330
SNGG|16|34|3937|66|ASP|0|160|340
SNGI|14|32|5577|98|ASP|0|140|320
SNGN|16|34|4114|92|ASP|0|160|340
SNGX|12|30|4856|98|ASP|0|120|300
SNHS|13|31|5905|98|ASP|1|130|310
SNIB|14|32|3937|98|ASP|0|140|320
SNIC|11|29|4593|98|ASP|0|110|290
SNIE|10|28|3543|98|ASP|0|100|280
SNIG|16|34|4626|98|ASP|0|160|340
SNIO|13|31|5118|92|ASP|0|130|310
SNIP|11|29|3478|79|ASP|0|110|290
SNIT|16|34|3937|66|ASP|0|160|340
SNIU|15|33|4265|66|ASP|0|150|330
SNJB|14|32|4101|98|ASP|0|140|320
SNJK|14|32|4199|98|ASP|0|140|320
SNJM|2|20|3839|98|ASP|0|20|200
SNJP|6|24|4265|75|ASP|0|60|240
SNJQ|10|28|3707|75|ASP|0|100|280
SNJR|8|26|4593|98|ASP|0|80|260
SNKD|16|34|3150|75|ASP|0|160|340
SNKF|3|21|3150|98|ASP|0|30|210
SNKI|6|24|3937|98|ASPH|1|60|240
SNKN|11|29|3412|98|ASP|0|110|290
SNLI|17|35|3937|98|ASP|0|170|350
SNLN|6|24|6102|148|ASPH|1|60|240
SNLO|5|23|3510|98|ASP|0|50|230
SNMA|10|28|4675|98|ASP|0|100|280
SNMJ|7|25|4265|66|ASP|0|70|250
SNMK|11|29|4987|82|ASP|0|110|290
SNMN|15|33|2411|66|Earth|0|150|330
SNMR|5|23|2067|59|SAND|0|50|230
SNMX|8|26|4429|98|ASPH|1|80|260
SNMZ|5|23|4298|92|ASP|0|50|230
SNNE|12|30|2034|131|GRE|0|120|300
SNNU|11|29|4003|75|ASP|0|110|290
SNOE|11|29|3937|131|ASP|0|110|290
SNOF|6|24|3543|164|GRS|0|60|240
SNOS|14|32|4921|75|ASP|0|140|320
SNOX|17|35|5249|98|ASP|0|170|350
SNPA|12|30|4134|75|ASPH|0|99|279
SNPC|14|32|5741|97|ASP|1|140|320
SNPD|9|27|5577|98|ASP|0|90|270
SNPJ|5|23|3937|98|ASP|0|50|230
SNPQ|12|30|3281|125|SAND|0|120|300
SNPU|7|25|3855|98|ASP|0|70|250
SNPX|10|28|4856|98|ASP|0|100|280
SNPY|5|23|5249|98|ASP|0|50|230
SNQD|15|33|3937|98|ASP|0|150|330
SNQG|16|34|5906|148|ASP|0|160|340
SNQU|7|25|4593|62|ASP|0|70|250
SNQV|9|27|3937|75|ASP|0|90|270
SNQX|14|32|3937|98|ASP|0|140|320
SNRD|11|29|3822|98|ASP|0|88|268
SNRM|11|29|4429|98|ASP|0|110|290
SNRP|16|34|3609|33|GRE|0|160|340
SNRU|13|31|5906|98|ASP|0|130|310
SNRX|12|30|3937|131|ASP|0|120|300
SNRZ|3|21|3887|82|ASP|0|12|192
SNSE|16|34|3609|82|ASP|0|160|340
SNSG|17|35|4265|98|ASP|0|170|350
SNSI|4|22|2625|59|GRE|0|40|220
SNSM|9|27|6102|82|ASP|0|70|250
SNSS|18|36|4856|98|ASP|0|180|360
SNTF|11|29|4790|98|ASPH|1|110|290
SNTI|9|27|4987|98|ASP|0|90|270
SNTO|11|29|3904|75|ASP|0|110|290
SNTQ|11|29|5249|95|ASP|0|110|290
SNTS|12|30|5249|98|ASP|0|120|300
SNUB|16|34|3543|75|ASP|0|160|340
SNUH|7|25|3658|98|GRS|0|70|250
SNUI|8|26|3937|98|ASP|0|80|260
SNUN|17|35|3871|98|ASP|0|170|350
SNVB|4|22|5906|98|ASP|0|40|220
SNVC|17|35|2953|98|ASP|0|170|350
SNVD|10|28|3937|98|ASP|0|100|280
SNVI|4|22|4265|75|ASP|1|40|220
SNVS|7|25|5249|98|ASP|0|70|250
SNWC|14|32|3117|98|ASP|0|140|320
SNWS|8|26|4921|98|ASP|0|80|260
SNXB|9|27|4921|98|ASP|0|90|270
SNXQ|13|31|4659|66|ASP|0|130|310
SNYA|5|23|3937|98|Piçarra gravel|0|50|230
SNYB|3|21|5906|98|ASP|0|30|210
SNYE|9|27|5709|98|ASP|0|90|270
SNYU|18|36|5299|98|ASP|0|180|360
SNZA|1|19|4199|98|ASP|0|10|190
SNZR|11|29|4921|98|ASP|0|110|290
SOCA|8|26|10486|148|ASP|1|65|245
SOOA|7|25|3935|49|CON|0|55|235
SOOG|4|22|3937|49|CON|0|18|198
SOOR|6|24|2625|49|ASP|0|39|240
SPAC|2|20|5249|0|UNK|0|20|200
SPAS|12|30|6749|131|ASP|1|119|299
SPAY|4|22|4921|98|ASP|0|45|225
SPBC|12|30|5905|98|ASP|0|117|297
SPCL|2|20|9186|148|ASP|1|20|200
SPDR|10|28|6075|100|ASP|0|104|284
SPEE|13|31|3956|92|ASP|0|123|303
SPEO|1|19|5905|98|ASP|1|7|187
SPEP|7|25|5922|98|ASP|0|71|251
SPEQ|6|24|5905|98|ASP|0|66|246
SPGB|17|35|4921|98|ASP|0|171|351
SPGM|1|19|6890|98||0|10|190
SPGP|5|23|4219|145|ASP|0|45|225
SPHI|1|19|8266|148|ASP|1|7|187
SPHO|2|20|9186|148|ASP|1|23|203
SPHY|3|21|8202|98|ASP|1|32|212
SPHZ|16|34|10007|98|ASP|0|162|342
SPIM|16L|34R|11506|148|CON|1|153|333
SPIM|16R|34L|11417|148|CONC|0|160|340
SPJA|16|34|6168|98|ASP|1|166|346
SPJE|16|34|7874|148|ASP|0|163|343
SPJI|3|21|6562|98|ASP|0|34|214
SPJJ|13|31|9220|148|ASP|0|128|308
SPJL|12|30|13779|150|ASP|1|112|292
SPJN|15|33|6562|148||0|150|330
SPJR|16|34|8201|148|ASP|1|158|338
SPLN|10|28|5915|98|ASP|0|109|289
SPLO|12|30|8202|148|ASP|0|115|295
SPLP|2|20|8019|150|ASP|1|18|198
SPME|14|32|8202|148|ASP|1|141|321
SPMF|15|33|5775|98|ASP|0|152|332
SPMS|9|27|5912|98|ASP|1|94|274
SPNC|7|25|8202|98|ASP|0|68|248
SPPY|13|31|6496|98|ASP|0|132|312
SPQT|6|24|8202|148|CON|1|57|237
SPQU|10|28|9777|148|ASP|1|93|273
SPRM|1|19|3281|59|ASP|0|13|193
SPRU|2|20|9920|145|ASP|1|17|197
SPSO|4|22|9908|148|ASP|1|38|218
SPST|17|35|8530|148|ASP|1|171|351
SPTN|2|20|8202|148|ASP|1|20|200
SPTU|1|19|11482|148|CON|1|2|182
SPUR|1|19|8202|148|ASP|1|12|192
SPYL|17|35|8038|148|ASP|1|170|350
SPZA|7|25|3355|65|ASP|1|66|246
SPZO|10|28|11146|148|ASP|1|96|276
SSAB|5|23|3937|59|ASP|0|50|230
SSAE|6|24|3281|59|GRE|0|60|240
SSAK|14|32|2461|197|GRS|0|140|320
SSAK|4|22|2625|197|GRS|0|40|220
SSAN|9|27|3281|75|ASP|0|90|270
SSAP|10|28|4593|98|ASP|0|100|280
SSAQ|15|33|3543|115|GRS|0|150|330
SSAQ|17|35|3084|59|GRS|0|170|350
SSBG|13|31|3281|98|GRE|0|130|310
SSBL|19|1|3543|98|ASP|0|167|347
SSBN|9|27|3618|75|Asphalt|0|90|270
SSCB|12|30|2789|66|ASP|0|120|300
SSCD|5|23|6562|98|ASP|0|50|230
SSCI|2|20|4265|75|ASP|0|20|200
SSCK|14|32|4856|59|ASP|0|140|320
SSCL|13|31|2953|59|ASP|0|130|310
SSCN|6|24|4134|59|ASP|0|60|240
SSCP|6|24|4593|98|ASP|0|60|240
SSCR|1|19|4593|98|ASP|0|10|190
SSCT|4|22|3937|75|ASP|0|40|220
SSEE|6|24|1870|59|GRS|0|60|240
SSEP|14|32|3740|59|GRE|0|140|320
SSER|14|32|4199|98|ASP|0|140|320
SSEZ|7|25|2339|98|GRE|0|70|250
SSFB|7|25|4331|98|ASP|0|70|250
SSFL|11|29|4921|82|ASP|0|110|290
SSGA|15|33|3937|98|ASP|0|150|330
SSGB|2|20|3281|59|ASP|0|20|200
SSGW|5|23|3278|59|ASP|0|50|230
SSGY|8|26|4265|98|ASP|0|80|260
SSHZ|15|33|3445|59|ASP|0|150|330
SSIE|6|24|4921|98|GVL|0|60|240
SSIJ|18|36|4200|75|ASP|0|180|360
SSIQ|15|33|3169|75|GRS|0|150|330
SSIR|9|27|2493|82|GRE|0|90|270
SSJA|15|33|4396|99|ASP|1|128|308
SSJI|18|36|3117|59|ASP|0|180|360
SSJK|11|29|3904|98|GRE|0|110|290
SSKG|6|24|3609|75|ASP|0|60|240
SSKK|8|26|2297|89|GRS|0|80|260
SSKM|2|20|4495|98|ASP|1|20|200
SSKS|12|30|3346|59|ASP|0|120|300
SSKU|10|28|3281|98|GRE|0|100|280
SSKW|15|35|6890|148|ASPH|0|150|350
SSKZ|11|29|5118|98|ASP|0|110|290
SSLG|6|24|3937|197|GRE|0|60|240
SSLN|7|25|3609|75|ASP|0|70|250
SSLT|15|33|3937|59|ASP|0|150|330
SSMJ|1|19|2625|98|GRS|0|10|190
SSMR|17|35|3937|98|ASP|0|170|350
SSMT|5|23|3199|59|ASP|0|50|230
SSNB|10|28|4586|75|ASP|0|100|280
SSNG|13|31|3018|75|GRS|0|130|310
SSNH|2|20|3937|262|GRE|0|20|200
SSNP|13|31|3281|98|ASP|0|130|310
SSNQ|18|36|3937|131|GRS|0|180|360
SSOE|17|35|4134|59|ASP|0|170|350
SSOG|15|33|3937|75|ASP|0|150|330
SSOI|15|33|3822|82|GRE|0|150|330
SSOL|5|23|4921|98|ASP|0|50|230
SSOS|11|29|3117|82|Sand|0|110|290
SSPG|6|24|4774|98|ASP|0|60|240
SSPI|12|30|4921|98|ASP|0|120|300
SSPL|5|23|3281|59|ASP|0|50|230
SSPM|18|36|4265|75|ASP|0|180|360
SSPN|14|32|4331|75|ASP|0|140|320
SSPS|2|20|3609|98|ASP|0|20|200
SSPT|3|21|3937|59|ASP|0|30|210
SSQC|10|28|3937|75|ASP|0|100|280
SSQP|17|35|3281|98|ASP|0|170|350
SSQT|5|23|4659|98|ASP|0|50|230
SSRE|6|24|3937|59|ASP|0|60|240
SSRF|13|31|4265|69|ASP|0|130|310
SSRS|2|20|1969|59|GRE|0|20|200
SSRU|3|21|3609|59|GRE|0|30|210
SSRZ|10|28|3281|66|Clay|0|100|280
SSSB|14|32|2297|59|GRS|0|122|302
SSSB|7|25|4921|98|ASP|1|70|250
SSSC|8|26|3871|59|ASP|0|80|260
SSSD|16|34|4265|197|GRE|0|160|340
SSSG|4|22|3281|328|GRE|0|40|220
SSSS|18|36|2297|115|GRS|0|180|360
SSST|17|35|4396|197|GRE|0|170|350
SSSZ|10|28|3773|164|ASP|0|100|280
SSTB|3|21|4495|59|ASP|0|30|210
SSUM|4|22|4692|98|ASP|1|40|220
SSUV|17|35|3281|98|ASP|0|170|350
SSVI|10|28|4594|76|ASP|0|100|280
SSVL|1|19|2953|131|GRS|0|10|190
SSVN|12|30|3281|59|Clay|0|120|300
SSWS|9|27|3281|59|Earth|0|90|270
SSXX|18|36|3773|59|ASP|0|180|360
SSZR|7|25|3937|98|ASP|0|70|250
SUAA|1|19|4101|75|CON|1|7|187
SUAG|11|29|4183|0|UNK|0|110|290
SUAN|1|19|4100|131|GRS|0|10|190
SUCA|13|31|4495|0|Concrete|0|130|310
SUCD|5|23|2559|115|GRS|0|50|230
SUCD|9|27|1772|98|GRS|0|90|270
SUCH|10|28|2789|82|GRS|0|100|280
SUCL|1|19|5577|148|GRS|0|10|190
SUCM|17|35|3478|92|GRE|0|170|350
SUCN|15|33|1476|98|GRS|0|150|330
SUCN|3|21|2297|98|GRS|0|30|210
SUCN|9|27|3281|98|GRS|0|90|270
SUDU|10|28|4764|98|ASP|1|90|270
SUDU|3|21|7477|148|PEM|1|23|203
SULS|1|19|5249|125|ASP|1|358|178
SULS|8|26|6998|148|ASP|1|72|252
SUME|8|26|3675|0|UNK|0|80|260
SUMO|7|25|4573|98|UNK|0|70|250
SUMU|1|19|7382|148|PEM|1|359|179
SUMU|7|25|10499|148|PEM|1|53|233
SUPE|2|20|1870|65|concrete|0|17|197
SUPU|2|20|4331|98|ASP|1|20|200
SURB|14|32|2815|0|UNK|0|140|320
SURV|5|23|6004|0|UNK|0|50|230
SUSJ|12|30|2789|98|GRS|0|120|300
SUSJ|17|35|2034|115|GRS|0|170|350
SUSJ|8|26|3937|98|GRS|0|80|260
SUSO|13|31|2461|164|GRS|0|116|296
SUSO|5|23|5210|148|ASP|1|39|219
SUTB|10|28|3806|0|UNK|0|100|280
SUTG|9|27|3609|0|GRS|0|90|270
SUTR|10|28|1970|80|GRS|0|100|280
SUTR|1|19|3510|125|GRS|0|10|190
SUVE|3|21|2165|79|GRS|0|30|210
SUYI|18|36|1969|148|GRS|0|180|360
SVAC|11|29|5990|131|ASP|1|105|285
SVAC|5|23|2461|75|ASP|0|42|222
SVAE|9|27|4120|50|ASP|0|93|273
SVAJ|11|29|4420|45|ASP|0|100|280
SVAN|9|27|4134|131|ASP|0|90|270
SVAS|5|23|4592|72|ASP|0|47|227
SVAX|1|19|3345|70|ASP|0|1|181
SVBC|15|33|9842|131|ASP|1|143|323
SVBC|2|20|9186|131|ASP|1|13|193
SVBI|13|31|6560|135|ASP|1|123|303
SVBI|3|21|3940|130|ASP|0|33|213
SVBL|9|27|10400|157|CON|1|82|262
SVBM|9|27|9350|147|ASP|1|81|261
SVBS|11|29|6846|131|ASP|1|104|284
SVBS|6|24|4453|131|ASP|0|51|231
SVCB|7|25|5527|148|ASP|1|56|236
SVCD|11|29|4920|100|ASP|0|102|282
SVCJ|15|33|6575|98|ASP|0|142|322
SVCL|9|27|4790|115|ASP|0|84|264
SVCN|1|19|7070|98|ASP|0|354|174
SVCP|17|35|6611|148|ASP|0|168|348
SVCR|9|27|6761|148|ASP|1|79|259
SVCS|10|28|6562|98|ASP|1|94|274
SVCU|8|26|10171|148|ASP|1|62|242
SVCZ|8|26|9842|195|ASP|1|78|258
SVED|8|26|4000|125|ASP|0|88|268
SVEN|5|23|4118|53|ASP|0|48|228
SVEP|8|26|4137|49|ASP|0|66|246
SVEZ|7|25|3937|98|ASP|0|76|256
SVFM|11|29|6475|140|ASP|1|102|282
SVFU|8|26|3278|50|ASP|0|74|254
SVGC|3|21|3937|49|ASP|0|28|208
SVGC|4|22|3937|49|ASP|0|28|208
SVGD|5|23|6792|98|ASP|0|56|236
SVGI|5|23|6585|131|ASP|0|33|213
SVGU|5|23|5905|131|ASP|1|45|225
SVHG|8|26|3937|98|ASP|0|70|250
SVIE|9|27|3937|98|ASP|0|87|267
SVJC|9|27|9186|148|ASP|1|85|265
SVJM|6|24|4990|75|ASP|0|49|229
SVLF|18|36|0|0|UNK|0|180|360
SVLF|1|19|6643|190|ASP|1|0|180
SVLM|5|23|4095|35|ASP|0|55|235
SVLM|7|25|4095|35|ASP|0|55|235
SVLO|8|26|9843|148|ASP|1|72|252
SVMC|03L|21R|9843|148|CONCRETE|1|31|211
SVMC|03R|21L|8202|98|CONCRETE|1|31|211
SVMD|6|24|5348|148|ASP|0|59|239
SVMG|09L|27R|9958|100|ASP|0|78|258
SVMG|9|27|10499|150|ASP|1|78|258
SVMI|10|28|11483|148|ASP|1|88|268
SVMI|9|27|9930|148|ASP|1|76|256
SVMP|8|26|4659|98|ASP|0|77|257
SVMT|6|24|6890|148|ASP|1|49|229
SVMZ|7|25|3905|59|ASP|0|59|239
SVMZ|8|26|3905|59|ASP|0|59|239
SVNX|8|26|4921|98|ASP|0|73|253
SVON|6|24|6160|95|ASP|0|56|236
SVPA|4|22|8272|140|ASP|1|30|210
SVPC|10|28|6970|145|ASP|1|96|276
SVPE|9|27|4180|80|ASP|0|72|252
SVPF|10|28|3435|60|ASP|0|91|271
SVPH|10|28|3051|0|GRS|0|100|280
SVPM|2|20|3571|129|ASP|0|12|192
SVPR|7|25|6726|148|ASP|1|64|244
SVPT|5|23|3775|66|ASP|0|52|232
SVQL|10|28|5905|82|ASP|0|104|284
SVQU|9|27|3720|39|ASP|0|95|275
SVRA|10|28|3281|49|ASP|0|86|266
SVRB|8|26|3910|70|ASP|0|76|256
SVRS|7|25|2756|0|ASP|0|70|250
SVSA|17|35|6135|131|ASP|1|166|346
SVSB|11|29|5560|131|ASP|0|111|291
SVSB|12|30|5560|131|ASP|0|111|291
SVSE|11|29|5445|98|ASP|0|102|282
SVSN|9|27|4810|72|ASP|0|79|259
SVSO|11|29|9990|148|ASP|1|110|290
SVSP|5|23|4921|131|ASP|0|36|216
SVSR|11|29|6420|160|ASP|0|108|288
SVST|8|26|6299|148|ASP|1|68|248
SVSZ|18|36|8835|130|ASP|1|179|359
SVTC|7|25|5512|131|ASP|0|65|245
SVTM|8|26|9765|125|ASP|0|68|248
SVTP|11|29|0|0|Surface paved|0|115|294
SVUP|12|30|3645|98|ASP|0|117|297
SVVA|10|28|9842|164|ASP|1|93|273
SVVG|9|27|10645|145|ASP|1|82|262
SVVL|3|21|6791|148|ASP|1|18|198
SVVP|8|26|4921|164|ASP|0|72|252
SVWB|9|27|3915|50|ASP|0|89|269
SVWQ|16|34|3585|40|ASP|0|158|338
SWBC|9|27|3937|98|ASP|0|90|270
SWBG|1|19|4921|98|ASP|0|10|190
SWBR|12|30|3937|75|ASP|0|120|300
SWCA|4|22|5463|59|ASP|0|40|220
SWCB|18|36|3937|66|ASP|0|180|360
SWCQ|2|20|4905|66|ASP|0|20|200
SWCZ|15|33|3537|75|ASP|0|150|330
SWDM|17|35|5348|59|ASP|0|170|350
SWDN|10|28|4167|98|GVL|0|100|280
SWEI|16|34|7546|148|ASP|0|160|340
SWEK|18|36|3412|89|GRE|0|180|360
SWFN|11|29|2621|98|ASP|0|110|290
SWFR|5|23|4593|98|ASP|0|50|230
SWFX|12|30|4757|98|ASP|0|120|300
SWGI|12|30|5577|98|ASP|0|120|300
SWGN|9|27|5919|148|ASP|0|90|270
SWHP|3|21|5208|60|ASP|1|14|194
SWHT|14|32|4987|98|ASP|0|140|320
SWII|1|19|4921|97|CON|0|10|190
SWJN|17|35|5249|98|ASP|0|170|350
SWJW|13|31|4921|75|ASP|0|130|310
SWKC|17|35|6070|98|ASP|0|170|350
SWKO|10|28|5249|118|ASP|0|100|280
SWKQ|16|34|5413|148|ASPH|0|160|340
SWKT|17|35|4593|98|ASP|0|170|350
SWLB|18|36|3937|98|ASP|0|180|360
SWLC|3|21|4921|98|ASP|0|30|210
SWME|18|36|3281|59|ASP/GRE|0|180|360
SWMW|1|19|3937|82|ASP|0|10|190
SWNH|6|24|4951|98|ASP|1|60|240
SWNK|18|36|5249|108|ASP|0|180|360
SWNQ|2|20|4852|59|ASP|0|20|200
SWNS|7|25|6043|148|ASP|0|70|250
SWOB|18|36|4167|89|ASP|0|180|360
SWPI|6|24|5906|98|ASP|0|60|240
SWPK|18|36|4265|131|ASP|0|180|360
SWPM|4|22|4265|66|ASP|0|40|220
SWPR|10|28|4757|131|ASP|0|100|280
SWPY|1|19|3609|75|ASP|0|10|190
SWPZ|10|28|4921|82|ASP|1|100|280
SWRO|1|19|4265|98|Earth|0|10|190
SWTO|10|28|3937|98|ASP|0|100|280
SWTP|9|27|3937|98|SAND|0|90|270
SWTS|18|36|4921|98|ASP|0|180|360
SWTY|6|24|4593|98|ASP|0|60|240
SWUA|8|26|4921|98|ASP|0|80|260
SWUZ|12|30|4265|66|ASP|0|120|300
SWVC|7|25|4429|98|GRE|0|70|250
SWWA|14|32|4921|75|ASP|0|140|320
SWWU|18|36|4724|98|ASP|0|180|360
SWXM|2|20|6096|98|ASP|0|20|200
SWXV|4|22|4888|148|GVL|1|40|220
SWYN|8|26|3937|75|ASP|0|80|260
SYCJ|11|29|5002|148|ASP|0|90|270
SYCJ|6|24|7448|148|ASP|1|45|225
TAPA|7|25|9003|148|ASP|1|58|238
TAPH|10|28|1640|0||0|100|280
TBPB|9|27|11000|150|ASP|1|76|256
TDCF|1|19|3130|75|ASP|1|356|176
TDPD|9|27|5761|148|ASP|0|70|250
TFFA|9|27|1985|0|paved|0|90|270
TFFF|10|28|9843|148|ASP|1|80|260
TFFG|12|30|3937|98|ASP|1|107|287
TFFJ|10|28|2119|59|CON|0|89|269
TFFM|9|27|4068|98|ASP|1|78|258
TFFR|12|30|11499|148|ASP|1|101|281
TFFS|9|27|1786|49|ASPHALT|0|78|258
TGPY|10|28|9003|148|ASP|1|90|270
TGPZ|9|27|2625|0|Concrete|0|90|270
TIST|10|28|7000|150|ASP|1|88|268
TISX|10|28|10004|150|ASP|1|84|264
TJAB|8|26|3975|60|ASP|1|68|248
TJBQ|8|26|11702|200|ASP|1|72|252
TJCP|13|31|2600|50|ASPH-G|0|130|310
TJIG|9|27|5317|100|ASP|1|83|263
TJMZ|9|27|4998|100|ASP|1|76|256
TJPS|12|30|6904|150|ASP|1|108|288
TJRV|18|36|5800|100|ASPH-CONC|0|180|360
TJRV|7|25|11000|150|ASPH-CONC|0|70|250
TJSJ|10|28|8016|150|CON|1|90|270
TJSJ|8|26|10002|200|ASP|1|67|247
TJVQ|9|27|4301|75|ASP|1|77|257
TKPK|7|25|7602|148|ASP|1|57|237
TKPN|10|28|4006|98|ASP|1|89|269
TLPC|9|27|5735|148|ASP|1|75|255
TLPL|10|28|9003|148|ASP|1|90|270
TNCA|11|29|9000|148|ASP|1|104|284
TNCB|10|28|9449|148|ASP|1|92|272
TNCC|11|29|11188|197|ASP|1|102|282
TNCE|6|24|4265|100|ASP|1|50|230
TNCM|10|28|7546|148|ASP|1|96|276
TNCS|12|30|1312|0|CON|0|120|300
TQPF|11|29|5462|98|ASP|1|91|271
TRPG|10|28|1968|0|ASP|0|100|280
TTCP|11|29|9002|159|ASP|1|94|274
TTPP|10|28|10500|150|ASP|1|90|270
TUPA|9|27|2500|0|UNK|0|90|270
TUPJ|7|25|4642|89|ASP|1|61|241
TUPW|3|21|3100|0||0|30|210
TVSA|4|22|9000|148|ASP|1|40|220
TVSB|12|30|3609|98|ASP|1|103|283
TVSC|13|31|5900|98|ASP|1|122|302
TVSM|9|27|3255|75|ASP|1|71|251
TXKF|12|30|9705|150|ASP|1|102|282
UAAA|05L|23R|14764|148|ASPH|1|50|230
UAAA|05R|23L|14436|148|ASP|1|56|236
UAAH|5|23|8208|131|CON|1|52|232
UAAL|9|27|7546|144|CON|0|90|270
UAAT|2|20|9846|164|CON|1|20|200
UACC|4|22|11484|148|ASP|1|45|225
UACK|2|20|8325|125|ASP|0|32|212
UACP|5|23|8190|128|ASP|0|66|246
UADD|13|31|9514|148|ASP|1|137|317
UAFW|11|29|8859|164|CON|0|115|295
UAII|10|28|9186|144|CON|1|107|287
UAKD|4|22|8530|138|CON|1|52|232
UAKK|5|23|10831|197|CON|1|58|238
UAON|6|24|14765|275|asphalt|1|60|240
UAOO|5|23|8858|148|ASPH|0|50|230
UARR|4|22|9183|148|CON|1|52|232
UASK|12L|30R|6088|200|GRS|0|131|311
UASK|12|30|8234|138|ASP|1|131|311
UASP|3|21|8202|148|CON|1|43|223
UASS|2|20|3270|253|CON|0|24|204
UASS|8|26|10159|145|CON|1|84|264
UASZ|9|27|4938|115|CON|0|90|270
UATE|11|29|10000|148|ASP|1|123|303
UATG|14|32|9842|144|ASP|1|150|330
UATT|12|30|10505|151|CON|1|135|315
UAUU|15|33|8150|157|ASP|1|157|337
UBBB|16|34|13123|197|ASP|1|167|347
UBBB|17|35|10499|148|CON|1|179|359
UBBG|12|30|10827|148|CON|1|128|308
UBBL|15|33|10837|148|ASP|0|151|331
UBBN|14L|32R|10826|138|ASP|1|137|317
UBBN|14R|32L|10826|148|CON|1|137|317
UBBQ|16|34|11811|197|Asphalt/Concrete|1|160|340
UBBY|15|33|9843|148|Asphalt|0|150|330
UCFL|7|25|12467|148|ASP|1|74|254
UDSG|2|20|10564|147|ASP|1|24|204
UDYE|3|21|9134|132|ASP|0|33|213
UDYZ|8|26|12631|184|ASP|1|90|270
UECT|1|19|10170|138|CON|0|10|190
UEEA|6|24|4514|111|ASP|0|60|240
UEEE|05R|23L|11155|197|CON|1|37|217
UELL|8|26|11811|148|CON|1|69|249
UEMA|16|34|5906|98||0|160|340
UEMM|1|19|4265|65|CON|1|10|190
UEMO|16|34|4265|0|ASP|0|160|340
UEMT|8|26|5020|0|ASP|0|80|260
UENN|16|34|4265|0||0|160|340
UENS|17|35|5906|0|CON|0|170|350
UENW|12|30|5249|105|CON|1|120|300
UERL|7|25|6562|0|GRAVEL|0|70|250
UERO|18|36|7874|0||0|180|360
UERP|17|35|10170|138|CON|1|164|344
UERR|7|25|9187|148|CON|1|56|236
UESK|1|19|5906|197|concrete|1|10|190
UESO|7|25|6233|98|CON|1|70|250
UESS|13|31|5577|0|ASP|0|130|310
UEST|3|21|9845|194|CON|1|8|188
UGAM|11|29|3609|98|CONC|0|110|290
UGKO|7|25|8202|144|CON|1|81|261
UGSB|12|30|8202|148|ASP|1|131|311
UGSS|12|30|12012|172|CON|1|123|303
UGTB|13R|31L|9843|147|CON|1|136|316
UHBB|18|36|9256|148|ASP|1|168|348
UHHH|05L|23R|11483|148|ASP|1|42|222
UHHH|05R|23L|13124|197|CON|1|42|222
UHHT|6|24|3116|98|CON|1|60|240
UHKD|1|19|8202|246|CON|1|10|190
UHKK|18|36|8202|0|CON|0|180|360
UHKM|9|27|9842|151|CON|1|90|270
UHMA|2|20|11483|196|CON|1|14|194
UHMD|2|20|7190|240|GRS|0|22|202
UHMG|6|24|6561|98|CON|1|60|240
UHMK|9|27|11482|197|CON|1|90|270
UHMM|10|28|11326|195|CON|1|93|273
UHMO|9|27|7874|0||0|90|270
UHMP|17|35|8202|138|CON|1|167|347
UHMW|3|21|5249|0|GVL|0|30|210
UHNB|3|21|4593|92|CON|1|30|210
UHNN|11|29|6233|131|CON|1|110|290
UHOO|3|21|6562|164|CON|1|30|210
UHPD|2|20|5249|115|CON|1|20|200
UHPK|1|19|4100|115|CON|1|10|190
UHPP|12|30|735|50|ASP|0|118|298
UHPP|16L|34R|11155|197|CON|1|157|337
UHPP|16R|34L|8235|197|CON|0|157|337
UHSB|14|32|7808|0|concrete|0|140|320
UHSH|13|31|5262|118|Concrete|1|120|300
UHSI|13|31|7546|138|concrete|1|130|310
UHSK|16|34|5249|0||0|160|340
UHSN|4|22|5741|115|ASP|0|40|220
UHSS|1|19|11155|148|CON|1|1|181
UHWK|13|31|4265|131|CON|1|130|310
UHWP|13|31|5249|0|GRAVEL|0|130|310
UHWW|07R|25L|11483|197|ASP|1|61|241
UIAA|11L|29R|5905|245|GRS|0|101|281
UIAA|11|29|9430|184|CON|1|100|280
UIBB|12|30|10368|197|CON|1|115|295
UIBS|7|25|9843|131|CON|1|70|250
UIIB|15|33|13123|262|CON|1|150|330
UIII|12|30|11696|148|CON|1|114|294
UIKB|6|24|5436|0|dirt|1|60|240
UIKK|9|27|5085|131|CON|1|90|270
UITK|4|22|5248|105|CON|1|40|220
UITT|12|33|6561|147|CON|1|120|330
UIUN|5|23|5249|105|CON|1|50|230
UIUU|8|26|11155|148|CON|1|83|263
UKBB|18L|36R|13123|197|CON|1|183|3
UKBB|18R|36L|11483|206|CON|1|183|3
UKCM|11|29|4624|280|GRE|0|112|292
UKCM|2|20|8431|164|ASP|1|21|201
UKDB|9|27|8202|157|CON|0|95|275
UKDD|9|27|9320|144|CON|1|90|270
UKDE|2|20|8210|138|CON|1|23|203
UKDR|18|36|8202|138|CON|1|186|6
UKFF|01L|19R|12142|197|CON|1|13|193
UKFF|1|19|0|0|UNK|0|10|190
UKFK|7|25|5420|115|ASP|0|73|253
UKHH|8|26|7285|165|PEM|1|90|270
UKKE|15|33|8180|138|ASP|1|150|330
UKKK|8|26|7579|148|Concrete|1|86|266
UKKM|15|33|11483|184|CON|1|154|334
UKLC|7|25|5446|0|CON|1|70|250
UKLH|16|34|7219|140|CON|0|166|346
UKLI|10|28|8226|144|CON|1|104|284
UKLL|13|31|10843|148|ASP|1|136|316
UKLN|15|33|7270|138|ASP|1|153|333
UKLR|11|29|8615|138|CON|1|118|298
UKLT|10|28|6465|140|CON|1|104|284
UKLU|10|28|6686|131|CON|1|103|283
UKOH|3|21|8202|138|CONC|1|30|210
UKON|05L|23R|5905|250|GRS|0|51|231
UKON|5|23|8438|144|ASP|1|51|231
UKOO|16|34|9186|148|PEM|1|156|336
UKOO|7|25|1815|197|GRS|0|75|255
UKOR|5|23|10568|0|concrete|0|50|230
UKWW|13|31|8175|117|concrete|0|130|310
ULAA|8|26|8202|144|CON|1|96|276
ULAH|12|30|7875|98|CON|1|120|300
ULAL|11|29|5236|118|Concrete|1|110|290
ULAL|3|21|2132|197|dirt|0|30|210
ULAM|6|24|8202|131|CON|1|60|240
ULAS|10|28|4920|105|CON|1|100|280
ULDW|4|22|5905|105|CON|1|40|220
ULKK|13|31|4757|0|ASP|0|130|310
ULKS|13|31|8202|157|Concrete|1|130|310
ULLI|10L|28R|11146|197|CON|1|106|286
ULLI|10R|28L|12402|197|CON|1|106|286
ULLP|3|21|8202|144|Concrete|0|30|210
ULMM|13|31|8202|148|CON|1|146|326
ULOO|01R|19L|5578|144|GRE|0|18|198
ULOO|1|19|8281|144|CON|1|18|198
ULPB|2|20|8202|157|CON|1|23|203
ULWC|3|21|8202|131|CON|1|42|222
ULWU|6|24|5069|0|ASP|0|60|240
ULWW|15|33|4921|131|CON|1|150|330
UMBB|11|29|8596|138|ASP|1|114|294
UMGG|10|28|8428|141|ASP|1|112|292
UMII|6|24|8550|138|ASP|1|62|242
UMKK|6|24|10991|148|CON|1|66|246
UMLI|15|33|9836|164|CON|1|150|330
UMMA|4|22|9836|164|CON|1|40|220
UMMG|17|35|8399|138|CON|1|178|358
UMMG|9|27|2172|92|ASP|0|89|269
UMMS|13L|31R|12139|197|CONC|1|138|318
UMMS|13R|31L|11946|197|CON|1|139|319
UMOO|13|31|8422|138|ASP|1|137|317
UNAA|2|20|10663|148|ASP|1|26|206
UNAU|8|26|5906|115|CON|1|80|260
UNBB|6|24|9350|164|CON|1|67|247
UNBG|2|20|7546|138|ASPHALT|0|25|205
UNCC|2|20|2460|115|Asphalt|0|26|206
UNEE|5|23|10499|197|CON|1|54|234
UNIB|7|29|3581|92|CON|0|70|290
UNII|17|35|7217|131|CON|1|170|350
UNIP|4|22|5597|92||0|40|220
UNIS|3|21|4920|66|CON|1|30|210
UNIT|17|35|4593|92|CON|1|170|350
UNIW|6|24|4592|72|CON|1|60|240
UNKB|8|26|3938|66|CON|1|80|260
UNKI|6|24|5250|105|CON|1|60|240
UNKL|11|29|12139|197|ASP|1|113|293
UNKO|3|21|4922|115|CON|0|30|210
UNKS|8|26|8038|138|CON|0|87|267
UNKY|5|23|8858|131|CON|1|50|230
UNLL|17|35|4430|98|CON|1|170|350
UNNE|1|19|10500|246|CON|1|10|190
UNNT|16|34|11818|148|ASP|1|170|350
UNNT|7|25|11801|197|ASP|1|81|261
UNOO|15|33|2380|250|GRS|0|165|345
UNOO|6|24|9435|270|GRS|0|77|257
UNOO|7|25|8202|148|ASP|1|77|257
UNOS|4|22|9842|262|CON|1|40|220
UNSS|15|33|6562|131|CON|1|150|330
UNTT|3|21|8202|164|asphalt|1|25|205
UNWW|1|19|8789|148|CONC|0|10|190
UODD|5|23|4920|66|CON|1|50|230
UOHH|6|24|8872|158|CON|1|65|245
UOII|12|30|8202|147|CON|1|120|300
UOOO|1|19|9255|148|CON|1|32|212
UOOW|13H|31H|394|0|ASP|0|130|310
UOTT|13|31|5905|92|CON|1|130|310
URKA|4|22|8202|138|CON|1|42|222
URKG|1|19|10171|148|CONC|1|14|194
URKK|05L|23R|7218|160|ASP|1|53|233
URKK|05R|23L|9835|145|CON|1|53|233
URMG|8|26|8202|148|Concrete|1|80|260
URML|14R|32L|8688|230|GRS|0|148|328
URML|14|32|8661|138|CON|1|149|329
URMM|11|29|12795|197|CON|1|122|302
URMN|6|24|7218|138|ASP|1|63|243
URMO|9|27|9843|148|CON|1|102|282
URMS|9|27|9842|151|ASPHALT|0|96|276
URMT|7|25|8530|157|ASP|1|76|256
URRP|5|23|11811|148|CON|1|54|234
URRT|10|28|9052|131|concrete|0|104|284
URSS|2|20|8202|161|CON|1|22|202
URSS|6|24|9498|148|CON|1|58|238
URWA|11|29|6398|328|GRS|0|121|301
URWA|9|27|10499|148|CON|1|96|276
URWI|09L|27R|7555|280|GRE|0|98|278
URWI|9|27|10499|148|ASP|1|98|278
URWW|5|23|9186|148|CON|1|64|244
USCC|9|27|10499|197|CON|1|104|284
USCG|12|30|8202|131|CON|1|120|300
USCM|36|18|10663|148|CON|1|16|196
USDA|4|22|8858|151|CON|1|40|220
USDB|10H|28H|722|59|ASP|0|100|280
USDB|10|28|8698|151|CON|1|100|280
USDD|4|22|8917|151|CON|1|61|241
USHH|6|24|9180|141|ASP|1|75|255
USHN|16|34|8307|144|CON|1|160|340
USHQ|16|34|7028|144|CONC|0|161|341
USHS|12|30|8202|144|CON|1|120|300
USHU|18|36|7218|138|CON|1|180|360
USII|1|19|8202|142|CON|0|10|190
USKK|4|22|7230|150|ASPHALT|0|48|228
USKK|6|24|2247|65|GRASS|0|73|253
USMM|14|32|8360|151|Concrete|0|136|316
USMU|9|27|8366|151|concrete|0|88|268
USNN|3|21|10499|197|ASP|1|42|222
USPP|3|21|10520|161|CON|1|46|226
USPT|17|35|4921|131|CON|1|170|350
USRK|17|35|8225|138|CON|1|190|10
USRN|14|32|8858|131|CON|1|140|320
USRO|1|19|8202|138|ASPHALT|0|25|205
USRR|7|25|9154|148|ASP|1|90|270
USSK|8|26|5905|124|CON|1|80|260
USSS|08L|26R|8192|148|ASP|0|90|270
USSS|08R|26L|9925|148|CON|1|94|274
USTJ|8|26|7885|137|Concrete|1|90|270
USTO|7|25|3938|82|CON|1|70|250
USTR|12|30|8871|164|ASP|1|135|315
USTR|3|21|9852|148|PEM|1|48|228
USUU|2|20|8530|138|CON|1|20|200
UTAA|11L|29R|12467|148|CON|1|119|299
UTAA|11R|29L|12467|197|CON|1|119|299
UTAE|16|34|8858|148|ASP|0|169|349
UTAK|16L|34R|8202|144|CON|1|167|347
UTAK|16R|34L|11483|148|CON|1|160|340
UTAM|18L|36R|9107|147|CON|1|178|358
UTAM|18R|36L|7994|98|CON|1|178|358
UTAT|09L|27R|8858|138|ASP|1|90|270
UTAV|13|31|12467|197|CONC|1|126|306
UTDD|9|27|10170|147|ASP|1|90|270
UTDK|1|19|9843|137|ASP|1|17|197
UTDL|8|26|10433|164|ASP|1|82|262
UTDT|17|35|7497|0||0|170|350
UUBA|13|31|5577|157|CON|1|130|310
UUBC|13|31|6885|131|ASP|1|130|310
UUBI|11|29|8202|138|CON|1|110|290
UUBK|4|22|3282|92|CON|0|40|220
UUBP|16|34|7874|138|CON|1|172|352
UUBS|8|26|5249|0|CON|0|80|260
UUBW|12|30|15092|230|CON|0|120|300
UUDD|13C|31C|7776|174|CON|1|146|326
UUDD|13R|31L|11483|197|CON|1|146|326
UUDL|5|23|9870|135|ASP|1|63|243
UUEE|06C|24C|11654|197|CON|1|64|244
UUEE|06L|24R|12139|197|paved|1|64|244
UUEE|06R|24L|12139|197|CON|1|64|244
UUEI|6|24|4642|138|ASP|0|60|240
UUEM|7|25|8202|160|CON|1|75|255
UUMO|7|25|6729|157|CON|1|70|250
UUMU|12L|30R|11811|315|concrete|1|120|300
UUMU|12R|30L|9842|190|concrete|1|120|300
UUOB|11|29|8202|138|ASP|1|117|297
UUOB|12|30|7930|220|GRE|0|117|297
UUOD|3|21|6889|138|CON|1|30|210
UUOK|12|30|8202|131|CON|1|124|304
UUOL|15|33|7546|131|CON|1|150|330
UUOO|12|30|7546|161|CON|1|131|311
UUOT|14|32|6889|138|concrete|0|142|322
UUWW|1|19|10039|148|ASP|1|12|192
UUWW|6|24|11483|197|ASP|1|57|237
UUYH|18|36|8691|148|CON|1|180|360
UUYK|17|35|4921|115|CON|1|170|350
UUYP|16|34|5905|131|CON|1|160|340
UUYS|13|31|8202|138|CON|1|130|310
UUYV|1|19|4264|105|CON|1|10|190
UUYW|8|26|7218|157|CON|1|80|260
UUYX|15|33|4265|98|CON|1|150|330
UUYY|18|36|8203|148|ASP|1|22|202
UWGG|15|33|1969|72|ASP|0|159|339
UWGG|18L|36R|9843|148|ASP|1|191|11
UWGG|18R|36L|9203|148|CON|1|191|11
UWGG|6|24|1640|72|ASP|0|68|248
UWKB|1|19|6561|131|concrete|0|12|192
UWKD|11|29|12303|197|CON|1|126|306
UWKE|3|21|8209|138|ASP|1|34|214
UWKG|11|29|10826|279|CON|1|110|290
UWKJ|16|34|7874|0|ASP|0|160|340
UWKS|06R|24L|4950|270|GRS|0|73|253
UWKS|6|24|8241|161|ASP|1|72|252
UWLL|2|20|10171|148|ASP|1|19|199
UWLS|13L|31R|3280|115|CON|1|130|310
UWLW|2|20|16404|323|CON|1|18|198
UWOO|8|26|8212|138|CON|1|90|270
UWOR|07R|25L|5840|300|GRS|0|77|257
UWOR|16|34|2030|170|GRS|0|172|352
UWOR|1|19|1980|160|GRS|0|16|196
UWOR|7|25|9514|138|ASP|1|77|257
UWPP|11|29|9155|145|asphalt|0|110|290
UWPS|2|20|9186|138|CONC|0|33|213
UWSB|3|21|7710|131|CON|1|30|210
UWSG|8|26|9843|148|CON|1|81|261
UWUB|8|26|4920|131|CON|1|80|260
UWUK|1|19|6562|131|CON|1|10|190
UWUU|14R|32L|12339|148|CON|1|151|331
UWUU|14|32|2115|315|GRE|0|152|332
UWWB|1|19|7217|138|CON|1|10|190
UWWG|2|20|11482|295|CON|1|20|200
UWWS|4|22|3938|124|CON|0|40|220
UWWW|15|33|9846|148|CON|1|148|328
UWWW|5|23|8379|197|ASP|1|49|229
VA1B|8|26|3128|100|ASP|0|79|259
VA1C|14|32|4887|80|ASP|0|140|320
VA1D|8|26|4665|85|ASP|0|84|264
VA1E|4|22|3900|95|ASP|0|44|224
VA1F|6|24|3540|50|ASP|0|64|244
VA1G|7|25|4593|95|BIT|0|70|250
VA1H|18|36|3895|98|ASP|0|173|353
VA1J|17|35|3260|75|ASP|0|172|352
VA1L|8|26|2279|175|ASP|0|82|262
VA1M|10|28|4200|100|ASP|0|96|276
VA1N|14|32|3610|95|BIT|0|140|320
VA1O|14|32|3670|50|ASP|0|143|323
VA2D|8|26|3753|75|ASP|0|77|257
VA78|H1||40|21|CONC|0|-1|-1
VAAH|5|23|11447|150|PEM|1|45|225
VAAK|10|28|4600|145|PEM|0|103|283
VAAU|9|27|9314|148|Macadam|1|89|269
VABB|14|32|9419|148|ASP|1|134|314
VABB|9|27|11511|197|ASP|1|89|269
VABJ|5|23|8205|150|ASP|1|45|225
VABO|4|22|8100|150|ASP|1|44|224
VABP|12|30|6700|148|ASP|1|118|298
VABP|6|24|3420|148|BIT|1|55|235
VABV|7|25|6300|150|ASP|1|68|248
VADN|3|21|5909|150|ASP|1|25|205
VADN|9|27|3282|80|ASP|0|94|274
VADS|6|24|3300|65|ASP|0|53|233
VAGN|14|32|3000|45|ASP|0|141|321
VAHS|5|23|9974|148|ASP|1|50|230
VAID|7|25|7480|148|COM|1|65|245
VAJB|6|24|6522|150|ASP|1|58|238
VAJJ|8|26|3750|0|UNK|0|80|260
VAJL|9|27|5958|75|BIT|1|89|269
VAJM|12|30|8236|148|ASP|0|116|296
VAJM|6|24|8242|148|CON|1|61|241
VAKE|5|23|4997|94|CON|0|50|230
VAKP|7|25|6332|147|ASP|1|70|250
VAKS|5|23|4500|150|ASP|1|50|230
VALT|5|23|7546|100|ASP|0|51|231
VANP|14|32|10500|150|ASP|1|143|323
VAOZ|9|27|9843|148|CON/ASP|1|85|265
VAPO|10|28|10000|150|ASP|1|94|274
VAPO|14|32|5893|150|ASP|0|134|314
VAPR|9|27|4500|150|ASP|0|88|268
VARG|5|23|6890|148|ASP|0|43|223
VARK|5|23|6040|148|ASP|1|47|227
VASD|9|27|8202|148|Hard|0|89|269
VASL|15|33|6591|145|BIT|0|145|325
VASU|4|22|9530|148|ASP|1|43|223
VAUD|8|26|7484|150|ASP|1|82|262
VCBI|4|22|10991|148|ASP|1|37|217
VCCA|5|23|4876|150|ASP|0|46|226
VCCB|6|24|3592|40|ASP|0|61|241
VCCC|4|22|6013|100|ASP|1|33|213
VCCG|7|25|3600|151|ASP|0|65|245
VCCJ|5|23|4593|98|ASP|1|50|230
VCCK|7|25|3142|140|ASP|0|70|250
VCCN|11|29|3200|145|ASP|0|108|288
VCCS|4|22|5925|145|ASP|0|39|219
VCCT|6|24|7850|85|ASP|0|59|239
VCCV|5|23|5060|80|ASP|0|41|221
VCCW|7|25|4000|93|ASP|0|69|249
VCRI|5|23|11483|197|Asphalt|1|50|230
VDBG|7|25|5250|112|ASP|0|69|249
VDKH|18|36|7874|150|CON|0|182|2
VDPP|5|23|9843|144|ASP|1|46|226
VDRK|18|36|3937|0|UNK|0|180|360
VDSA|5|23|11827|197|CONC|0|50|230
VDST|2|20|4248|70|ASP|0|19|199
VDSV|3|21|8202|112|ASP|1|28|208
VE23|9|27|4010|75|ASP|0|88|268
VE24|3|21|6595|148|ASP|1|35|215
VE36|6|24|4200|55|ASP|0|59|239
VE41|11|29|3015|75|ASP|0|113|293
VE54|9|27|3000|100|ASP|0|89|269
VE62|4|22|9000|150|ASP|1|42|222
VE67|10|28|4395|80|ASP|0|104|284
VE85|13|31|3491|70|ASP|0|127|307
VE91|12|30|3980|70|ASP|0|120|300
VE96|10|28|3785|98|ASP|0|104|284
VEAN|5|23|3000|95|ASP|0|54|234
VEAT|18|36|7500|148|ASP|1|184|4
VEAT|5|23|0|0|UNK|0|50|230
VEAZ|1|19|3755|70|ASP|0|7|187
VEBA|18|36|2830|100|asphalt|0|180|360
VEBD|18|36|9035|150|PEM|1|181|1
VEBG|9|27|4906|0||0|90|270
VEBI|4|22|6000|150|CON|0|39|219
VEBK|13|31|5300|100|ASP|0|131|311
VEBN|9|27|7238|150|ASP|1|93|273
VEBS|14|32|9003|150|BIT|1|144|324
VEBS|5|23|4524|150|BIT|0|51|231
VEBU|17|35|5035|82|ASP|0|168|348
VECA|5|23|9003|148|ASP|1|50|230
VECC|01L|19R|7871|150|ASP|1|6|186
VECC|01R|19L|11900|150|ASP|1|6|186
VECO|4|22|3500|100|ASP|0|44|224
VEDB|7|25|3728|93|ASP|0|72|252
VEDG|16|34|9186|138|ASP|0|160|340
VEDH|10|28|9000|150|CON|0|98|278
VEDO|9|27|2398|0|paved|0|90|270
VEDX|17|35|9000|150|CON|1|172|352
VEDZ|7|25|3030|0||0|70|250
VEGK|11|29|9000|150|PEM|1|113|293
VEGT|2|20|9000|150|ASP|1|23|203
VEGY|10|28|7500|148|ASP|1|104|284
VEHK|15|33|4185|55|ASP|0|148|328
VEIM|4|22|9009|148|ASP|1|35|215
VEJH|6|24|7844|148|CON|0|63|243
VEJP|16|34|3937|0|ASPH|0|160|340
VEJS|8|26|4010|100|ASP|0|81|261
VEJT|4|22|9000|150|CON|1|44|224
VEKI|11|29|10500|148|Asphalt|0|110|290
VEKM|1|19|4500|0|ASP|0|10|190
VEKR|3|21|3300|100|ASP|0|27|207
VEKU|6|24|5993|148|ASP|1|57|237
VEKW|18|36|3000|0||0|180|360
VELP|17|35|8202|148|ASP|1|171|351
VELR|4|22|7500|150|PEM|1|43|223
VEMH|11|29|3600|0||0|110|290
VEMN|5|23|6000|148|ASP|1|45|225
VEMR|12|30|7513|148|ASP|1|118|298
VEMZ|10|28|3990|90|ASP|0|105|285
VENP|1|19|3380|96|COM|0|1|181
VEPG|17|35|3300|0||0|170|350
VEPH|15|33|9000|150|ASP|1|149|329
VEPI|2|20|6116|150|ASP|1|17|197
VEPT|7|25|6410|148|ASP|1|68|248
VEPU|9|27|8700|150|CON|1|90|270
VERC|13|31|8855|148|ASP|1|130|310
VERK|9|27|5987|98|ASP|0|89|269
VETJ|14|22|4500|0||0|140|220
VETZ|5|23|9010|150|ASP|1|44|224
VEUK|4|22|3000|100|ASP|0|31|211
VEZO|18|36|4010|100|ASP|0|183|3
VGBR|17|35|5995|100|ASP|1|174|354
VGCB|17|35|6790|125|ASP|0|169|349
VGEG|5|23|9646|150|PEM|1|48|228
VGHS|14|32|11500|150|PEM|1|144|324
VGIS|15|33|4700|80|CON|0|154|334
VGJR|16|34|8000|150|ASP|1|158|338
VGRJ|17|35|6000|100|ASP|1|170|350
VGSD|16|34|6000|100|ASP|1|160|340
VGSY|11|29|9478|150|ASP|1|113|293
VGTJ|17|35|9315|98|ASP|0|164|344
VHHH|07C|25C|12467|197|ASP|1|71|251
VHHH|07L|25R|12467|197|ASPH|1|74|254
VHHH|07R|25L|12467|197|ASP|1|71|251
VHSK|11|29|6180|110|ASP|0|111|291
VI00|15|33|8202|0|ASP|0|150|330
VI20|9|27|3480|80|ASP|0|89|269
VI40|13|31|3000|150|ASP|0|134|314
VI43|5|23|8990|148|ASP|1|50|230
VI57|10|28|10000|145|ASP|0|107|287
VI65|2|20|6004|106|ASP|0|22|202
VI66|13|31|9002|164|GVL|0|137|317
VI69|10|28|4567|135|BIT|0|104|284
VI70|11|29|3825|150|GRE|0|110|290
VI71|16|34|3068|78|MAC|0|156|336
VI73|5|23|3853|55|ASP|0|47|227
VI75|9|27|2880|80|ASP|0|92|272
VI76|8|26|4027|150|GRE|0|84|264
VI82|16|34|3285|75|ASP|0|158|338
VI88|16|34|4010|105|ASP|0|160|340
VI90|11|29|4260|75|ASP|0|108|288
VIAG|12|30|5964|148|CON|1|116|296
VIAG|5|23|9000|148|CON|1|46|226
VIAH|11|29|4882|75|ASPH|0|110|290
VIAM|12L|30R|9224|150|ASP|1|122|302
VIAR|16|34|10791|148|ASP|1|158|338
VIAW|12|30|10500|150|ASP|1|124|304
VIAX|13|31|9039|148|ASP|1|133|313
VIBK|5|23|8960|148|ASP|1|45|225
VIBL|9|27|8990|150|CON|1|92|272
VIBR|16|34|3690|100|ASP|1|159|339
VIBT|13|31|9200|150|ASP|1|131|311
VIBW|12|30|4200|72|ASP|1|118|298
VIBY|11|29|9000|150|CON|1|112|292
VICG|11|29|9001|168|ASP|1|114|294
VIDD|12|30|4520|150|ASP|0|125|305
VIDF|14|32|4335|50|ASP|0|142|322
VIDN|8|26|7000|150|ASP|1|80|260
VIDP|10|28|12500|148|ASPH|1|105|285
VIDP|11L|29R|14436|148|ASPH|0|103|283
VIDP|11R|29L|14534|197|ASPH|1|103|283
VIDP|9|27|9229|148|ASPH|1|92|272
VIDX|9|27|9000|150|PEM|1|90|270
VIGG|15|33|4620|98|ASP|0|148|328
VIGR|6|24|9000|150|CON|1|61|241
VIHR|12|30|9840|150|ASP|1|120|300
VIHX|13|31|8985|148|CON|1|131|311
VIJN|15|33|3630|70|ASP|0|146|326
VIJO|5|23|9005|150|PEM|1|45|225
VIJP|15|33|5223|148|ASP|0|144|324
VIJP|8|26|9177|148|PEM|1|84|264
VIJR|4|22|9000|150|CON|0|43|223
VIJU|18|36|6700|148|ASP|1|177|357
VIKG|5|23|7060|150|CON|0|50|230
VIKO|8|26|4078|150|ASP|0|76|256
VILD|12|30|4800|98|ASP|0|119|299
VILH|07L|25R|9040|150|ASP|1|68|248
VILH|6|24|500|85|ASP|0|59|239
VILH|7|25|500|60|ASP|0|72|252
VILK|9|27|8996|148|PEM|1|89|269
VIPK|1|19|8970|150|ASP|1|9|189
VIPL|15|33|3830|150|ASP|0|149|329
VIPT|10|28|4500|100|ASP|0|98|278
VISA|5|23|8987|140|ASP|1|53|233
VISM|14|32|4035|75|ASP|0|146|326
VISP|9|27|9000|150|CON|1|90|270
VISR|13|31|12090|150|ASP|1|136|316
VIUT|2|20|9002|150|CON|1|20|200
VIUX|18|36|9000|148|PEM|0|179|359
VLHS|16|34|4922|75|ASP|0|156|336
VLLB|6|24|7218|148|ASP|1|61|241
VLLN|18|36|5249|98|Asphalt|0|180|360
VLPS|15|33|7874|147|CON|1|147|327
VLSK|4|22|5358|125|CON|0|39|219
VLVT|13|31|9843|148|ASP|1|135|315
VLXK|7|25|8555|130|ASP|0|72|252
VMMC|16|34|10544|148|CON|1|160|340
VNBP|15|33|3799|98|ASP|0|150|330
VNBW|10|28|9843|148|ASP|1|99|279
VNCG|10|28|3965|95|ASP|0|101|281
VNDG|16|34|2730|0|UNK|0|160|340
VNDH|9|27|5000|0|UNK|0|90|270
VNJL|9|27|2165|82|ASP|0|90|270
VNJP|9|27|3300|100|ASP|0|90|270
VNJS|6|24|2424|0|ASP|0|60|240
VNKT|2|20|10007|148|ASP|1|22|202
VNLK|6|24|1616|98|asphalt|0|60|240
VNMA|11|29|2133|0|ASP|0|110|290
VNMG|8|26|3560|0|grass|0|80|260
VNMN|17|35|2900|0|UNK|0|170|350
VNNG|8|26|4935|100|ASP|0|81|261
VNPK|4|22|4720|100|ASP|1|39|219
VNPL|2|20|2201|0|ASP|0|20|200
VNPL|H1||0|0|CON|0|-1|-1
VNSI|1|19|3911|98|ASP|1|12|192
VNSK|2|20|3400|0|UNK|0|20|200
VNTJ|7|25|2313|0||0|70|250
VNTR|16|34|4000|0|UNK|0|160|340
VNVT|9|27|4937|100|ASP|1|92|272
VO26|17|35|3967|50|ASP|0|163|343
VO52|6|24|4893|56|ASP|0|60|240
VO95|9|27|7200|150|ASP|1|89|269
VOAR|6|24|13460|155|PEM|1|59|239
VOAT|4|22|4235|98|ASP|0|35|215
VOBG|9|27|10850|200|ASP|1|85|265
VOBI|12|30|3630|50|ASP|0|123|303
VOBL|09L|27R|13123|148|ASP|1|90|270
VOBL|09R|27L|13123|148|ASP|1|92|272
VOBR|2|20|6955|148|ASP|1|18|198
VOBR|8|26|6798|150|ASP|1|78|258
VOBZ|8|26|11023|148|ASP|1|79|259
VOCB|5|23|8480|150|ASP|1|46|226
VOCC|13|31|4640|145|ASP|0|129|309
VOCC|17|35|5960|145|ASP|1|167|347
VOCI|9|27|11155|148|ASP|1|88|268
VOCL|10|28|9383|150|ASP|1|101|281
VOCP|11|29|6562|150|ASP|0|108|288
VOCX|2|20|8914|140|CON|1|20|200
VODG|10L|28R|8250|150|CON|1|99|279
VODG|10R|28L|6800|150|ASP|0|100|280
VOGA|10|28|11483|148|ASPH|0|100|280
VOGB|9|27|10417|0|ASP|1|90|270
VOGO|8|26|11345|148|ASP|1|79|259
VOHK|9|27|6873|148|CON|1|85|265
VOHS|09L|27R|12162|148|ASP|1|90|270
VOHS|09R|27L|13976|197|ASP|1|90|270
VOHY|9|27|10600|148|ASP|1|89|269
VOJV|13|31|5049|100|Bitumen|1|135|315
VOKN|7|25|10007|148|asphalt|1|70|250
VOKP|10|28|6000|0|UNK|0|100|280
VOKU|10|28|6562|98|CON|0|100|280
VOMD|9|27|5990|148|ASP|1|86|266
VOML|6|24|8035|151|CON|1|60|240
VOMM|12|30|6708|148|PEM|1|118|298
VOMM|7|25|12001|148|ASP|1|69|249
VOMY|9|27|5709|98|CON|0|90|270
VONS|9|27|5050|100|ASP|0|88|268
VOPB|4|22|10795|148|ASP|1|36|216
VOPC|7|25|4921|100|ASP|0|68|248
VOPN|9|27|7315|145|ASP|1|93|273
VORM|1|19|2385|150|ASP|0|10|190
VORY|5|23|10384|148|ASP|0|54|234
VOSM|4|22|5925|150|ASP|0|34|214
VOSX|5|23|8255|148|ASP|1|49|229
VOTJ|14|32|4757|150|CON|0|136|316
VOTJ|7|25|5680|150|CON|0|66|246
VOTK|10|28|4434|95|ASP|0|101|281
VOTP|8|26|7500|148|ASP|1|81|261
VOTR|9|27|6115|150|ASP|1|86|266
VOTV|14|32|11148|150|ASP|1|136|316
VOTX|12|30|5965|150|ASP|1|119|299
VOTX|5|23|4965|150|ASP|1|43|223
VOWA|9|27|6000|0||0|90|270
VOYK|9|27|7205|145|ASP|1|91|271
VQBT|14|32|3937|0|ASP|0|140|320
VQGP|11|29|4921|115|Asphalt|0|118|298
VQPR|15|33|7431|98|ASP|0|151|331
VQTY|12|30|4154|120|BIT|0|124|304
VRDA|6|24|7218|148|Asphalt|0|60|240
VRMD|11|29|3901|0|ASP|0|110|290
VRMG|10|28|12000|165|CON|1|99|279
VRMH|3|21|4003|98|BIT|1|27|207
VRMK|3|21|4003|98|BIT|1|25|205
VRMM|18|36|11155|197|ASP|1|179|359
VRMO|18|36|5905|98||0|180|360
VRMT|16|34|4003|98|BIT|1|155|335
VRMU|10|28|6099|0|ASP|0|100|280
VRMV|9|27|5905|98|ASP|0|90|270
VTBD|03L|21R|12139|197|ASP|1|29|209
VTBD|03R|21L|11483|148|ASP|1|29|209
VTBH|1|19|3300|98|ASP|1|9|189
VTBH|6|24|3890|98|ASP|1|58|238
VTBI|17|35|3280|112|ASP|0|172|352
VTBK|3|21|9000|148|CON|1|30|210
VTBL|10|28|600|64|ASP|0|96|276
VTBL|16|34|7252|148|ASP|1|160|340
VTBL|5|23|4435|148|CON|1|47|227
VTBO|5|23|5899|150|ASP|1|51|231
VTBP|18|36|3281|131|ASP|0|179|359
VTBP|8|26|6562|131|ASP|1|78|258
VTBS|02L|20R|13123|197|ASP|1|14|194
VTBS|02R|20L|12139|197|ASP|1|14|194
VTBS|1|19|13123|197|ASP|1|14|194
VTBT|5|23|3031|0|ASP|0|50|230
VTBU|18|36|11500|197|ASP|1|185|5
VTBW|5|23|4922|115|ASP|0|50|230
VTCC|18|36|11155|148|ASP|1|180|360
VTCH|11|29|6562|98|ASP|1|107|287
VTCI|1|19|2329|59|ASP|0|10|190
VTCL|18|36|6465|95|ASP|1|175|355
VTCN|2|20|6562|148|ASP|1|21|201
VTCP|1|19|4921|98|ASP|1|6|186
VTCS|1|19|2400|0|Asphalt|0|10|190
VTCT|3|21|9843|148|ASP|1|29|209
VTPB|18|36|6890|148|ASP|1|180|0
VTPH|16|34|6890|115|ASP|1|160|340
VTPI|18|36|9843|148|CON|1|181|1
VTPL|1|19|3281|98|ASP|0|8|188
VTPM|9|27|4921|98|ASP|1|89|269
VTPN|5|23|4481|98|ASP|1|53|233
VTPO|18|36|6890|148|ASP|1|181|1
VTPP|14|32|9843|148|ASP|1|144|324
VTPT|9|27|4921|98|ASP|1|90|270
VTPY|5|23|4899|98|ASP|0|48|228
VTSA|17|35|3609|131|ASP|0|174|354
VTSB|4|22|9843|148|ASP|1|44|224
VTSC|2|20|8202|148|ASP|1|23|203
VTSE|6|24|6890|148|ASP|1|60|240
VTSF|1|19|6890|148|ASP|1|6|186
VTSG|14|32|9842|148|ASP|1|141|321
VTSH|13|31|4954|148|ASP|1|135|315
VTSK|8|26|4593|131|ASP|0|86|266
VTSM|17|35|6759|148|ASP|1|174|354
VTSN|18|36|7546|148|ASP|0|173|353
VTSP|9|27|9843|148|ASP|1|84|264
VTSR|2|20|6562|148|CON|1|24|204
VTSS|8|26|10007|148|ASP|1|83|263
VTST|8|26|6890|148|ASP|1|81|261
VTUD|12|30|10000|148|ASP|1|117|297
VTUI|5|23|8530|148|ASP|1|45|225
VTUJ|1|19|5053|115|ASP|0|8|188
VTUK|3|21|10007|148|ASP|1|33|213
VTUL|1|19|6890|148|ASP|1|17|197
VTUN|6|24|9843|148|CON|1|62|242
VTUO|4|22|6890|148|ASP|1|35|215
VTUQ|6|24|6890|148|ASP|1|61|241
VTUR|17|35|3125|98|ASP|0|167|347
VTUU|5|23|9848|148|ASP|1|52|232
VTUV|18|36|6890|148|ASP|1|182|2
VTUW|15|33|8203|148|ASP|1|145|325
VVBM|9|27|9843|148|ASP|0|91|271
VVCA|14|32|10007|148|ASP|0|135|315
VVCI|7|25|10007|164|ASP|1|72|252
VVCM|9|27|4921|98|ASP|0|90|270
VVCR|02L|20R|10000|148|CON|1|19|199
VVCR|02R|20L|10000|150|CON|0|20|200
VVCS|11|29|6004|98|ASP|0|111|291
VVCT|6|24|9843|148|ASP|1|60|240
VVDB|17|35|7874|98|CON|0|156|336
VVDH|11|29|7874|148|CON|0|114|294
VVDL|9|27|10663|148|ASP|0|90|270
VVDN|17L|35R|11483|148|ASP|1|172|352
VVDN|17R|35L|10000|148|ASP|0|172|352
VVNB|11L|29R|10499|148|CON|1|107|287
VVNB|11R|29L|12466|148|CON|1|107|287
VVPB|9|27|8775|130|ASP|1|93|273
VVPC|15|33|10010|148|CON|0|147|327
VVPK|9|27|7874|148|ASP|0|91|271
VVPQ|10|28|9843|150|ASP|1|96|276
VVRG|8|26|4921|98|ASP|0|80|260
VVTH|3|21|9520|148|CON|0|30|210
VVTS|07L|25R|10007|148|CON|1|69|249
VVTS|07R|25L|12468|148|CON|1|69|249
VVTX|13|31|10499|164|ASP|0|130|310
VVVD|3|21|11811|148|CON|1|30|210
VVVH|17|35|7875|148|ASP|0|173|353
VYAN|18|36|8500|100|CON|0|182|2
VYAS|3|21|10020|205|CON|0|25|205
VYBG|18|36|8500|100|ASP|1|180|0
VYBM|15|33|5502|102|BIT|0|148|328
VYBP|17|35|10024|102|CON|0|166|346
VYCI|1|19|4443|101|BIT|0|10|190
VYCZ|1|19|6500|100|ASP|1|8|188
VYDW|16|34|7005|100|CON|0|157|337
VYHL|16|34|11970|200|CON|0|161|341
VYKG|12|30|7815|75|ASP|0|121|301
VYKL|9|27|5502|102|BIT|0|93|273
VYKP|18|36|4600|100|BIT|1|180|0
VYKT|2|20|6000|150|ASP|1|18|198
VYLK|1|19|5200|75|BIT|1|4|184
VYLS|1|19|5285|95|BIT|1|4|184
VYMD|17|35|14003|200|CON|1|170|350
VYME|18|36|8795|180|ASP|1|182|2
VYMK|4|22|6100|100|BIT|1|38|218
VYMM|4|22|5260|150|BIT|1|35|215
VYMS|12|30|5000|102|BIT|0|123|303
VYMW|1|19|8530|0|CON|0|10|190
VYMY|18|36|8530|98|ASP|0|180|360
VYNT|16|34|12000|500|CON|0|157|337
VYPA|3|21|4502|102|BIT|0|31|211
VYPN|6|24|4400|100|CON|0|64|244
VYPT|17|35|7002|102|BIT|1|174|354
VYPU|18|36|8530|0|ASP|0|180|360
VYSW|11|29|6001|151|BIT|1|104|284
VYTD|2|20|5502|102|BIT|0|20|200
VYTL|4|22|7002|102|BIT|1|38|218
VYYY|3|21|11200|200|ASP|1|33|213
WAAA|13|31|8202|148|ASP|1|130|310
WAAA|3|21|10171|148|ASPH|1|29|209
WABB|11|29|11715|150|ASP|1|109|289
WADB|13|31|5405|98|ASP|1|138|318
WADD|9|27|9790|148|ASP|1|88|268
WADE|14|32|2233|59|ASP|0|141|321
WADL|13|31|10826|197|Asphalt|1|127|307
WADS|14|32|5906|98|ASP|0|141|321
WADY|8|26|4593|98|ASP|0|81|261
WAEE|14|32|5875|98|ASP|1|141|321
WAEW|9|27|7880|95|ASP|0|89|269
WAFB|4|22|6562|0|ASP|1|40|220
WAFD|17|35|4593|0|ASP|0|170|350
WAFF|15|33|6781|98|ASP|1|156|336
WAFJ|5|23|6398|30|ASP|0|50|230
WAFL|11|29|4593|98|ASP|0|110|290
WAFM|2|20|3133|82|ASP|0|19|199
WAFP|3|21|3650|75|ASP|0|33|213
WAFU|12|30|6070|0|ASP|0|120|300
WAFW|3|21|6070|98|ASP|0|35|215
WAFZ|9|27|3937|0|ASP|0|90|270
WAGG|16|34|8202|148|ASP|1|159|339
WAHI|11|29|10663|148|ASP|1|110|290
WAHL|13|31|4593|96|ASP|1|133|313
WAHP|10|28|5249|98|ASP|0|100|280
WAHU|13|31|3937|98|ASP|0|130|310
WAJC|06D|24A|1870|56|GRS|0|60|240
WAJG|7|25|2530|70|ASP|0|78|258
WAJI|13|31|2451|72|ASP|0|136|316
WAJJ|12|30|9842|148|ASP|1|127|307
WAJK|7|25|1448|59|Gravel|0|70|250
WAJL|12|30|2016|62|GRS|0|120|300
WAJM|9|27|2615|89|ASP|0|90|270
WAJO|11|29|2854|59||0|110|290
WAJO|ERROR|ERROR|0|0||0|-1|-1
WAKE|2|20|1969|0|ASP|0|21|201
WAKK|16|34|6070|98|ASP|1|160|340
WAKO|8|26|1968|59|ASP|0|80|260
WAKP|15|33|2005|79|ASP|0|150|330
WAKQ|9|27|2154|30|Sand laterite|0|90|270
WALE|3|21|2953|75|Compacted sand|0|30|210
WALL|7|25|8202|148|ASP|1|67|247
WALQ|1|19|3937|98|ASP|0|10|190
WALS|4|22|7382|148|ASP|1|34|214
WALT|8|26|4501|98|ASP|0|79|259
WAMG|9|27|8202|148|ASP|1|97|277
WAMH|15|33|3597|98|ASP|0|150|330
WAMI|11|29|5249|0|ASP|0|110|290
WAMM|18|36|8693|148|ASP|1|182|2
WAMN|18|36|4593|95|ASP|0|180|360
WAMO|2|20|4625|98|ASP|1|20|200
WAMP|13|31|6201|98|ASPH|0|130|310
WAOC|9|27|5930|98|ASP|0|91|271
WAOH|12|30|4100|75|ASP|0|117|297
WAOK|15|33|5413|98|ASP|0|150|330
WAON|6|24|4601|94|ASP|0|60|240
WAOO|10|28|8202|148|ASP|1|100|280
WAPA|13|31|2460|75|Coral penetration|0|130|310
WAPC|10|28|0|0|ASP|0|100|280
WAPD|5|23|2625|75|Compacted sand|0|50|230
WAPF|13|31|7710|0|ASP|0|130|310
WAPG|6|24|2953|75|ASP|0|60|240
WAPL|9|27|4265|98|CON|0|92|272
WAPN|11|29|5249|98|ASP|1|110|290
WAPO|9|27|2645|75|ASP|0|90|270
WAPP|4|22|8202|148|ASP|1|45|225
WAPR|15|33|2460|75|asphalt|0|150|330
WAPV|5|23|2461|59|ASP|0|50|230
WAQT|1|19|4625|75|ASP|0|14|194
WARA|17L|35R|4921|98|ASP|0|166|346
WARA|17|35|8202|131|ASP|1|166|346
WARE|2|20|5594|98|ASP|0|20|200
WARI|17L|35R|8448|92|ASP|1|176|356
WARI|17R|35L|10030|186|ASP|1|176|356
WARP|12|30|3009|98|ASP|1|126|306
WARR|10|28|9843|148|ASP|1|99|279
WART|12|30|5249|98|ASP|0|126|306
WASA|9|27|0|0|GRS|0|90|270
WASF|10|28|3415|65|ASP|0|97|277
WASI|8|26|1969|75|ASP|0|80|260
WASK|1|19|5249|98|ASP|0|11|191
WASN|18|36|4396|98|asphalt|0|184|4
WASO|2|20|4280|98|ASP|0|23|203
WASS|9|27|6070|90|ASP|0|94|274
WAST|12|30|1929|49|GRS|0|120|300
WASU|6|24|1810|79|Dirt/rock|0|60|240
WATA|8|26|3937|98|ASP|0|80|260
WATB|10|28|4588|75|ASP|0|100|280
WATC|5|23|5980|98|ASP|1|51|231
WATE|9|27|5440|98|ASP|0|89|269
WATG|9|27|4186|100|ASP|0|94|274
WATL|10|28|2953|75|ASP|0|100|280
WATM|3|21|4586|90|ASP|0|33|213
WATO|17|35|7381|145|ASP|0|172|352
WATQ|11|29|2789|75|Coral|0|109|289
WATR|3|21|5413|98|ASP|0|30|210
WATS|7|25|2577|75|ASP|0|70|250
WATT|12|30|4175|210|GRE|0|125|305
WATT|7|25|8202|148|ASP|1|76|256
WATW|2|20|2953|75|ASP|0|20|200
WAVV|15|33|7135|147|ASP|1|153|333
WAWB|4|22|5905|98|ASP|0|41|221
WAWD|4|22|6959|0|ASP|0|40|220
WAWP|18|36|6070|0|ASP|0|180|360
WAWR|8|26|5249|0||0|80|260
WAWS|12|30|3340|75|ASP|0|124|304
WAWW|8|26|6890|98|ASP|1|80|260
WBGB|17|35|9006|147|ASP|1|168|348
WBGG|7|25|12402|151|ASP|1|68|248
WBGJ|4|22|4922|98|ASP|1|37|217
WBGK|15|33|4921|98|ASP|0|150|330
WBGM|10|28|3274|81|ASP|0|103|283
WBGP|16|34|1401|0|ASP|0|160|340
WBGR|2|20|9006|197|ASP|1|25|205
WBGS|13|31|9036|148|ASP|1|130|310
WBGW|1|19|2251|59||0|10|190
WBGZ|11|29|2198|0||0|110|290
WBKD|11|29|4498|98|ASP|1|116|296
WBKK|2|20|12402|148|ASP|1|23|203
WBKL|14|32|9006|148|ASP|1|146|326
WBKM|11|29|2198|0|GVL|0|110|290
WBKS|8|26|8202|148|ASP|1|81|261
WBKW|6|24|8800|155|ASP|1|58|238
WBMU|3|21|4921|100|ASP|1|35|215
WBSB|3|21|12000|150|ASP|1|31|211
WBTM|5|23|4912|98|ASP|0|48|228
WIBB|18|36|7360|98|ASP|1|182|2
WIBD|3|21|5905|98|ASP|1|30|210
WIBJ|10|28|4265|98|ASP|0|99|279
WIBL|18|36|0|0|ASP|0|180|360
WIBS|18|36|2626|98|ASP|0|180|360
WICA|14|32|9843|197||0|140|320
WICC|11|29|7381|148|ASP|1|109|289
WICD|4|22|4131|98|ASP|0|41|221
WICM|15|33|3590|64|ASP|0|148|328
WICN|7|25|4549|94|ASP|0|72|252
WIDD|4|22|13270|148|ASP|1|42|222
WIDM|18|36|3905|98|ASP|1|180|0
WIDN|4|22|7380|98|ASP|1|43|223
WIDS|14|32|3839|98|ASP|1|143|323
WIHH|6|24|9843|148|ASP|1|66|246
WIHP|18|36|6516|146|ASP|0|184|4
WIII|07L|25R|11812|197|CON|1|68|248
WIII|07R|25L|12008|197|CON|1|68|248
WIII|6|24|9843|197|CONC|1|60|240
WILL|14|32|9088|148|ASPH|1|140|320
WILP|12|30|4300|0|Asphalt|0|120|300
WIMA|6|24|6070|98|ASP|1|62|242
WIMB|9|27|4445|98|ASP|0|92|272
WIME|11|29|4580|75|ASP|0|113|293
WIMK|5|23|9514|148|ASP|1|47|227
WIMM|5|23|12303|197|asphalt/concrete|1|50|230
WIMN|9|27|7875|98|ASP|0|93|273
WIMS|12|30|5655|98|ASP|1|124|304
WIMU|15|33|5358|98|ASP|1|146|326
WIOD|18|36|8202|148|ASP|1|176|356
WIOG|10|28|3272|75|ASP|0|99|279
WIOK|17|35|4585|95|ASP|0|172|352
WIOO|15|33|7380|98|ASP|1|158|338
WIOP|10|28|3294|75|ASP|0|106|286
WIPB|2|20|4428|99|ASPHALT|0|20|200
WIPD|15|33|3302|72|ASP|0|152|332
WIPO|3|21|6890|125|ASP|0|29|209
WIPP|11|29|8202|148|ASP|1|113|293
WITK|9|27|3837|100|ASP|0|90|270
WITL|16|34|3675|69|ASP|1|155|335
WITN|10|28|6050|98|ASP|1|97|277
WITT|17|35|9843|148|ASP|1|168|348
WMAP|5|23|4101|121|GRE|0|49|229
WMBI|18|36|0|0||0|180|360
WMBT|2|20|3255|100|ASP|0|26|206
WMGK|8|26|6600|150|ASP|1|82|262
WMKA|4|22|9005|151|ASP|1|42|222
WMKB|18|36|8000|150|ASP|1|184|4
WMKC|10|28|7874|148|ASP|1|100|280
WMKD|18|36|9200|150|ASP|1|183|3
WMKE|16|34|4446|98|ASP|1|163|343
WMKF|3|21|517|97|GRE|0|35|215
WMKF|4|22|6205|148|ASP|1|35|215
WMKI|4|22|5900|121|ASP|1|41|221
WMKJ|16|34|12467|150|ASP|1|160|340
WMKK|14L|32R|13530|197|ASP|1|146|326
WMKK|14R|32L|13288|197|ASP|1|146|326
WMKK|15|33|12993|197|paved|1|146|326
WMKL|3|21|12500|148|ASP|1|34|214
WMKM|3|21|7005|148|ASP|1|30|210
WMKN|4|22|11417|150|ASP|1|45|225
WMKP|4|22|10997|150|ASP|1|42|222
WMPA|4|22|2402|98|Asphalt|0|40|220
WMSA|15|33|12401|148|ASP|1|150|330
WPDB|16|34|3448|98|ASP|0|167|347
WPDL|8|26|6065|98|ASP|1|77|257
WPEC|14|32|8233|182|ASP|1|142|322
WPOC|9|27|7218|148|ASP|0|90|270
WSAG|4|22|6255|100|ASP|0|43|223
WSAG|5|23|3400|100|ASP|1|47|227
WSAP|2|20|12401|200|ASP|1|23|203
WSAT|18R|36L|1155|236|GRS|0|185|5
WSAT|18|36|8999|148|ASP|1|185|5
WSAT|1|19|2258|66|ASP|0|10|190
WSSL|3|21|6023|151|ASP|1|33|213
WSSS|02C|20C|13123|197|ASP|1|23|203
WSSS|02L|20R|13123|197|ASP|1|23|203
WSSS|02R|20L|13123|197|ASP|1|23|203
XRWL|3|21|8202|246|CON|1|30|210
YAAL|9|27|3116|0|X|0|90|270
YABA|14|32|5906|98|ASP|1|134|314
YABA|5|23|3596|98|GVL|1|45|225
YABF|4|22|2175|39|Dirt|0|40|220
YABG|17|35|3603|131|Dirt|0|170|350
YABS|1|19|4265|0|C|0|10|190
YABS|9|27|6233|0|C|0|90|270
YACI|18|36|3280|0|G|0|180|360
YACR|4|22|2861|66|Dirt|0|46|226
YADA|10|28|4483|285|Dirt|0|100|280
YADA|4|22|4002|256|Dirt|0|40|220
YADD|1|19|3280|0|X|0|10|190
YADD|7|25|3280|0|X|0|70|250
YADE|6|24|0|0|GRS|0|73|253
YADG|14|32|2556|30|grass|0|140|320
YADG|18|36|1931|30|grass|0|180|0
YADG|3|21|2515|30|ASP|1|30|210
YADG|8|26|1456|30|grass|0|80|260
YADO|13|31|3051|0|N|0|130|310
YADS|1|19|3772|0|N|0|10|190
YADY|9|27|2898|158|GRS|0|90|270
YAFD|H16||121|121|Concrete|1|-1|-1
YAGD|3|21|5498|0|X|0|30|210
YAHD|13|31|3956|167|Dirt|0|128|308
YALA|18|36|5413|0|X|0|180|360
YALC|12|30|3999|0|S|0|120|300
YALG|5|23|3707|0|N|0|50|230
YALH|1|19|2952|0|S|0|10|190
YALM|18|36|1968|0|X|0|180|360
YALN|14|32|3608|0|C|0|140|320
YALN|9|27|2296|0|C|0|90|270
YALP|15|33|4152|79|Asphalt|0|150|330
YALX|15|33|3280|0|X|0|150|330
YALY|18|36|3280|0|X|0|180|360
YAMB|15|33|9997|148|PEM|1|159|339
YAMB|4|22|4997|148|PEM|1|54|234
YAMC|11|29|3937|0|X|0|110|290
YAMJ|13|31|3937|0|N|0|130|310
YAML|9|27|4002|0|N|0|90|270
YAMM|18|36|3608|0|N|0|180|360
YAND|5|23|3280|0|X|0|50|230
YANG|4|22|5906|131||0|40|220
YANL|11|29|4297|0|X|0|110|290
YANN|1|19|3444|0|S|0|10|190
YANW|15|33|3205|0|N|0|150|330
YAOR|18|36|3280|0|X|0|180|360
YAPA|10|28|5905|0|X|0|100|280
YARA|12|30|4068|60|ASP|1|125|305
YARA|4|22|2165|98|GRS|0|55|235
YARD|14|32|3205|0|N|0|140|320
YARG|1|19|7546|98|ASP|1|21|201
YARI|15|33|2998|0|C|0|150|330
YARK|3|21|2132|0|S|0|30|210
YARL|9|27|2624|0|N|0|90|270
YARM|5|23|5702|98|ASP|1|58|238
YARM|9|27|3661|98|GVL|0|97|277
YARN|12|30|3215|0|X|0|120|300
YARP|12|30|3280|0|X|0|120|300
YARY|16|34|3379|0|X|0|160|340
YASF|8|26|3280|0|X|0|80|260
YATN|15L|33R|3815|0|G|0|150|330
YATR|10|36|3599|0|G|0|100|360
YAUG|17|35|3887|0|B|0|170|350
YAUR|16|34|4140|98|PER|1|161|341
YAUS|16|34|3937|0|S|0|160|340
YAUV|17|35|3789|0|X|0|170|350
YAVD|15|33|3569|0|X|0|150|330
YAWT|15|33|3280|0|G|0|150|330
YAYE|13|31|8527|98|ASP|1|130|310
YAYR|11|29|3697|98|GRS|0|115|295
YAYR|1|19|4796|98|ASP|0|22|202
YBAD|11|29|4855|0|C|0|110|290
YBAF|04L|22R|4085|98|GRS|0|51|231
YBAF|04R|22L|3609|98|GRS|0|51|231
YBAF|10L|28R|4859|98|ASP|1|107|287
YBAF|10R|28L|3609|98|ASP|0|103|283
YBAF|H1||98|81|CON|1|-1|-1
YBAL|13|31|4429|0|X|0|130|310
YBAN|5|23|4593|0|Dirt|0|50|230
YBAR|14|32|3104|98|CLA|0|139|319
YBAR|1|19|5591|98|ASP|1|17|197
YBAS|12|30|7999|148|ASP|1|120|300
YBAS|17|35|3717|60|ASP|1|178|358
YBAU|12|30|2788|0|N|0|120|300
YBAW|15|33|4796|0|X|0|150|330
YBBA|15|33|3937|0|G|0|150|330
YBBC|3|21|4593|0|N|0|30|210
YBBL|18|36|3608|0|N|0|180|360
YBBN|01L|19R|10827|197|ASP|1|27|207
YBBN|01R|19L|11680|148|ASP|1|27|207
YBBO|2|20|4921|0|N|0|20|200
YBBT|10|28|3608|0|G|0|100|280
YBCB|16|34|3182|0|X|0|160|340
YBCG|14|32|8176|148|ASP|1|150|330
YBCG|17|35|1909|59|ASP|0|184|4
YBCH|15|33|2001|0|X|0|150|330
YBCK|12|30|5259|98|CLA|1|128|308
YBCK|6|24|5538|98|ASP|1|67|247
YBCR|14|32|5249|0|B|0|140|320
YBCS|15|33|10489|148|ASP|1|156|336
YBCV|12|30|5000|98|ASP|1|137|317
YBCV|18|36|3501|75|ASP|0|182|2
YBDF|18|36|4002|0|N|0|180|360
YBDG|17|35|5249|98|ASP|1|182|2
YBDG|5|23|2516|60|paved|0|61|241
YBDP|10|28|2486|0|Gravel|0|133|133
YBDS|3|21|4101|0|N|0|30|210
YBDV|14|32|5682|98|ASP|1|149|329
YBDV|3|21|3937|59|CLA|1|40|220
YBEC|18|36|3937|0|X|0|180|360
YBEO|11|29|3543|0|C|0|110|290
YBEU|18|36|1998|0|G|0|180|360
YBEV|16|34|4790|0|X|0|160|340
YBEV|8|26|4101|0|G|0|80|260
YBGB|8|26|3280|0|S|0|80|260
YBGI|15|33|3772|0|G|0|150|330
YBGI|1|19|3280|0|G|0|10|190
YBGO|15|33|5282|0|X|0|150|330
YBGO|4|22|2270|0|X|0|40|220
YBGR|18|36|2493|0|G|0|180|360
YBGR|9|27|7217|0|G|0|90|270
YBGT|2|20|3001|0|N|0|20|200
YBHB|12|30|1574|0|X|0|120|300
YBHI|14|32|3281|98|SAN|1|143|323
YBHI|5|23|8251|98|ASP|1|56|236
YBHK|12|30|3280|0|X|0|120|300
YBHM|14|32|5591|148|ASP|1|143|323
YBIE|14|32|4921|98|ASP|1|145|325
YBIL|11|29|3608|0|N|0|110|290
YBIN|3|21|2965|0|G|0|30|210
YBIR|4|22|3422|59|ASP|1|52|232
YBIR|9|27|1719|98|GRS|0|98|278
YBIU|12|30|2493|0|X|0|120|300
YBIU|6|24|2690|0|X|0|60|240
YBJW|18|36|3937|0|L|0|180|360
YBJW|9|27|4921|0|L|0|90|270
YBKE|18|36|3281|98|GRS|0|188|8
YBKE|5|23|6004|98|ASP|1|64|244
YBKS|12|30|3608|0|X|0|120|300
YBKT|14|32|2484|98|CLA|0|132|312
YBKT|3|21|4501|98|ASP|1|42|222
YBLA|08L|26R|3422|60|GRS|0|60|240
YBLA|08R|26L|3422|60|PER|1|94|274
YBLA|17L|35R|2356|60|GRS|0|60|240
YBLA|17R|35L|2356|98|GRS|0|175|355
YBLB|18|36|3280|0|N|0|180|360
YBLC|5|23|4199|0|C|0|50|230
YBLG|18|36|4593|0|C|0|180|360
YBLG|9|27|4593|0|C|0|90|270
YBLL|5|23|3500|0|X|0|50|230
YBLM|14|32|1968|0|N|0|140|320
YBLM|4|22|3608|0|N|0|40|220
YBLN|3|21|8071|148|ASP|1|26|206
YBLT|13|31|1864|98|GRS|0|135|315
YBLT|18|36|4085|98|ASP|1|189|9
YBLT|5|23|4150|98|ASP|1|62|242
YBLU|1|19|5223|0|X|0|10|190
YBMA|16|34|8399|148|ASP|1|169|349
YBMD|12|30|3198|0|N|0|120|300
YBMI|18|36|4265|0|N|0|180|360
YBMK|14|32|6499|148|ASP|1|148|328
YBMK|5|23|4409|98|ASP|1|58|238
YBMY|11|29|2604|0|X|0|110|290
YBNA|6|24|6234|98|ASP|1|74|254
YBNC|6|24|4921|0|X|0|60|240
YBNM|9|27|3280|0|S|0|90|270
YBNS|14|32|2789|60|ASP|0|145|325
YBNS|4|22|3612|98|ASP|1|55|235
YBNY|13|31|2706|0|X|0|130|310
YBOA|4|22|3976|0|G|0|40|220
YBOI|9|27|2165|0|G|0|90|270
YBOK|14|32|5410|98|ASP|1|145|325
YBOK|5|23|2999|98|ASP|1|55|235
YBOK|9|27|3278|75|ASP|1|100|280
YBOK|H09L|H27R|1000|95|ASP|0|98|278
YBOK|H09R|H27L|1000|95|ASP|0|100|281
YBOM|10|28|2624|0|G|0|100|280
YBOM|18|36|2132|0|G|0|180|360
YBOP|18|36|3280|0|G|0|180|360
YBOR|13|31|2559|0|X|0|130|310
YBOR|17|35|4265|0|X|0|170|350
YBOT|6|24|3280|0|N|0|60|240
YBOU|14|32|4180|98|ASP|1|150|330
YBOV|18|36|3937|0|N|0|180|360
YBOV|6|24|3937|0|N|0|60|240
YBPI|14|32|2709|0|B|0|140|320
YBPN|11|29|6801|148|ASP|1|115|295
YBPN|6|24|3609|98|ASP|1|67|247
YBRA|14|32|3805|0|GVL|1|140|320
YBRC|13|31|3937|0|N|0|130|310
YBRJ|14|32|4048|0|X|0|140|320
YBRK|15|33|8622|148|ASP|1|159|339
YBRK|4|22|5397|98|ASP|1|52|232
YBRL|2|20|3770|59|ASP|1|23|203
YBRM|10|28|8064|148|ASP|1|105|285
YBRN|18|36|3888|60|ASP|1|186|6
YBRN|8|26|2133|98|GRS|1|88|268
YBRO|14|32|2690|0|X|0|140|320
YBRO|8|26|3690|0|X|0|80|260
YBRS|18|36|2625|33|ASP|0|180|360
YBRS|9|27|1706|98|GRS|0|90|270
YBRU|14|32|3248|0|X|0|140|320
YBRU|9|27|4888|0|X|0|90|270
YBRW|3|21|4547|98|ASP|1|36|216
YBRY|10|28|6365|99|PER|1|103|283
YBSG|12|30|10003|148|ASP|1|125|305
YBSR|10|28|5905|0|X|0|100|280
YBSS|1|19|5098|82|B|0|10|190
YBSS|9|27|5000|82|B|0|90|270
YBSU|13|31|9186|148|ASPH|1|142|322
YBTH|17|35|5594|98|ASP|1|176|356
YBTH|8|26|4314|98|GVL|0|91|271
YBTI|15|33|4823|98|ASP|1|150|330
YBTL|1|19|7999|148|ASP|1|24|204
YBTL|7|25|3609|98|ASP|1|74|254
YBTN|9|27|3937|0|X|0|90|270
YBTR|18|36|5023|98|ASP|1|187|7
YBTT|10|28|4226|69|Dirt|0|110|290
YBTV|7|25|3280|0|G|0|70|250
YBUD|14|32|6562|98|ASP|1|148|328
YBUD|7|25|3701|98|CLA|0|69|249
YBUG|18|36|3937|0|L|0|180|360
YBUG|9|27|3280|0|L|0|90|270
YBUI|5|23|3897|0|X|0|50|230
YBUI|9|27|5413|0|B|0|90|270
YBUL|12|30|2952|0|L|0|120|300
YBUL|16|34|3937|0|L|0|160|340
YBUN|7|25|3330|98|ASP|1|60|240
YBUX|5|23|2624|0|S|0|50|230
YBUY|12|30|2300|0|Grass|0|129|309
YBUY|15|33|3600|0|Grass|0|161|161
YBUY|16|34|1800|0|Grass|0|167|347
YBUY|9|27|4000|0|Grass|0|109|289
YBVA|13|31|2982|0|X|0|130|310
YBVA|18|36|3986|0|X|0|180|360
YBWG|9|27|6692|98|ASP|1|88|268
YBWI|18|36|3280|0|G|0|180|360
YBWM|13|31|3280|0|N|0|130|310
YBWN|12|30|3290|0|G|0|120|300
YBWN|4|22|4399|0|G|0|40|220
YBWP|12|30|5397|98|ASP|1|124|304
YBWR|4|22|4265|0|S|0|40|220
YBWW|12|30|9416|148|ASP|1|133|313
YBWX|3|21|6234|98|ASP|1|27|207
YBYD|12|30|1968|0|X|0|120|300
YBYD|9|27|2296|0|X|0|90|270
YBYI|14|32|2460|0|X|0|140|320
YBYW|6|24|3937|0|N|0|60|240
YCAB|11|29|4429|0|G|0|110|290
YCAB|6|24|2952|0|G|0|60|240
YCAG|4|22|4265|0|N|0|40|220
YCAH|8|26|3523|0|N|0|80|260
YCAI|9|27|3937|0|N|0|90|270
YCAL|18|36|1988|0|X|0|180|360
YCAL|9|27|2982|0|X|0|90|270
YCAM|18|36|3937|0|C|0|180|360
YCAN|1|19|3280|0|X|0|10|190
YCAR|18|36|3740|98|ASP|0|180|0
YCAR|4|22|5509|98|ASP|1|43|223
YCAS|10|28|3609|98|ASP|0|105|285
YCBA|17|35|2949|98|CLA|0|175|355
YCBA|5|23|5564|98|ASP|1|55|235
YCBB|11|29|4987|98|ASP|1|123|303
YCBB|1|19|2129|98|GRS|0|29|209
YCBG|12|30|3200|60|ASP|1|135|315
YCBG|14|32|2540|60|APSH|0|156|336
YCBG|9|27|2070|60|ASP|1|108|288
YCBN|12|30|1541|0|G|0|120|300
YCBN|8|26|2099|0|X|0|80|260
YCBP|14|32|2720|98|GRS|1|149|329
YCBP|4|22|4685|98|PER|1|48|228
YCBR|18|36|3996|0|X|0|180|360
YCBR|4|22|2145|0|N|0|40|220
YCBY|3|21|3937|0|G|0|30|210
YCCA|14|32|3497|60|ASP|1|142|322
YCCA|3|21|1949|60|CLA|0|39|219
YCCK|12|30|3083|0|C|0|120|300
YCCT|9|27|2395|0|N|0|90|270
YCCY|12|30|6562|98|ASP|1|128|308
YCCY|6|24|3796|60|ASP|0|68|248
YCDB|15|33|2624|0|L|0|150|330
YCDB|2|20|2624|0|L|0|20|200
YCDE|18|36|3431|0|X|0|180|360
YCDO|10|28|3947|98|GRE|0|105|285
YCDO|1|19|4501|98|ASP|1|25|205
YCDR|12|30|2608|0|B|0|120|300
YCDR|5|23|2608|0|B|0|50|230
YCDS|10|28|3280|0|N|0|100|280
YCDT|18|36|3280|0|N|0|180|360
YCDT|9|27|4921|0|N|0|90|270
YCDU|11|29|5709|98|ASP|1|111|291
YCDU|17|35|3327|98|GVL|1|173|353
YCDV|2|20|2952|0|L|0|20|200
YCEE|18|36|2936|59|GRS|1|182|2
YCEE|8|26|4429|59|ASP|1|90|270
YCEL|18|36|3200|0|unsealed|0|180|360
YCEM|17|35|2427|0|X|0|170|350
YCES|18|36|2706|0|G|0|180|360
YCFD|4|22|3805|0|N|0|40|220
YCFH|15|33|2624|0|N|0|150|330
YCFH|3|12|2952|0|N|0|30|120
YCFL|12|30|2919|0|X|0|120|300
YCFN|6|24|2625|98|Grasss|0|60|240
YCFS|10|28|2785|60|ASP|0|107|287
YCFS|3|21|6824|148|ASP|1|41|221
YCGI|11|29|6233|0|X|0|110|290
YCGI|18|36|3608|0|X|0|180|360
YCGO|17|35|3218|60|ASP|0|176|356
YCHB|10|28|2805|0|X|0|100|280
YCHK|9|27|8202|148|ASP|0|90|270
YCHL|3|21|3740|0|B|0|30|210
YCHT|1|19|3297|98|GVL|0|17|197
YCHT|6|24|5699|100|COP|1|63|243
YCIG|5|23|2132|0|N|0|50|230
YCIG|9|27|2952|0|X|0|90|270
YCIN|11|29|10003|148|ASP|1|111|291
YCJU|8|26|3280|0|X|0|80|260
YCKD|14|32|1391|0|X|0|140|320
YCKD|5|23|1391|0|X|0|50|230
YCKI|13|31|4701|0|S|0|130|310
YCKN|11|29|5338|98|ASP|1|111|291
YCKY|4|22|3280|0|N|0|40|220
YCLG|14|32|2788|0|NRC|0|140|320
YCLQ|14|32|3937|0|X|0|140|320
YCLY|18|36|3608|0|G|0|180|360
YCMH|12|30|3001|0|G|0|120|300
YCMK|7|25|3001|0|G|0|70|250
YCMM|13|31|3215|0|N|0|130|310
YCMT|15|33|4301|98|ASP|1|160|340
YCMT|1|19|3504|98|GVL|0|27|207
YCMU|12|30|5686|98|ASP|1|130|310
YCMU|6|24|2999|59|ASP|1|68|248
YCMW|13|31|3500|0|B|0|130|310
YCNF|12|30|5577|0|UNK|0|120|300
YCNG|18|36|3018|0|X|0|180|360
YCNG|6|24|3018|0|X|0|60|240
YCNH|10|28|2918|111|Dirt|0|99|279
YCNH|16|34|1804|0|X|0|160|340
YCNK|17|35|3600|60|ASP|1|186|6
YCNM|12|30|1903|98|GRS|0|129|309
YCNM|5|23|5010|98|ASP|1|54|234
YCNN|14|32|3937|0|X|0|140|320
YCNQ|18|36|3280|0|B|0|180|360
YCNY|14|32|5734|98|ASP|1|142|322
YCOD|15|33|4527|0|N|0|150|330
YCOE|11|29|4107|75|ASP|1|113|293
YCOF|3|21|2578|0|X|0|30|210
YCOF|8|26|3677|0|X|0|80|260
YCOH|16|34|3280|0|X|0|160|340
YCOI|10|28|3772|0|XU|0|100|280
YCOL|9|27|3897|0|G|0|90|270
YCOM|14|32|2041|59|GVL|0|150|330
YCOM|18|36|6955|148|ASP|1|193|13
YCOO|9|27|4235|0|N|0|90|270
YCOR|14|32|5000|98|ASP|0|145|325
YCOR|5|23|5994|148|ASP|1|55|235
YCOY|2|20|3280|0|N|0|20|200
YCPD|16|34|3608|0|X|0|160|340
YCPK|7|25|3805|82|Dirt|0|70|250
YCPN|14|32|4002|0|C|0|140|320
YCRA|6|24|3730|0|N|0|60|240
YCRG|6|24|4596|98|ASP|1|72|252
YCRL|9|27|3001|0|G|0|90|270
YCRN|10|28|5249|0|G|0|100|280
YCRT|18|36|1640|0|N|0|180|360
YCRT|3|21|3937|0|N|0|30|210
YCRY|9|27|4799|0|X|0|90|270
YCSK|9|27|6556|279|Snow/Ice|0|90|270
YCSL|1|19|3937|0|G|0|10|190
YCSP|12|30|4265|0|X|0|120|300
YCSV|6|24|4599|0|X|0|60|240
YCTH|3|21|3100|0|X|0|30|210
YCTI|12|30|2395|0|X|0|120|300
YCTM|10|28|2805|98|GRS|0|111|291
YCTM|16|34|4682|60|ASP|1|174|354
YCTN|16|34|3937|0|X|0|160|340
YCTS|15|33|3280|0|X|0|150|330
YCUE|11|29|3270|0|X|0|110|290
YCUE|4|22|6499|0|X|0|40|220
YCUN|14|32|4997|148|ASP|0|135|315
YCUN|5|23|6089|148|ASP|1|45|225
YCVA|17|35|3937|0|Clay|0|170|350
YCVA|9|27|1969|0|Grass|0|90|270
YCVS|17|35|2952|0|XUG|0|170|350
YCWA|8|26|6398|0|CON|0|80|260
YCWH|17|35|4265|0|N|0|170|350
YCWH|8|26|3937|0|N|0|80|260
YCWI|17|35|4265|0|S|0|170|350
YCWL|12|30|0|0|UNK|0|120|300
YCWL|17|35|4829|0|N|0|170|350
YCWL|4|22|3897|0|N|0|40|220
YCWN|4|22|3280|0|N|0|40|220
YCWR|15|33|5348|98|ASP|1|162|342
YCWR|3|21|3825|60|GRE|0|41|221
YCWY|8|26|3280|0|X|0|80|260
YCYT|17|35|3608|0|N|0|170|350
YDAG|10|28|3937|0|X|0|100|280
YDAJ|11|29|3733|0|C|0|110|290
YDAJ|15|33|2598|0|X|0|150|330
YDAL|18|36|2132|0|N|0|180|360
YDAL|9|27|3608|0|N|0|90|270
YDAR|8|26|2001|0|G|0|80|260
YDAY|13|31|4160|75|ASP|1|140|320
YDAY|4|22|2999|60|ASP|0|50|230
YDBI|1|19|3993|60|ASP|1|21|201
YDBR|9|27|3313|0|N|0|90|270
YDBY|11|29|5696|98|ASP|1|111|291
YDBY|5|23|3799|59|GVL|1|56|236
YDDF|6|24|3215|0|N|0|60|240
YDEA|9|27|2859|66|Asphalt|0|90|270
YDEG|15|33|2624|0|N|0|150|330
YDER|16|34|2296|0|G|0|160|340
YDEV|17|35|2788|0|N|0|170|350
YDEV|9|27|3100|0|N|0|90|270
YDGI|2|20|4757|0|X|0|20|200
YDGN|4|22|3608|0|X|0|40|220
YDGR|3|21|3280|0|L|0|30|210
YDGT|10|28|4921|0|C|0|100|280
YDGY|14|33|3280|0|L|0|140|330
YDHL|12|30|2624|0|X|0|120|300
YDIM|14|32|3280|0|X|0|140|320
YDIX|7|25|3182|0|X|0|70|250
YDKI|14|32|2673|0|B|0|140|320
YDLD|12|30|3937|0|N|0|120|300
YDLH|18|36|2952|0|L|0|180|360
YDLH|3|21|3280|0|L|0|30|210
YDLK|17|35|3805|0|N|0|170|350
YDLK|8|26|1968|0|N|0|80|260
YDLO|13|31|6036|0|X|0|130|310
YDLQ|12|30|1969|98|GRE|0|142|322
YDLQ|6|24|3999|98|ASP|1|66|246
YDLT|9|27|3215|0|X|0|90|270
YDLV|12|30|2811|0|N|0|120|300
YDLW|14|32|6233|0|N|0|140|320
YDMF|1|19|3198|0|C|0|10|190
YDMG|12|30|5433|98|ASP|1|120|300
YDMN|12|30|3149|0|S|0|120|300
YDMR|10|28|5249|0|X|0|100|280
YDNB|18|36|4921|0|N|0|180|360
YDNI|10|28|1640|0|B|0|100|280
YDNV|18|36|2624|0|C|0|180|360
YDNV|9|27|3444|0|C|0|90|270
YDOC|14|32|5643|0|G|0|140|320
YDOC|18|36|10203|0|G|0|180|360
YDOD|18|36|2585|98|GRS|0|188|8
YDOD|9|27|3825|60|ASP|1|98|278
YDON|7|25|3444|0|X|0|70|250
YDOO|8|26|2624|0|N|0|80|260
YDOP|11|29|3018|0|G|0|110|290
YDOR|14|32|4461|0|N|0|140|320
YDPD|14|32|2559|0|C|0|140|320
YDPD|3|21|3297|0|C|0|30|210
YDPO|14|32|2887|98|GRS|0|156|336
YDPO|6|24|6030|148|ASP|1|76|256
YDPT|15|33|1804|0|G|0|150|330
YDPT|6|24|2952|0|G|0|60|240
YDPW|16|34|2952|0|N|0|160|340
YDRA|18|36|3280|0|X|0|180|360
YDRC|12|30|3937|0|N|0|120|300
YDRC|1|19|1968|0|N|0|10|190
YDRD|5|23|4589|0|G|0|50|230
YDRH|1|19|3031|0|C|0|10|190
YDRH|7|25|2687|0|C|0|70|250
YDRI|17|35|3116|0|C|0|170|350
YDRL|17|35|1968|0|N|0|170|350
YDRL|9|27|3280|0|N|0|90|270
YDUK|7|25|3937|0|X|0|70|250
YDUM|9|27|2952|0|C|0|90|270
YDUN|15|33|2919|0|X|0|150|330
YDVE|15|33|3280|0|NSGG|0|150|330
YDVR|9|27|4406|0|C|0|90|270
YDWU|14|32|4271|0|XS|0|140|320
YDYS|14|32|5085|98|ASP|1|146|326
YEAB|5|23|3500|0|X|0|50|230
YEAT|18|36|2696|0|X|0|180|360
YECH|17|35|3615|60|ASP|1|178|358
YECH|5|23|1674|59|GVL|0|58|238
YECL|18|36|1640|0|X|0|180|360
YECL|8|26|4265|0|X|0|80|260
YEDA|17|35|3805|0|L|0|170|350
YEDA|9|27|3904|0|L|0|90|270
YEDE|18|36|3280|0|B|0|180|360
YEDM|13|31|4265|0|X|0|130|310
YEDM|4|22|4265|0|X|0|40|220
YEEB|3|21|4429|0|X|0|30|210
YEES|10|28|2296|0|X|0|100|280
YEIN|17|35|3937|0|X|0|170|350
YELD|10|28|4724|98|ASP|1|99|279
YELE|12|30|3116|0|N|0|120|300
YELK|13|31|3205|0|N|0|130|310
YELL|14|32|3740|0|X|0|140|320
YELM|1|19|2952|0|GG|0|15|195
YELN|18|36|3937|0|N|0|180|360
YEMG|18|36|3956|0|X|0|180|360
YEML|15|33|3038|59|GVL|1|152|332
YEML|6|24|6234|98|ASP|1|71|251
YEMP|16|34|2208|0|G|0|160|340
YENO|3|21|3608|0|G|0|30|210
YENO|H1||115|85|CON|0|-1|-1
YEPL|18|36|3494|0|N|0|180|360
YEPL|5|23|3464|0|N|0|50|230
YEPR|16|34|2952|0|N|0|160|340
YEQO|14|32|4265|0|N|0|140|320
YERA|10|28|3280|0|N|0|100|280
YERA|16|34|6561|0|N|0|160|340
YERH|18|36|3937|0|N|0|180|360
YERH|4|22|3937|0|N|0|40|220
YERL|9|27|3772|0|C|0|90|270
YERN|5|23|3838|0|X|0|50|230
YERO|15|33|3608|0|S|0|150|330
YERU|17|35|3280|0|C|0|170|350
YERU|8|26|2952|0|C|0|80|260
YESE|14|32|6799|269|Dirt|0|140|320
YESP|11|29|4921|98|ASP|1|111|291
YESP|3|21|3865|59|GVL|0|28|208
YEUA|15|33|2296|33|Grass and granite sand|0|150|330
YEUA|1|19|2952|33|Grass and granite sand|0|10|190
YEUD|10|28|2854|0|X|0|100|280
YEUD|18|36|2080|0|X|0|180|360
YEUO|4|22|4675|0|C|0|40|220
YEVD|18|36|4275|60|ASP|0|186|6
YEVD|H||328|197|ASP|0|-1|-1
YEVP|9|27|4921|0|S|0|90|270
YEWA|28|10|8202|98|ASP|0|279|99
YEXM|2|20|4215|0|X|0|20|200
YEYD|11|29|3280|0|C|0|110|290
YEYD|6|24|3280|0|C|0|60|240
YFBS|9|27|4029|60|ASP|1|99|279
YFDF|12|30|7546|98|ASP|0|120|300
YFLI|14|32|5643|0|X|0|140|320
YFLI|5|23|3510|0|B|0|50|230
YFLS|18|36|3280|0|G|0|180|360
YFOR|9|27|4593|0|X|0|90|270
YFRD|18|36|1804|0|S|0|180|360
YFRD|6|24|3608|0|S|0|60|240
YFRG|17|35|3805|0|X|0|170|350
YFRK|8|26|6561|0|N|0|80|260
YFRT|18|36|4984|148|ASP|1|180|0
YFRT|9|27|4426|148|ASP|1|94|274
YFRV|14|32|3855|0|Dirt|0|140|320
YFSA|9|27|3297|0|X|0|90|270
YFTA|15|33|5029|0|X|0|150|330
YFTZ|1|19|4265|98|ASP|1|18|198
YFWY|8|26|2952|0|X|0|80|260
YGAM|3|21|1804|0|N|0|30|210
YGAN|12|30|2493|0|X|0|120|300
YGAR|4|22|2657|0|SU|0|40|220
YGAS|1|19|2460|125|Hard|0|10|190
YGAW|13|31|4970|0|B|0|130|310
YGAW|5|23|4970|0|B|0|50|230
YGAY|6|24|4150|59|ASP|1|67|247
YGBI|10|28|4527|0|X|0|100|280
YGBW|14|32|2788|0|N|0|140|320
YGCR|17|35|2634|0|G|0|170|350
YGDA|12|30|3530|60|PER|1|131|311
YGDH|11|29|5400|98|ASP|1|123|303
YGDH|17|35|1942|98|GRS|0|183|3
YGDI|12|30|2608|98|CLA|0|132|312
YGDI|4|22|4396|98|ASP|1|42|222
YGDR|14|32|2624|0|N|0|140|320
YGDS|17|35|3871|0|C|0|170|350
YGDV|16|34|3182|0|X|0|160|340
YGEL|14|32|2769|59|ASP|0|143|323
YGEL|3|21|7838|148|ASP|1|18|198
YGEL|8|26|2953|59|GVL|0|80|260
YGFN|18|36|5607|98|ASP|1|186|6
YGGE|12|30|4580|0|X|0|120|300
YGGI|2|20|3608|0|L|0|20|200
YGGL|11|29|3280|0|L|0|110|290
YGGO|3|21|3280|0|N|0|30|210
YGGS|8|26|3280|0|N|0|80|260
YGHG|1|19|1968|0|X|0|10|190
YGIA|9|27|8202|148|CON|0|90|270
YGIB|7|25|3497|0|N|0|70|250
YGID|6|24|5249|0|X|0|60|240
YGIF|18|36|2985|0|L|0|180|360
YGIG|8|26|5997|148|ASP|1|75|255
YGIL|15|33|4206|0|X|0|150|330
YGIL|8|26|1902|0|S|0|80|260
YGIR|18|36|3018|0|L|0|180|360
YGKL|12|30|2870|0|B|0|120|300
YGLA|10|28|5364|98|ASP|1|110|290
YGLB|4|22|4209|98|ASP|1|48|228
YGLB|8|26|2218|98|GRE|0|92|272
YGLD|16|34|3937|0|N|0|160|340
YGLE|15|33|2887|0|C|0|150|330
YGLI|10|28|5499|98|GVL|1|106|286
YGLI|14|32|4915|98|ASP|1|154|334
YGLN|11|29|1968|0|N|0|110|290
YGLN|15|33|2624|0|N|0|150|330
YGLO|16|34|3405|0|C|0|160|340
YGLO|8|26|1998|0|C|0|80|260
YGLP|13|31|3772|0|N|0|130|310
YGLS|12|30|5249|0|X|0|120|300
YGMP|9|27|3707|0|G|0|90|270
YGNA|9|27|3280|0|L|0|90|270
YGNV|8|26|3018|0|X|0|80|260
YGNW|12|30|4921|0|X|0|120|300
YGOM|6|24|3280|0|G|0|60|240
YGPT|4|22|4314|98|COP|1|46|226
YGRU|3|21|4593|0|G|0|30|210
YGSC|13|31|4035|0|X|0|130|310
YGTE|10|28|6237|98|ASP|1|100|280
YGTH|18|36|1969|98|GRS|0|189|9
YGTH|6|24|4931|98|ASP|1|66|246
YGTN|6|24|3799|59|ASP|0|61|241
YGTO|06L|24R|1804|66|GRS|0|60|240
YGTO|06R|24L|3280|66|B|0|60|240
YGTO|11|29|1968|66|G|0|110|290
YGTO|14|32|0|66|GRS|0|140|320
YGUL|9|27|3280|0|X|0|90|270
YGUW|15|33|3937|0|N|0|150|330
YGVE|13|31|1998|0|G|0|130|310
YGWA|1|19|3576|0|N|0|10|190
YGWD|18|36|3280|0|N|0|180|360
YGWD|8|26|1640|0|N|0|80|260
YGYM|14|32|4600|59|ASP|0|148|328
YGYM|3|21|1955|98|CLA|0|36|216
YHAA|12|30|3254|0|C|0|120|300
YHAB|17|35|3986|0|G|0|170|350
YHAE|8|26|2788|0|X|0|80|260
YHAG|9|27|3937|0|N|0|90|270
YHAW|18|36|3280|0|N|0|180|360
YHAY|15|33|3740|98|GRE|0|155|335
YHAY|4|22|4800|98|ASP|1|44|224
YHBA|11|29|6561|98|ASP|1|119|299
YHBK|14|32|1902|0|N|0|140|320
YHBK|4|22|2657|0|N|0|40|220
YHBR|8|26|3937|0|X|0|80|260
YHBY|11|29|3280|0|G|0|110|290
YHDD|10|28|3280|0|X|0|100|280
YHDY|18|36|3937|0|N|0|180|360
YHDY|9|27|3999|0|X|0|90|270
YHEC|10|28|2296|0|G|0|100|280
YHEC|18|36|2296|0|G|0|180|360
YHEG|9|27|4921|0|X|0|90|270
YHEW|17|35|3999|0|G|0|170|350
YHEW|7|25|3608|0|G|0|70|250
YHGR|14|32|5019|0|S|0|140|320
YHGS|9|27|3937|0|N|0|90|270
YHHY|11|29|2624|0|X|0|110|290
YHID|14|32|4052|75|ASP|1|140|320
YHID|8|26|4557|98|ASP|1|85|265
YHIL|9|27|4921|0|N|0|90|270
YHKT|15|33|3280|0|N|0|150|330
YHLC|4|22|4839|98|ASP|1|44|224
YHLC|8|26|3104|59|GVL|1|86|266
YHLM|3|21|4101|0|B|0|30|210
YHLS|14|32|2690|98|GRS|0|151|331
YHLS|6|24|4262|60|ASP|0|72|252
YHMB|11|29|3704|0|S|0|110|290
YHML|10|28|4045|98|GVL|0|113|293
YHML|17|35|4606|98|ASP|1|180|0
YHMT|2|20|3608|0|C|0|20|200
YHMT|3|21|3280|0|C|0|30|210
YHOA|10|28|2296|0|X|0|100|280
YHOO|10|28|5118|0|X|0|100|280
YHOT|11|29|4762|98|ASP|1|119|299
YHOV|14|32|2952|0|N|0|140|320
YHOY|3|21|3510|0|G|0|30|210
YHPN|1|19|3730|60|ASP|1|21|201
YHPN|8|26|1598|98|GRS|1|91|271
YHRD|18|36|3280|0|S|0|180|360
YHRD|9|27|4494|0|N|0|90|270
YHRG|12|30|5577|0|N|0|120|300
YHRG|15|33|4593|0|N|0|150|330
YHSL|12|30|5249|0|N|0|120|300
YHSM|17|35|2621|60|SAN|0|180|0
YHSM|8|26|4337|98|ASP|1|90|270
YHTA|10|28|2624|0|N|0|100|280
YHTA|6|24|2952|0|N|0|60|240
YHTL|10|28|3937|0|X|0|100|280
YHTN|16|33|3188|0|G|0|160|330
YHTS|16|34|4265|0|N|0|160|340
YHUG|12|30|5394|98|ASP|1|127|307
YHUG|6|24|3051|59|GVL|1|66|246
YIDR|13|31|3205|0|N|0|130|310
YIDR|9|27|2805|0|N|0|90|270
YIFL|14|32|4439|98|ASP|1|141|321
YIFL|3|21|4409|98|CLA|0|35|215
YIFY|12|30|2887|0|C|0|120|300
YIGM|5|23|5006|98|ASP|1|58|238
YIGR|14|32|2296|0|S|0|140|320
YIGR|9|27|2624|0|S|0|90|270
YIKL|17|35|4593|0|N|0|170|350
YIKM|17|35|3018|0|N|0|170|350
YILA|2|20|3280|0|G|0|20|200
YILW|8|26|2998|0|G|0|80|260
YIMB|15|33|4288|0|S|0|150|330
YIMB|3|21|5183|0|ASP|0|30|210
YIMP|5|23|4757|0|S|0|50|230
YING|4|22|3608|0|G|0|40|220
YINJ|14|32|3956|0|N|0|140|320
YINN|2|20|4071|0|C|0|20|200
YINO|9|27|3280|0|X|0|90|270
YINV|18|36|3280|0|X|0|180|360
YINV|7|25|6561|0|X|0|70|250
YISD|9|27|3280|0|X|0|90|270
YISF|14|32|4498|100|COP|0|148|328
YITT|14|32|2986|0|GVL|0|140|320
YIVL|16|34|6936|98|ASP|1|170|350
YIVL|4|22|2297|60|GRS|0|51|231
YIVO|16|34|4088|60|ASP|1|173|353
YIVO|9|27|3343|100|CLA|0|98|278
YJAB|9|27|4670|100|PER|1|95|275
YJAM|1|19|5249|0|X|0|10|190
YJBY|15|33|5000|150|ASP|0|166|346
YJBY|8|26|4800|150|ASP|0|94|274
YJCO|1|19|2385|0|G|0|10|190
YJDA|1|19|4498|0|X|0|10|190
YJER|1|19|3700|0|B|0|10|190
YJEY|7|25|2952|0|N|0|70|250
YJGP|14|32|5249|0|X|0|140|320
YJIG|14|32|4593|0|X|0|140|320
YJIN|10|28|2854|0|G|0|100|280
YJIN|12|30|3280|0|G|0|120|300
YJLC|10|28|4600|98|ASP|1|107|287
YJNY|6|24|4921|0|N|0|60|240
YJRO|18|36|3280|0|N|0|180|360
YJST|16|34|3937|0|N|0|160|340
YJUK|15|33|5249|0|X|0|150|330
YJUN|8|26|6889|0|N|0|80|260
YKAE|14|32|3937|0|XUG|0|140|320
YKAJ|15|33|2296|0|N|0|150|330
YKAL|10|28|3126|0|N|0|100|280
YKAL|5|23|3418|0|S|0|50|230
YKAN|10|28|3937|0|C|0|100|280
YKAN|18|36|3937|0|C|0|180|360
YKAP|15|33|1968|0|G|0|150|330
YKAR|12|30|4593|0|ASP|0|120|300
YKBA|14|32|6890|0||0|134|314
YKBG|12|30|3280|0|X|0|120|300
YKBL|16|34|3576|0|X|0|160|340
YKBR|18|36|5246|60|ASP|0|181|1
YKBY|13|31|4432|59|ASP|1|130|310
YKBY|5|23|2559|59|GVL|0|52|232
YKCA|12|30|4908|0|N|0|120|300
YKCK|9|27|4593|0|G|0|90|270
YKCS|10|28|5029|0|X|0|100|280
YKDD|12|30|7612|148|ASP|0|116|296
YKDI|5|23|3937|0|B|0|50|230
YKDM|7|25|3605|0|X|0|70|250
YKDN|18|36|3608|0|X|0|180|360
YKEB|11|29|3280|0|X|0|110|290
YKEN|7|25|2998|0|S|0|70|250
YKER|14|32|3501|60|ASP|1|149|329
YKER|5|23|2267|60|GVL|1|59|239
YKGA|14|32|5216|0|X|0|140|320
YKGA|4|22|3904|0|X|0|40|220
YKHA|13|31|4937|0|G|0|130|310
YKID|3|21|4101|0|N|0|30|210
YKIG|2|20|3248|0|B|0|20|200
YKII|10|28|5198|98|ASP|1|115|295
YKII|17|35|3632|98|COM|1|185|5
YKII|6|24|2626|98|GVL|1|74|254
YKIL|16|34|3474|0|C|0|160|340
YKIU|4|22|4002|0|N|0|40|220
YKKG|13|31|3038|60|GVL|1|134|314
YKKG|3|21|4101|98|ASP|1|33|213
YKKH|16|34|4265|0|N|0|160|340
YKLA|7|25|2296|0|C|0|70|250
YKLB|8|26|3280|0|G|0|80|260
YKLC|11|29|6890|98|ASP|0|114|294
YKLG|5|23|3280|0|G|0|50|230
YKLL|16|34|3280|0|C|0|160|340
YKLL|8|26|3280|0|C|0|80|260
YKLN|15|33|3280|0|G|0|150|330
YKLR|17|35|2624|0|N|0|170|350
YKMB|3|21|4169|0|S|0|30|210
YKML|14|32|5275|0|C|0|140|320
YKMP|16|34|2014|60|GRS|0|170|350
YKMP|4|22|5413|98|ASP|1|54|234
YKNG|6|24|4921|0|X|0|60|240
YKNG|7|25|0|0|UNK|0|70|250
YKNM|5|23|3280|0|N|0|50|230
YKNM|9|27|2952|0|N|0|90|270
YKNP|12|30|4265|0|UG|0|120|300
YKNT|10|28|4429|0|X|0|100|280
YKNV|6|24|1797|0|X|0|60|240
YKOJ|17|35|4265|0|X|0|170|350
YKOK|13|31|3280|0|C|0|130|310
YKOL|17|35|2952|0|C|0|170|350
YKOW|12|30|4528|98|ASP|1|120|300
YKPR|11|29|4921|0|N|0|110|290
YKRV|18|36|3280|0|N|0|180|360
YKRY|16|34|5249|98|ASP|1|168|348
YKRY|5|23|4275|98|GRS|0|65|245
YKSC|15|33|3819|98|GVL|1|157|337
YKSC|1|19|4600|98|ASP|1|22|202
YKSC|6|24|3720|98|GVL|1|67|247
YKTH|18|36|3937|0|N|0|180|360
YKTN|18|36|2329|0|X|0|180|360
YKTN|9|27|2165|0|G|0|90|270
YKUB|11|29|3281|60|PER|0|113|293
YKUR|16|34|2936|289|Dirt|0|160|340
YKWG|18|36|3608|0|C|0|180|360
YKYN|2|20|3149|0|N|0|20|200
YLAG|3|21|2034|0|G|0|30|210
YLAH|4|22|4002|0|X|0|40|220
YLAM|2|20|2952|0|C|0|20|200
YLAN|16|34|2296|0|N|0|160|340
YLAN|18|36|1968|0|N|0|180|360
YLAO|18|36|1968|0|G|0|180|360
YLAO|9|27|2952|0|G|0|90|270
YLAW|10|28|6562|0|X|0|100|280
YLBD|10|28|3937|0|X|0|100|280
YLBG|8|26|3937|0|S|0|80|260
YLCG|12|30|2887|0|C|0|120|300
YLCG|6|24|3937|0|X|0|60|240
YLDB|7|25|4265|0|X|0|70|250
YLDO|1|19|4921|0|N|0|10|190
YLEA|13|31|3280|0|S|0|130|310
YLEA|3|21|3937|56|Dirt|0|30|210
YLEC|11|29|5610|98|ASP|1|121|301
YLEC|2|20|3999|59|BIT|0|30|210
YLED|10|28|3608|39|Sealed bitumen|0|100|280
YLED|16|34|3444|62|G|0|160|340
YLEE|4|22|4921|0|N|0|40|220
YLEG|18|36|2195|59|GVL|0|188|8
YLEG|4|22|3032|59|PER|0|47|227
YLEO|12|30|3740|98|GVL|1|133|313
YLEO|4|22|6621|98|ASP|1|37|217
YLET|8|26|2952|0|G|0|80|260
YLEV|8|26|3494|60|PER|1|85|265
YLFD|5|23|3280|0|X|0|50|230
YLGB|9|27|3608|0|X|0|90|270
YLGC|11|29|3958|0|Dirt|0|110|290
YLGD|15|33|3280|0|G|0|150|330
YLGD|1|19|1312|0|G|0|10|190
YLGL|15|33|3280|0|G|0|150|330
YLGN|11|29|3937|0|X|0|110|290
YLGN|2|20|2296|0|X|0|20|200
YLGU|11|29|2811|0|S|0|110|290
YLHI|10|28|2906|0|B|0|100|280
YLHR|12|30|4919|98|ASP|1|125|305
YLHS|16|34|4232|0|N|0|160|340
YLIL|18|36|3280|0|G|0|180|360
YLIM|12|30|3280|0|L|0|120|300
YLIS|15|33|5404|98|ASP|1|157|337
YLKD|12|30|3215|0|G|0|120|300
YLKN|11|29|2559|0|X|0|110|290
YLKN|14|32|3015|0|X|0|140|320
YLLA|14|32|3937|0|S|0|140|320
YLLA|4|22|3608|0|S|0|40|220
YLLC|13|31|3280|0|N|0|130|310
YLLE|3|21|5906|98|ASP|1|40|220
YLMQ|7|25|2204|0|B|0|70|250
YLMU|6|24|3280|0|G|0|60|240
YLND|16|34|3838|0|G|0|160|340
YLNR|11|29|3280|0|L|0|110|290
YLNR|18|36|2427|0|L|0|180|360
YLOC|14|32|2952|0|X|0|140|320
YLOD|13|31|1968|0|G|0|130|310
YLOH|9|27|3494|0|X|0|90|270
YLOK|8|26|3116|0|X|0|80|260
YLOR|15|33|4504|0|C|0|150|330
YLOU|7|25|3280|0|N|0|70|250
YLOV|8|26|2854|0|S|0|80|260
YLOX|17|35|2801|0|S|0|170|350
YLOX|8|26|3891|0|X|0|80|260
YLRA|14|32|3526|0|X|0|140|320
YLRD|10|28|4613|60|ASP|1|110|290
YLRD|4|22|2405|98|GVL|1|48|228
YLRE|4|22|6352|98|ASP|1|47|227
YLRE|9|27|2953|59|GVL|0|93|273
YLRG|16|34|3937|0|L|0|160|340
YLRG|9|27|3608|0|L|0|90|270
YLRS|11|29|3280|0|G|0|110|290
YLST|10|28|5906|98|ASP|1|100|280
YLSY|12|30|4921|0|S|0|120|300
YLSY|5|23|2952|0|S|0|50|230
YLTN|16|34|3015|98|GRE|1|157|337
YLTN|7|25|5906|98|ASP|1|70|250
YLTV|03L|21R|1529|164|Turf/Grass|0|30|210
YLTV|3|21|4692|75|ASP|1|45|225
YLTV|9|27|3015|60|GVL|1|97|277
YLUC|9|27|3280|0|N|0|90|270
YLUI|8|26|3280|0|X|0|80|260
YLUL|16|34|3740|0|N|0|160|340
YLUL|2|20|4051|0|N|0|20|200
YLUW|16|34|3937|0|X|0|160|340
YLVD|17|35|3608|0|N|0|170|350
YLVD|8|26|3280|0|N|0|80|260
YLWY|13|31|3280|0|S|0|130|310
YLWY|2|20|3280|0|S|0|20|200
YLYD|6|24|4166|0|G|0|60|240
YLYK|18|36|1699|0|G|0|180|360
YLZI|12|30|3038|49|ASP|1|120|300
YMAA|15|33|1312|0|N|0|150|330
YMAC|1|19|2952|0|S|0|10|190
YMAC|8|26|3608|0|S|0|80|260
YMAD|1|19|4593|0|C|0|10|190
YMAD|9|27|3608|0|C|0|90|270
YMAE|14|32|1722|0|G|0|140|320
YMAI|10|28|4035|0|X|0|100|280
YMAI|17|35|3280|0|X|0|170|350
YMAK|18|36|3280|0|N|0|180|360
YMAU|12|30|5249|0|X|0|120|300
YMAV|18|36|10000|148|ASP|1|187|7
YMAY|7|25|6234|98|ASP|1|81|261
YMBA|10|28|4938|98|ASP|1|108|288
YMBD|1|19|3494|0|X|0|10|190
YMBD|9|27|2985|0|G|0|90|270
YMBL|17|35|3454|0|X|0|170|350
YMBL|9|27|4009|0|X|0|90|270
YMBT|14|32|3199|0|GVL|0|140|320
YMBU|17|35|3414|100|PER|1|174|354
YMBU|6|24|1908|100|GVL|0|68|248
YMBX|18|36|3116|0|G|0|180|360
YMBX|9|27|3215|0|G|0|90|270
YMBZ|12|30|3937|0|N|0|120|300
YMCE|18|36|2952|0|X|0|180|360
YMCK|18|36|3349|0|N|0|180|360
YMCL|6|24|2919|0|C|0|60|240
YMCO|18|36|3372|0|X|0|180|360
YMCO|7|25|2890|0|X|0|70|250
YMCR|18|36|4002|0|X|0|180|360
YMCS|9|27|5577|0|X|0|90|270
YMCT|8|26|3937|60|ASP|1|85|265
YMDA|18|36|3116|0|X|0|180|360
YMDB|1|19|3608|0|C|0|10|190
YMDG|16|34|3527|98|GRS|0|171|351
YMDG|4|22|5705|98|ASP|1|52|232
YMDK|13|31|3280|0|S|0|130|310
YMDN|10|28|4166|0|XSA|0|100|280
YMDN|18|36|3018|0|XSA|0|180|360
YMDR|8|26|3280|0|C|0|80|260
YMDS|12|30|3608|0|N|0|120|300
YMDT|17|35|3280|0|N|0|170|350
YMDT|8|26|3937|0|N|0|80|260
YMDV|15|33|5905|0|X|0|150|330
YMDW|10|28|3608|0|X|0|100|280
YMDY|12|30|3970|59|PER|0|124|304
YMDZ|2|20|3280|0|N|0|20|200
YMDZ|7|25|4921|0|N|0|70|250
YMEB|2|20|4921|0|C|0|20|200
YMED|15|33|3001|0|X|0|150|330
YMED|1|19|4199|0|X|0|10|190
YMEI|12|30|4921|0|X|0|120|300
YMEK|15|33|3494|98|SAN|0|139|319
YMEK|9|27|7156|98|ASP|1|85|265
YMEL|10|28|2952|0|G|0|100|280
YMEL|4|22|2952|0|X|0|40|220
YMEN|17|35|4311|148|ASP|1|177|357
YMEN|8|26|6302|148|ASP|1|88|268
YMER|3|21|5256|98|ASP|1|34|214
YMES|4|22|7995|148|ASP|1|54|234
YMES|9|27|7316|148|ASP|1|99|279
YMEU|9|27|3280|0|N|0|90|270
YMEW|18|36|3937|0|X|0|180|360
YMFD|15|33|2952|0|G|0|150|330
YMGB|11|29|4626|60|PER|1|116|296
YMGD|14|32|5020|98|ASP|1|149|329
YMGG|18|36|4855|0|X|0|180|360
YMGG|3|21|2788|0|X|0|30|210
YMGI|12|30|4606|98|ASP|0|128|308
YMGI|1|19|1726|100|CLA|0|19|199
YMGN|5|23|3608|0|X|0|50|230
YMGO|2|20|3280|0|C|0|20|200
YMGO|9|27|1968|0|C|0|90|270
YMGT|2|20|3619|49|ASP|1|19|199
YMGV|18|36|3280|0|X|0|180|360
YMHB|12|30|7385|148|ASP|1|135|315
YMHL|13|31|3937|0|X|0|130|310
YMHO|5|23|3503|85|Dirt|0|56|236
YMHT|3|21|3280|0|L|0|30|210
YMHU|6|24|4931|75|ASP|1|69|249
YMHW|9|27|3116|0|C|0|90|270
YMIA|18|36|3737|98|ASP|1|186|6
YMIA|9|27|6004|148|ASP|1|102|282
YMIG|6|24|3280|0|X|0|60|240
YMIN|15|33|4560|0|N|0|150|330
YMIP|17|35|5157|0|X|0|170|350
YMIP|6|24|4635|0|X|0|60|240
YMIR|11|29|3306|236|Dirt|0|110|290
YMIR|6|24|1123|79|Dirt|0|60|240
YMIS|15|33|4593|0|N|0|150|330
YMIS|9|27|3444|0|N|0|90|270
YMIT|11|29|4675|98|ASP|0|113|293
YMIV|4|22|3116|0|N|0|40|220
YMIV|7|25|2460|0|N|0|70|250
YMIX|9|27|3116|0|S|0|90|270
YMJE|7|25|4429|0|C|0|70|250
YMJM|12|30|4016|50|ASP|1|117|297
YMKT|7|25|3116|0|S|0|70|250
YMLA|16|34|3280|0|S|0|160|340
YMLD|18|36|3937|0|X|0|180|360
YMLL|12|30|2460|0|S|0|120|300
YMLN|13|31|3772|0|C|0|130|310
YMLN|1|19|3772|0|C|0|10|190
YMLR|12|30|2624|0|S|0|120|300
YMLR|15|33|3608|0|S|0|150|330
YMLS|4|22|5217|100|ASP|1|40|220
YMLT|14L|32R|2297|60|GRS|0|147|327
YMLT|14R|32L|6499|148|ASP|1|146|326
YMLT|18|36|2264|60|GRS|0|196|16
YMLX|4|22|3116|0|C|0|40|220
YMLX|9|27|4265|0|C|0|90|270
YMMB|13L|31R|3783|98|ASP|1|142|322
YMMB|13R|31L|3478|60|ASP|0|142|322
YMMB|17L|35R|4383|98|ASP|1|176|356
YMMB|17R|35L|4069|60|ASP|0|176|356
YMMB|4|22|1873|60|ASP|1|47|227
YMMI|3|21|6562|98|ASP|1|34|214
YMML|16|34|11998|197|ASP|1|171|351
YMML|9|27|7500|148|ASP|1|94|274
YMMN|13|31|4265|0|B|0|130|310
YMMT|1|19|3608|0|B|0|10|190
YMMT|9|27|3576|0|S|0|90|270
YMMU|11|29|5085|98|ASP|0|113|293
YMNA|16|34|3280|0|N|0|160|340
YMND|5|23|4022|49|ASP|1|62|242
YMND|8|26|3316|60|ASP|0|94|274
YMNE|11|29|5896|98|ASP|1|114|294
YMNF|3|21|3280|0|S|0|30|210
YMNF|9|27|2624|0|S|0|90|270
YMNG|18|36|4793|98|ASP|1|189|9
YMNG|5|23|6650|148|ASP|1|55|235
YMNK|18|36|2690|0|X|0|180|360
YMNN|13|31|3211|0|N|0|130|310
YMNO|4|22|2952|0|X|0|40|220
YMNP|10|28|2460|0|C|0|100|280
YMNP|1|19|2952|0|C|0|10|190
YMNS|11|29|4265|0|N|0|110|290
YMNT|9|27|3608|0|N|0|90|270
YMNX|1|19|3937|0|L|0|10|190
YMNY|11|29|3608|0|C|0|110|290
YMOE|1|19|3280|0|C|0|10|190
YMOG|16|34|5906|98|PER|1|161|341
YMOG|4|22|2953|98|PER|1|36|216
YMOO|14|32|2887|0|C|0|140|320
YMOO|5|23|4724|0|C|0|50|230
YMOR|1|19|5292|98|ASP|1|17|197
YMOR|5|23|3205|60|GVL|0|58|238
YMOT|14|32|3937|0|G|0|140|320
YMOU|16|34|5249|0|X|0|160|340
YMPA|17|35|4475|0|C|0|170|350
YMPC|17|35|4508|148|CON|1|175|355
YMPC|4|22|3730|148|CON|0|49|229
YMPC|8|26|3497|148|GRS|0|90|270
YMQA|12|30|2952|0|N|0|120|300
YMRA|18|36|7217|0|B|0|180|360
YMRB|16|34|5000|98|ASP|1|171|351
YMRE|4|22|4422|0|X|0|40|220
YMRT|9|27|4038|0|C|0|90|270
YMRW|14|32|5298|0|X|0|140|320
YMRW|15|33|0|0|UNK|0|150|330
YMRW|9|27|3034|0|X|0|90|270
YMRY|18|36|4997|98|ASP|1|192|12
YMRY|4|22|2713|60|GVL|0|57|237
YMSF|12|30|3205|0|C|0|120|300
YMSP|4|22|3772|0|N|0|40|220
YMSS|13|31|3280|0|N|0|130|310
YMSS|4|22|2296|0|N|0|40|220
YMST|11|29|4454|131|Dirt|0|110|290
YMST|5|23|4011|285|Dirt|0|50|230
YMTA|18|36|3280|0|S|0|180|360
YMTA|9|27|2296|0|S|0|90|270
YMTB|4|22|3608|0|X|0|40|220
YMTC|18|36|3937|0|N|0|180|360
YMTC|6|24|3444|0|N|0|60|240
YMTG|11|29|3025|0|ASP|0|110|290
YMTG|18|36|5394|0|ASP|0|180|360
YMTG|6|24|2776|0|ASP|0|60|240
YMTI|12|30|2480|59|GVL|0|135|315
YMTI|9|27|4987|98|PER|1|98|278
YMTO|16|34|4301|100|ASP|1|170|350
YMTW|10|28|2296|0|N|0|100|280
YMTW|15|33|3608|0|N|0|150|330
YMTX|15|33|4921|0|N|0|150|330
YMTZ|4|22|5125|45|Dirt|0|45|225
YMUA|2|20|3608|0|G|0|20|200
YMUC|8|26|3608|0|X|0|80|260
YMUE|8|26|3937|0|X|0|80|260
YMUG|17|35|3444|0|X|0|170|350
YMUJ|12|30|4330|0|X|0|120|300
YMUK|12|30|3280|0|C|0|120|300
YMUL|5|23|3750|59|ASP|1|48|228
YMUL|9|27|2930|59|GRE|0|93|273
YMUP|9|27|3280|0|N|0|90|270
YMUR|18|36|2624|0|G|0|180|360
YMUX|18|36|3178|83|Dirt|0|180|360
YMUX|9|27|6271|115|Dirt|0|90|270
YMVM|18|36|5249|0|N|0|180|360
YMVM|7|25|1640|0|N|0|70|250
YMVN|4|22|5003|0|G|0|40|220
YMVY|9|27|2624|0|G|0|90|270
YMWA|5|23|4721|0|X|0|50|230
YMWO|15|33|3937|0|N|0|150|330
YMWO|6|24|3280|0|N|0|60|240
YMWX|13|31|2798|0|N|0|130|310
YMYB|12|30|2904|98|GRS|1|129|309
YMYB|17|35|5207|98|ASP|1|174|354
YMYH|14|32|3805|0|X|0|140|320
YMYI|13|31|4757|0|X|0|130|310
YMYR|9|27|3280|0|X|0|90|270
YMYV|11|29|3280|0|N|0|110|290
YMYW|15|33|3280|0|S|0|150|330
YMYY|6|24|3280|0|S|0|60|240
YMZI|14|32|2952|0|N|0|140|320
YMZI|6|24|3608|0|N|0|60|240
YNAB|10|28|5249|0|B|0|100|280
YNAN|5|23|3608|0|N|0|50|230
YNAP|14|32|3474|0|C|0|140|320
YNAR|14|32|5302|98|ASP|1|144|324
YNAR|5|23|3346|98|GVL|0|53|233
YNAU|10|28|2296|0|XUG|0|100|280
YNAU|18|36|3280|0|XUG|0|180|360
YNBR|18|36|5000|98|ASP|1|193|13
YNBR|9|27|3980|98|GRS|0|95|275
YNCD|13|31|2624|0|X|0|130|310
YNCD|4|22|3280|0|X|0|40|220
YNCS|13|31|2952|0|C|0|130|310
YNDG|13|31|2985|0|XUG|0|130|310
YNDG|4|22|2657|0|XUG|0|40|220
YNDS|6|24|3280|0|S|0|60|240
YNDS|9|27|3937|0|S|0|90|270
YNES|13|31|3937|0|N|0|130|310
YNES|7|25|3280|0|N|0|70|250
YNGU|11|29|5020|59|ASP|1|115|295
YNHL|18|36|3615|98|GRS|1|187|7
YNHL|9|27|3281|60|ASP|1|103|283
YNHP|6|24|3543|50|Dirt|0|60|240
YNHV|13|31|3605|0|X|0|130|310
YNIC|12|30|5479|0|N|0|120|300
YNIC|8|26|3937|0|N|0|80|260
YNIG|8|26|3280|0|G|0|80|260
YNKA|16|34|4593|0|X|0|160|340
YNMN|17|35|3280|0|S|0|170|350
YNOC|8|26|328|0|C|0|80|260
YNOF|16|34|2624|0|N|0|160|340
YNON|12|30|3280|0|X|0|120|300
YNON|3|21|3280|0|X|0|30|210
YNOO|18|36|2788|0|C|0|180|360
YNOO|9|27|1476|0|X|0|90|270
YNOV|6|24|6562|99|ASP|1|59|239
YNPA|17|35|4593|0|N|0|170|350
YNPB|12|30|2887|0|C|0|120|300
YNPD|1|19|2624|0|X|0|10|190
YNPE|13|31|5462|98|ASP|1|137|317
YNRB|1|19|2952|0|N|0|10|190
YNRB|8|26|3444|0|X|0|80|260
YNRC|2|20|3668|98|GRE|1|27|207
YNRC|8|26|3438|60|ASP|1|84|264
YNRG|10|28|4199|0|X|0|100|280
YNRG|18|36|4757|0|X|0|180|360
YNRL|2|20|3182|0|C|0|20|200
YNRL|6|24|3592|0|C|0|60|240
YNRM|11|29|4990|98|ASP|1|121|301
YNRM|4|22|3609|148|ASP|0|54|234
YNRN|5|23|4407|164|Dirt|0|50|230
YNRR|7|25|4593|0|X|0|70|250
YNRV|14|32|3927|98|GVL|0|139|319
YNRV|6|24|5512|98|PER|1|59|239
YNSH|11|29|3280|0|X|0|110|290
YNSM|1|19|4960|0|C|0|10|190
YNSM|4|22|3405|0|C|0|40|220
YNTM|14|32|4494|0|B|0|140|320
YNTN|14|32|5499|98|ASP|1|146|326
YNUB|10|28|3608|0|L|0|100|280
YNUE|16|34|3280|0|S|0|160|340
YNUL|14|32|4002|0|SU|0|140|320
YNUM|15|33|4331|59|PER|1|151|331
YNWL|17|35|3608|0|C|0|170|350
YNWL|5|23|2296|0|S|0|50|230
YNWN|5|23|6798|98|ASP|1|56|236
YNYG|9|27|3608|0|S|0|90|270
YNYM|13|31|3500|0|N|0|130|310
YNYN|18|36|3484|98|GRS|0|193|13
YNYN|5|23|5390|98|ASP|1|59|239
YNYP|10|28|4494|0|S|0|100|280
YOAD|15|33|6561|0|S|0|150|330
YOAP|6|24|3904|0|X|0|60|240
YOAS|18|36|2788|0|G|0|180|360
YOAS|8|26|2788|0|G|0|80|260
YODL|18|36|3608|0|N|0|180|360
YODL|9|27|4921|0|N|0|90|270
YOEN|12|30|4331|98|PER|1|119|299
YOIT|7|25|4593|0|N|0|70|250
YOKE|11|29|3280|0|X|0|110|290
YOKV|18|36|4593|0|S|0|180|360
YOLA|9|27|2788|33|asphalt|0|90|270
YOLD|7|25|6102|98|ASP|1|64|244
YOLW|12|30|3257|0|X|0|120|300
YOLW|3|21|5249|0|Sealed, grooved.|1|30|210
YOMI|13|31|2624|0|S|0|130|310
YOMI|4|22|4921|0|S|0|40|220
YOMO|13|31|2624|0|G|0|130|310
YOOD|13|31|4215|0|S|0|130|310
YOOD|4|22|4488|0|N|0|40|220
YOOK|17|35|4461|0|X|0|170|350
YOOK|9|27|4691|0|X|0|90|270
YOOM|12|30|5636|98|ASP|1|127|307
YOOO|12|30|3608|0|X|0|120|300
YORA|13|31|1968|0|G|0|130|310
YORA|4|20|3116|0|G|0|40|200
YORB|7|25|3740|0|S|0|70|250
YORG|11|29|5499|98|ASP|1|125|305
YORG|4|22|2559|98|GRS|0|52|232
YORL|15|33|5511|0|X|0|150|330
YORR|15|33|3740|0|N|0|150|330
YORT|14|32|3149|0|N|0|140|320
YORV|18|36|3503|0|G|0|180|360
YORV|9|27|3198|0|G|0|90|270
YORW|5|23|4265|0|X|0|50|230
YOSB|12|30|6550|75|ASP|0|120|300
YOTN|14|32|2624|0|N|0|140|320
YOUN|10|28|3937|0|N|0|100|280
YOUY|9|27|3280|0|X|0|90|270
YPAC|2|20|3280|0|B|0|20|200
YPAD|12|30|5420|148|ASP|1|123|303
YPAD|5|23|10171|148|ASP|1|50|230
YPAG|15|33|5413|98|ASP|1|159|339
YPAM|14|32|3730|59|COP|1|143|323
YPAY|13|31|4015|0|S|0|130|310
YPBH|18|36|2099|0|G|0|180|360
YPBH|9|27|3608|0|G|0|90|270
YPBO|6|24|6995|148|ASP|1|65|245
YPCC|15|33|7999|148|ASP|1|149|329
YPCE|6|24|3454|0|X|0|60|240
YPCH|18|36|2952|0|X|0|180|360
YPCH|6|24|2500|0|G|0|60|240
YPCM|16|34|4668|161|Dirt|0|160|340
YPCS|3|21|5249|0|L|0|30|210
YPCS|7|25|1476|0|L|0|70|250
YPDI|15|33|3608|0|S|0|150|330
YPDN|11|29|11004|197|ASP|1|109|289
YPDN|18|36|5000|98|ASP|1|180|0
YPDO|9|27|3280|0|L|0|90|270
YPDY|16|34|3280|0|N|0|160|340
YPEA|18L|36R|8002|148|ASP|1|174|354
YPEA|18R|36L|5712|98|ASP|0|173|353
YPEA|5|23|5548|148|ASP|1|45|225
YPED|18|36|8399|150|ASP|1|189|9
YPED|4|22|6437|150|GRS|1|48|228
YPEF|15|33|2494|0|G|0|150|330
YPEF|18|36|4265|0|G|0|180|360
YPFT|12|30|2998|0|N|0|120|300
YPFT|18|36|2500|0|N|0|180|360
YPGH|9|27|3396|65|Dirt|0|90|270
YPGV|13|31|7244|148|ASP|1|130|310
YPID|4|22|3220|59|Gravel|0|40|220
YPIN|5|23|3510|0|N|0|50|230
YPIR|17|35|3507|98|GRE|1|180|0
YPIR|3|21|2205|98|GRS|1|41|221
YPIR|8|26|3422|98|ASP|1|90|270
YPIX|14|32|4265|0|X|0|140|320
YPIX|18|36|3608|0|X|0|180|360
YPJI|14|32|3280|0|X|0|140|320
YPJI|9|27|4593|0|X|0|90|270
YPJT|06L|24R|4569|98|ASP|1|54|234
YPJT|06R|24L|3773|59|ASP|0|54|234
YPJT|12|30|4948|98|ASP|1|114|294
YPKA|8|26|7480|148|ASP|1|83|263
YPKE|4|22|3608|0|S|0|40|220
YPKG|11|29|6562|148|ASP|1|110|290
YPKG|18|36|3936|59|ASP|1|185|5
YPKH|18|36|2296|0|G|0|180|360
YPKI|14|32|1804|0|N|0|140|320
YPKI|3|21|2755|0|N|0|30|210
YPKL|3|21|2624|0|B|0|30|210
YPKS|11|29|5322|98|ASP|0|124|304
YPKS|4|22|5525|148|ASP|1|55|235
YPKT|16|34|4626|59|ASP|1|161|341
YPKU|12|30|6000|98|ASP|1|119|299
YPLC|15|33|4757|98|GVL|1|154|334
YPLC|1|19|4918|98|ASP|1|17|197
YPLC|5|23|4183|98|GVL|0|58|238
YPLI|9|27|2998|0|G|0|90|270
YPLM|18|36|9997|148|ASP|1|184|4
YPLU|7|25|4921|0|X|0|70|250
YPMB|15|33|3608|0|N|0|150|330
YPMB|9|27|2624|0|N|0|90|270
YPMH|18|36|5906|98|Gravel|0|180|360
YPMP|14|32|4462|98|ASP|1|151|331
YPMQ|3|21|5203|98|ASP|1|30|210
YPNG|12|30|3280|0|N|0|120|300
YPNG|5|23|3280|0|N|0|50|230
YPNI|18|36|5249|0|N|0|180|360
YPNN|18|36|4396|0|X|0|180|360
YPNW|11|29|4484|0|X|0|110|290
YPOD|17|35|3871|98|GVL|0|177|357
YPOD|8|26|5302|98|ASP|1|87|267
YPOK|18|36|2755|0|G|0|180|360
YPPD|14|32|8202|148|ASP|1|138|318
YPPD|18|36|3281|59|ASP|0|183|3
YPPF|03L|21R|4429|59|ASP|1|28|208
YPPF|03R|21L|4196|98|GVL|1|28|208
YPPF|08L|26R|3143|59|ASP|0|85|265
YPPF|08R|26L|3255|59|ASP|0|85|265
YPPH|3|21|11299|148|ASP|1|14|194
YPPH|6|24|7096|148|ASP|1|59|239
YPSR|H1||59|59|Asphalt|0|-1|-1
YPTB|18|36|3805|0|C|0|180|360
YPTJ|15|33|5905|0|X|0|150|330
YPTN|14|32|9003|150|ASP|1|139|319
YPUA|18|36|4560|0|X|0|180|360
YPUN|14|32|4593|0|X|0|140|320
YPVD|11|29|3116|0|C|0|110|290
YPWH|3|21|2493|0|B|0|30|210
YPWR|12|30|5295|98|GVL|1|125|305
YPWR|18|36|7782|148|ASP|1|186|6
YPXM|18|36|6900|148|ASP|1|175|355
YPYA|18|36|0|0||0|180|360
YPYD|17|35|3608|0|X|0|170|350
YPYF|10|28|5741|0|X|0|100|280
YPYF|18|36|4199|0|X|0|180|360
YQBE|18|36|3280|0|S|0|180|360
YQBK|5|23|1640|0|N|0|50|230
YQBK|9|27|2624|0|N|0|90|270
YQDG|6|24|4265|0|X|0|60|240
YQDG|9|27|2132|0|N|0|90|270
YQDI|14|32|5807|98|GVL|1|140|320
YQDI|6|24|3629|60|ASP|0|65|245
YQLP|18|36|3510|98|CLA|0|195|15
YQLP|9|27|4898|98|COP|1|95|275
YQNS|9|27|4101|0|X|0|90|270
YQRN|17|35|3608|0|C|0|170|350
YRAM|4|22|1640|0|S|0|40|220
YRAM|6|24|3444|0|C|0|60|240
YRAT|18|36|1716|0|gravel|0|180|0
YRAW|9|27|3871|0|L|0|90|270
YRBB|15|33|2624|0|S|0|150|330
YRBE|14|32|2165|180|grass|0|140|320
YRBE|2|20|1360|100|grass|0|32|147
YRBH|H1||66|66|Concrete|1|-1|-1
YRBK|H1||59|59|Concrete|1|-1|-1
YRBK|H2||59|59|Concrete|1|-1|-1
YRBR|13|31|3805|0|C|0|130|310
YRBT|9|27|4396|0|N|0|90|270
YRDM|9|27|3854|0|X|0|90|270
YRDY|10|28|4593|0|X|0|100|280
YRDY|1|19|3608|0|X|0|10|190
YRED|7|25|2798|0|B|0|70|250
YREN|12|30|0|0|UNK|0|120|300
YREN|18|36|3360|98|GVL|0|185|5
YREN|7|25|5709|98|ASP|1|74|254
YRID|2|20|2789|0|B|0|20|200
YRKS|15|33|3280|0|N|0|150|330
YRKS|6|24|3280|0|N|0|60|240
YRLE|12|30|3608|0|S|0|120|300
YRLL|13|31|3215|0|X|0|130|310
YRMD|9|27|5000|98|ASP|1|98|278
YRNG|9|27|4825|59|PER|1|92|272
YRNW|18|36|1899|0|S|0|180|360
YRNW|6|24|3999|0|S|0|60|240
YROB|34|11|0|0|N|0|340|110
YROE|9|27|5137|0|dirt|0|90|270
YROI|12|30|3854|0|S|0|120|300
YROI|1|19|3740|0|B|0|10|190
YROM|18|36|4934|98|ASP|1|192|12
YROM|9|27|2628|98|GRS|0|102|282
YROT|11|29|3937|0|X|0|110|290
YROV|8|26|2952|0|X|0|80|260
YRRB|13|31|4107|0|X|0|130|310
YRRG|10|28|5905|0|X|0|100|280
YRRR|10|28|2132|0|G|0|100|280
YRSB|14|32|4455|0|C|0|140|320
YRSK|11|29|3280|0|X|0|110|290
YRSY|15|33|2395|0|G|0|150|330
YRSY|3|21|3198|0|G|0|30|210
YRTI|9|27|4242|59|ASP|1|91|271
YRTP|12|30|3205|0|C|0|120|300
YRVE|9|27|2952|0|X|0|90|270
YRWA|12|30|3280|0|L|0|120|300
YRWA|2|20|3608|0|L|0|20|200
YRWH|5|23|3608|0|C|0|50|230
YRXB|1|19|2001|0|X|0|10|190
YRXB|9|27|2919|0|X|0|90|270
YRYH|13|31|3116|0|N|0|130|310
YRYH|9|27|3937|0|S|0|90|270
YRYK|3|21|3608|0|X|0|30|210
YRYL|17|35|2600|100|Grass|0|170|350
YRYL|9|27|2900|100|grass|0|90|270
YSAN|18|36|3280|0|X|0|180|360
YSAN|9|27|3280|0|X|0|90|270
YSAR|16|34|3444|0|C|0|160|340
YSBK|11C|29C|4644|98|ASP|1|124|304
YSBK|11L|29R|3609|98|ASP|1|124|304
YSBK|11R|29L|3419|75|ASP|1|124|304
YSBO|18|36|3280|0|X|0|180|360
YSCA|17|35|2700|60|Earth/sand|0|170|350
YSCA|8|26|5500|60|Earth/sand|0|8|26
YSCB|12|30|5509|98|ASP|1|130|310
YSCB|17|35|10771|148|ASP|1|180|0
YSCD|6|24|6562|98||0|60|240
YSCN|10|28|2372|98|GRS|0|111|291
YSCN|6|24|4804|98|ASP|1|65|245
YSCO|11|29|4606|98|ASP|1|124|304
YSCR|14|32|4609|0|X|0|140|320
YSCR|9|27|4337|0|S|0|90|270
YSDL|14|32|4265|0|X|0|140|320
YSDU|11|29|3501|60|ASP|0|118|298
YSDU|5|23|5604|148|ASP|1|53|233
YSEN|5|23|2952|0|B|0|50|230
YSEN|9|27|1968|0|G|0|90|270
YSFI|10|28|2952|0|X|0|100|280
YSFY|9|27|2296|0|G|0|90|270
YSGD|14|32|3280|0|S|0|140|320
YSGE|11|29|4987|98|ASP|1|120|300
YSGR|8|26|3280|0|N|0|80|260
YSGT|10|28|3608|0|B|0|100|280
YSGW|8|26|3572|0|S|0|80|260
YSHK|18|36|5545|98|ASP|1|178|358
YSHL|16|34|5967|98|ASP|1|169|349
YSHL|8|26|4367|98|ASP|1|94|274
YSHN|2|20|2952|0|X|0|20|200
YSHR|14|32|3608|0|N|0|140|320
YSHT|18|36|4521|60|ASP|1|191|11
YSHT|9|27|1388|98|GVL|0|98|278
YSIA|13|34|2296|0|N|0|130|340
YSIA|16|34|3608|0|N|0|160|340
YSII|12|30|2099|0|N|0|120|300
YSLG|13|31|3937|0|X|0|130|310
YSLK|17|35|2296|0|G|0|170|350
YSLK|9|27|3412|0|G|0|90|270
YSLN|12|30|2624|0|G|0|120|300
YSMB|17|35|0|0||0|170|350
YSMI|10|28|2034|98|GVL|0|113|293
YSMI|6|24|5246|60|ASP|1|69|249
YSMR|11|29|3280|0|N|0|110|290
YSMY|12|30|3280|0|C|0|120|300
YSNF|11|29|6398|150|ASP|1|122|302
YSNF|4|22|4708|98|ASP|1|50|230
YSNW|3|21|6713|148|ASP|1|45|225
YSNW|8|26|6870|148|ASP|1|95|275
YSOL|9|27|6562|148||0|90|270
YSOW|9|27|3280|0|L|0|90|270
YSPE|8|26|5597|98|ASP|0|91|271
YSPF|14|32|2624|0|C|0|140|320
YSPI|12|30|3982|0|X|0|120|300
YSPI|1|19|1968|0|L|0|10|190
YSPK|8|26|3248|0|N|0|80|260
YSPT|1|19|2871|0|ASP|0|25|205
YSPV|13|31|2624|0|N|0|130|310
YSPV|1|19|5000|0|X|0|10|190
YSRD|6|24|6397|0|X|0|60|240
YSRI|10|28|7001|148|ASP|1|107|287
YSRN|18|36|4002|0|X|0|180|360
YSRT|4|22|2001|0|N|0|40|220
YSRT|8|26|3526|0|B|0|80|260
YSSY|16L|34R|7999|148|ASP|1|168|348
YSSY|16R|34L|12999|148|ASP|1|168|348
YSSY|7|25|8300|148|ASP|1|74|254
YSTA|18|36|3278|60|PEM|1|187|7
YSTA|9|27|1755|60|GVL|0|97|277
YSTB|10|28|2952|0|N|0|100|280
YSTC|9|27|3937|0|C|0|90|270
YSTH|8|26|3510|0|S|0|80|260
YSTO|4|22|3280|0|X|0|40|220
YSTR|13|31|3937|0|S|0|130|310
YSTR|5|23|3608|0|S|0|50|230
YSTT|10|28|3316|0|N|0|100|280
YSTW|12L|30R|7218|148|ASP|1|133|313
YSTW|12R|30L|3642|60|ASP|0|133|313
YSTW|18|36|3346|98|GRS|0|188|8
YSTW|6|24|2762|98|GRS|0|73|253
YSUJ|13|31|3205|0|N|0|130|310
YSVN|17|35|3116|0|G|0|170|350
YSWE|12|30|3608|0|C|0|120|300
YSWG|12|30|2792|59|CLA|1|125|305
YSWG|5|23|5807|148|ASP|1|62|242
YSWH|15|33|2329|98|GRS|1|156|336
YSWH|4|22|3166|75|GRS|1|49|229
YSWH|8|26|4905|98|ASP|1|92|272
YSWK|1|19|2752|164|Turf/Grass|0|10|190
YSWL|11|29|4603|98|ASP|1|115|295
YSWL|18|36|2802|60|ASP|0|185|5
YSYN|10|28|2624|0|C|0|100|280
YSYN|14|32|3280|0|C|0|140|320
YTAA|17|35|4803|0|X|0|170|350
YTAB|9|27|3444|0|S|0|90|270
YTAM|12|30|3608|0|X|0|120|300
YTAM|8|26|3579|0|C|0|80|260
YTAN|11|29|3280|0|N|0|110|290
YTAR|4|22|4166|0|X|0|40|220
YTAR|9|27|4265|0|X|0|90|270
YTBB|15|33|3608|0|X|0|150|330
YTBR|10|28|3408|0|X|0|100|280
YTCK|8|26|5511|0|N|0|80|260
YTCY|13|31|4101|0|X|0|130|310
YTDM|15|33|3280|0|S|0|150|330
YTDN|14|32|950|33|Gravel|0|140|320
YTDN|4|22|3115|79|Asphalt|0|40|220
YTDR|17|35|4406|0|X|0|170|350
YTEE|14|32|5902|98|PER|1|141|321
YTEF|12|30|6562|98|ASP|1|121|301
YTEM|18|36|4816|98|ASP|1|189|9
YTEM|5|23|6454|98|PEM|1|62|242
YTEM|9|27|2674|98|GVL|0|99|279
YTFD|7|25|4167|0|G|0|70|250
YTGA|18|36|1968|0|S|1|180|360
YTGA|H1||0|0|CON|0|-1|-1
YTGI|18|36|5249|0|X|0|180|360
YTGM|13|31|4800|98|ASP|1|141|321
YTGM|4|22|2776|98|GVL|0|51|231
YTGT|11|29|4921|0|N|0|110|290
YTHD|3|21|3215|0|N|0|30|210
YTHI|6|24|4593|0|N|0|60|240
YTHS|1|19|3494|0|X|0|10|190
YTHV|9|27|3343|0|H|0|90|270
YTHY|18|36|3543|0|S|0|180|360
YTIB|15|33|5026|98|GVL|1|161|341
YTIB|2|20|3202|60|ASP|1|30|210
YTII|15|33|3608|0|N|0|150|330
YTII|7|25|1968|0|N|0|70|250
YTIT|18|36|4265|0|C|0|180|360
YTJI|10|28|5380|0|X|0|100|280
YTJI|2|20|3280|0|X|0|20|200
YTJU|6|24|4265|0|X|0|60|240
YTKY|3|21|4593|0|C|0|30|210
YTLL|4|22|2460|0|G|0|40|220
YTLT|14|32|3444|0|X|0|140|320
YTMB|9|27|4002|0|L|0|90|270
YTMN|13|31|4265|0|X|0|130|310
YTMO|14|32|6233|98|ASP|1|145|325
YTMS|18|36|4265|0|G|0|180|360
YTMU|17|35|3478|60|ASP|0|182|2
YTMY|8|26|2952|0|X|0|80|260
YTNG|10|28|4993|98|ASP|1|111|291
YTNG|14|32|2605|98|CLA|1|140|320
YTNK|11|29|3468|59|ASP|1|119|299
YTNK|7|25|6427|98|ASP|1|73|253
YTNR|13|31|3280|0|X|0|130|310
YTNS|5|23|2296|0|C|0|50|230
YTOA|1|19|4757|0|X|0|10|190
YTOB|9|27|2788|0|N|0|90|270
YTOC|18|36|4596|98|ASP|0|188|9
YTOC|9|27|3937|98|ASP|1|98|278
YTOG|17|35|3280|0|X|0|170|350
YTOG|9|27|3937|0|S|0|90|270
YTOT|11|29|2309|0|X|0|110|290
YTOT|3|21|3208|0|X|0|30|210
YTQY|18|36|2641|0|N|0|180|360
YTQY|9|27|2985|0|N|0|90|270
YTRC|4|22|3280|0|S|0|40|220
YTRE|12|30|1850|60|CLA|0|138|318
YTRE|4|22|4934|98|ASP|1|45|225
YTRK|7|25|1640|0|N|0|70|250
YTRK|9|27|3608|0|N|0|90|270
YTST|12|30|5643|98|PER|1|120|300
YTTE|16|34|2624|0|S|0|160|340
YTTI|14|32|3412|0|X|0|140|320
YTUN|16|34|4265|0|X|0|160|340
YTUN|7|25|1476|0|X|0|70|250
YTUY|18|36|3001|0|X|0|180|360
YTWB|11|29|3678|98|ASP|1|117|297
YTWB|6|24|2165|58|GRS|0|72|252
YTWE|15|33|2296|0|S|0|150|330
YTWN|4|22|3799|0|S|0|40|220
YTYA|17|35|3280|39|B|0|170|350
YTYA|8|26|1312|262|G|0|80|260
YTYH|5|23|2985|0|G|0|50|230
YTYN|17|35|2837|0|C|0|170|350
YTYN|9|27|3001|0|C|0|90|270
YUCH|11|29|3815|0|N|0|110|290
YUDG|18|36|3280|0|X|0|180|360
YUDL|18|36|2296|0|S|0|180|360
YUMB|12|30|3116|0|N|0|120|300
YUMU|8|26|5577|0|N|0|80|260
YUNY|6|24|3297|0|X|0|60|240
YUSL|1|19|3280|0|NW|0|10|190
YUTP|7|25|3937|0|N|0|70|250
YUTS|7|25|3937|0|N|0|70|250
YVAF|13|31|3772|0|G|0|130|310
YVAL|6|24|4265|108|GRS|0|60|240
YVIV|18|36|3937|0|S|0|180|360
YVIV|9|27|3280|0|S|0|90|270
YVNS|14|32|3937|0|X|0|140|320
YVRD|9|27|3589|0|UNK|0|90|270
YVSH|15|33|4593|0|X|0|150|330
YVVA|17|35|2125|0|G|0|170|350
YVVL|10|28|2952|0|X|0|100|280
YWAB|16|34|3871|0|C|0|160|340
YWAB|6|24|3772|0|C|0|60|240
YWAC|9|27|2624|0|X|0|90|270
YWAG|17|35|3608|0|B|0|170|350
YWAL|14|32|4265|0|N|0|140|320
YWAL|8|26|2952|0|N|0|80|260
YWAT|11|29|3280|0|S|0|110|290
YWAV|14|32|3805|0|C|0|140|320
YWBI|12|30|3405|0|S|0|120|300
YWBL|13|31|4501|98|ASP|1|138|318
YWBL|4|22|3507|98|GRS|1|49|229
YWBN|17|35|2798|0|X|0|170|350
YWBR|18|36|5216|75|ASP|1|185|5
YWBS|12|30|2362|0|N|0|120|300
YWCA|3|21|3051|60|ASP|0|38|218
YWCA|9|27|3701|98|CLA|0|98|278
YWCH|13|31|2801|0|G|0|130|310
YWCH|6|24|5167|0|X|0|60|240
YWCK|9|27|4922|59|PER|1|101|281
YWCM|9|27|4593|0|N|0|90|270
YWDA|14|32|4921|0|X|0|140|320
YWDG|10|28|6070|98|CON|0|100|280
YWDH|4|22|4508|98|ASP|1|50|230
YWDJ|9|27|3608|0|C|0|90|270
YWDL|11|29|4035|0|C|0|110|290
YWDT|9|27|3280|0|N|0|90|270
YWEE|8|26|5577|0|X|0|80|260
YWEO|10|28|4757|0|C|0|100|280
YWEO|14|32|2296|0|C|0|140|320
YWER|18|36|3280|0|S|0|180|360
YWEX|12|30|3937|0|X|0|120|300
YWGM|9|27|700|90|Gravel|0|90|270
YWGN|16|34|3608|0|X|0|160|340
YWGN|6|24|3937|0|X|0|60|240
YWGT|18|36|5381|98|ASP|1|188|8
YWGT|9|27|1739|60|GRS|0|98|278
YWGW|17|35|3608|0|N|0|170|350
YWGW|9|27|5249|0|N|0|90|270
YWHA|17|35|5531|148|ASP|1|175|355
YWHA|5|23|4619|98|GVL|1|54|234
YWHC|12|30|3379|0|B|0|120|300
YWHC|1|19|2454|0|C|0|10|190
YWHI|14|32|3608|0|G|0|140|320
YWHL|12|30|3854|0|X|0|120|300
YWIB|5|23|3608|0|N|0|50|230
YWIE|12|30|4265|0|N|0|120|300
YWIL|14|32|3280|0|N|0|140|320
YWIO|18|36|2296|0|G|0|180|360
YWIO|2|20|3280|0|G|0|20|200
YWIS|14|32|5928|98|ASP|0|152|332
YWKB|17|35|2503|98|GRS|1|176|356
YWKB|8|26|4501|98|ASP|1|86|266
YWKI|2|20|2736|59|GVL|1|24|204
YWKI|8|26|3151|59|ASP|1|86|266
YWKM|4|22|2788|0|X|0|40|220
YWKM|9|27|4593|0|X|0|90|270
YWKS|09T|27T|10499|0|ice|0|90|270
YWKW|10|28|3280|0|X|0|100|280
YWLA|12|30|3182|0|N|0|120|300
YWLG|18|36|3783|98|GRS|1|191|11
YWLG|5|23|5335|98|ASP|1|58|238
YWLM|12|30|10033|148|ASP|1|130|310
YWLN|10|28|3608|0|C|0|100|280
YWLU|15|33|5942|98|ASP|1|147|327
YWLU|3|21|3999|98|SAN|0|34|214
YWMC|11|29|4265|25|Bitumen|1|110|290
YWMC|3|21|2624|50|Gravel|0|30|210
YWMG|18|36|3280|0|X|0|180|360
YWML|16|34|3280|0|X|0|160|340
YWMP|6|24|3001|0|X|0|60|240
YWMY|11|29|1968|0|L|0|110|290
YWMY|6|24|3280|0|L|0|60|240
YWND|18|36|4606|0|S|0|180|360
YWNI|12|30|2723|0|N|0|120|300
YWNI|17|35|3280|0|S|0|170|350
YWNL|11|29|5626|0|X|0|110|290
YWNO|10|28|2624|0|S|0|100|280
YWNO|4|22|4265|0|S|0|40|220
YWOH|18|36|2460|0|X|0|180|360
YWOH|7|25|4133|0|X|0|70|250
YWOR|8|26|4199|0|S|0|80|260
YWPA|10|28|3772|0|N|0|100|280
YWPE|14|32|2870|0|UG|0|140|320
YWPL|10|19|3280|0|L|0|100|190
YWRA|12|30|2998|0|N|0|120|300
YWRC|8|26|4593|0|X|0|80|260
YWRL|9|27|4921|0|X|0|90|270
YWRN|3|21|3461|98|GRS|0|42|222
YWRN|9|27|3894|60|ASP|1|100|280
YWRR|13|31|4035|0|N|0|130|310
YWRR|5|23|2985|0|N|0|50|230
YWRV|12|30|3280|0|X|0|120|300
YWSG|12L|30L|2600|0|G|0|120|300
YWSG|12R|30R|2300|0||0|120|300
YWSG|3|21|2300|0|G|0|30|210
YWSL|14|32|2293|98|GRS|0|146|326
YWSL|5|23|1640|98|GRS|0|57|237
YWSL|9|27|5010|98|ASP|1|100|280
YWSX|1|19|1640|0|S|0|10|190
YWSX|9|27|2952|0|S|0|90|270
YWTL|10|28|3182|0|C|0|100|280
YWTN|14|32|4600|98|ASP|1|149|329
YWTN|5|23|2920|59|CLA|0|60|240
YWTO|17|35|2624|0|G|0|170|350
YWTO|9|27|3280|0|X|0|90|270
YWTV|9|27|4593|0|N|0|90|270
YWUD|14|32|4954|98|ASP|1|144|324
YWUD|7|25|3081|59|GVL|1|75|255
YWVA|2|20|3280|0|Concrete|0|20|200
YWWG|13|31|6561|0|X|0|130|310
YWWG|3|21|6561|0|X|0|30|210
YWWH|1|19|3161|71|Dirt|0|13|193
YWWH|2|20|3280|0|S|0|20|200
YWWI|15|33|4593|0|X|0|150|330
YWWL|4|22|2559|60|GVL|0|42|222
YWWL|9|27|5200|98|ASP|1|99|279
YWYA|7|25|3838|0|C|0|70|250
YWYB|9|27|4130|0|X|0|90|270
YWYF|17|35|3385|0|C|0|170|350
YWYF|8|26|2355|0|C|0|80|260
YWYM|12|30|5272|59|ASP|1|124|304
YWYM|18|36|3287|98|GVL|0|186|6
YWYY|5|23|2516|98|paved|0|65|245
YWYY|9|27|5413|98|ASP|1|99|279
YXCC|H1|-|0|0|GRS|0|-1|-1
YXCF|H1||33|33|Concrete|1|-1|-1
YXCF|H2||33|33|Concrete|1|-1|-1
YXCP|H1|-|0|0|CON|1|-1|-1
YXDB|H1|-|100|100|CON|1|-1|-1
YXDN|H1|-|350|250|GRS|1|-1|-1
YXEM|H1|-|400|250|GRS|1|-1|-1
YXGC|H1|-|0|0|GRS|0|-1|-1
YXGL|H1|-|400|275|GRS|1|-1|-1
YXTA|H1||20|20|CON|0|-1|-1
YXTA|H2||20|20|CON|0|-1|-1
YYAC|9|27|3001|0|G|0|90|270
YYAL|12|30|4593|0|S|0|120|300
YYAL|6|24|3608|0|S|0|60|240
YYDM|9|27|3280|0|N|0|90|270
YYEA|15|33|2952|0|G|0|150|330
YYER|18|36|4265|0|X|0|180|360
YYER|9|27|4921|0|X|0|90|270
YYKI|12|30|3281|0|UNK|0|120|300
YYLD|18|36|2132|0|N|0|180|360
YYLD|8|26|2296|0|N|0|80|260
YYLG|2|20|4593|0|X|0|20|200
YYLG|9|27|3608|0|X|0|90|270
YYMI|11|29|2329|0|S|0|110|290
YYND|12|30|4724|60|ASP|0|127|307
YYNG|1|19|4003|60|ASP|1|15|195
YYNR|16|34|2755|0|L|0|160|340
YYNR|17|35|4921|0|L|0|170|350
YYOO|13|31|2952|0|N|0|130|310
YYOR|17|35|3740|295|Gravel|1|170|350
YYRM|5|23|3576|59|S|0|50|230
YYRM|9|27|2480|75|X|0|90|270
YYRN|11|29|3116|0|N|0|110|290
YYRW|18|36|4921|0|N|0|180|360
YYTA|11|29|3937|0|B|0|110|290
YYUN|15|33|2952|0|N|0|150|330
YYWG|1|19|3750|75|PEM|1|22|202
YZAN|9|27|3937|0|X|0|90|270
ZBAA|18L|36R|12500|197|ASP|1|173|353
ZBAA|18R|36L|11302|164|ASP|1|173|353
ZBAA|1|19|12500|197|CON|1|353|173
ZBAD|01L|19R|11155|197|CON|1|353|173
ZBAD|11L|29R|12467|197|CON|1|103|283
ZBAD|17L|35R|12467|197|CON|1|173|353
ZBAD|17R|35L|12467|148|CON|1|173|353
ZBCD|12|30|9186|148||0|120|300
ZBCF|3|21|5774|0||0|30|210
ZBCZ|1|19|8530|0|Concrete|1|10|190
ZBDH|8|26|8530|0|CON|0|80|260
ZBDS|13|31|10499|148|ASPH|1|128|308
ZBDT|14|32|9843|0|CON|1|140|320
ZBER|12|30|9186|148|CON|1|120|300
ZBES|8|26|7874|0||0|80|260
ZBHD|5|23|8530|148||0|50|230
ZBHH|8|26|11811|148|CON|1|72|252
ZBHZ|11|29|8858|148||0|110|290
ZBLA|9|27|8530|148|CON|1|84|264
ZBLF|17|35|8530|148|Asphalt|1|170|350
ZBLL|18|36|8530|0||0|180|360
ZBMZ|12|30|9186|148|CON|1|107|287
ZBOW|13|31|9186|200|Asphalt|1|130|310
ZBSG|6|24|8530|148|Concrete|1|65|245
ZBSJ|15|33|11155|148|CON|1|147|327
ZBSN|10|28|8858|0|Concrete|1|100|280
ZBTJ|16L|34R|10499|148|CON|1|154|334
ZBTJ|16R|34L|11811|197|CON|1|155|335
ZBTL|2|20|7546|0|CON|0|20|200
ZBUC|9|27|10499|0|CON|0|90|270
ZBUH|1|19|8530|148|CONC|1|12|192
ZBUL|14|32|5906|0||0|140|320
ZBXH|4|22|9186|0|CON|0|40|220
ZBXZ|8|26|8530|0||0|80|260
ZBYC|8|26|10499|148|CON|1|80|260
ZBYN|13|31|10500|148|CON|1|127|307
ZBYZ|11|29|8530|0||0|110|290
ZBZJ|12|30|8202|148||0|120|300
ZBZL|2|20|8202|148||0|20|200
ZGBH|1|19|10499|148|concrete|0|11|191
ZGBS|12|30|8202|145|CON|0|120|300
ZGCD|2|20|8366|0||1|20|200
ZGCJ|4|22|7218|0||0|40|220
ZGCZ|7|25|8530|0||0|70|250
ZGDY|8|26|8530|148||0|80|260
ZGFS|1|19|9186|180||1|10|190
ZGGG|01L|19R|11155|148|CONC|1|10|190
ZGGG|01R|19L|11811|148|CON|1|14|194
ZGGG|02L|20R|12467|197|ASP|1|14|194
ZGGG|02R|20L|12467|197|CON|1|14|194
ZGHA|18L|36R|12467|197|CON|1|177|357
ZGHA|18R|36L|10499|148|ASP|1|177|357
ZGHC|14|32|7218|148|CON|0|140|320
ZGHY|4|22|8530|0||1|40|220
ZGHZ|9|27|7874|0||1|90|270
ZGKL|1|19|10499|147|CON|1|5|185
ZGLG|18|36|8530|157||1|180|360
ZGMX|4|22|7874|0|ASPH|1|40|220
ZGNN|5|23|10499|148|CON|1|47|227
ZGNT|11H|29H|2150|0|ASP|0|108|288
ZGOW|4|22|10499|148|CON|1|40|220
ZGSD|5|23|13123|148|CONC|1|50|230
ZGSY|3|21|8530|148||0|30|210
ZGSZ|15|33|11155|148|CON|1|155|335
ZGSZ|16|34|12467|197|CON|1|155|335
ZGWZ|4|22|8202|118|ASP|1|40|220
ZGXX|4|22|8530|0|CON|1|40|220
ZGYL|3|21|8530|0||0|30|210
ZGYY|18|36|8530|0||0|180|360
ZGZH|16|34|8202|0||0|160|340
ZGZJ|15|33|10499|0||1|150|330
ZHCC|12L|30R|11811|197||1|116|296
ZHCC|12R|30L|11155|148|ASP|1|112|292
ZHEC|01L|19R|11811|148|CONC|0|10|190
ZHEC|01R|19L|11811|148|CONC|0|10|190
ZHES|1|19|6890|0|CON|0|10|190
ZHHH|05L|23R|11811|197|CON|1|46|226
ZHHH|05R|23L|10498|148|CONC|1|50|230
ZHHH|4|22|11155|148|ASP|1|42|222
ZHJZ|1|19|8530|0|CON|1|10|190
ZHLY|8|26|8202|0|CON|0|80|260
ZHNY|5|23|9186|0||0|50|230
ZHQQ|3|21|8530|0||0|30|210
ZHSN|17|35|9186|0||1|170|350
ZHSY|13|31|8530|148||0|130|310
ZHXF|1|19|8530|148|asphalt|1|10|190
ZHXY|7|25|8858|164|ASP|1|70|250
ZHYC|14|32|10499|148|CONC|1|140|320
ZJHK|10|28|11811|197|CON|1|100|280
ZJHK|9|27|11811|148|CON|1|90|270
ZJQH|15|33|10499|148|CON|1|150|330
ZJSY|8|26|11155|148|CON|1|82|262
ZKHM|4|22|8202|196|CON|0|34|214
ZKPY|17|35|11490|230|CON|1|163|343
ZKSD|2|20|8210|0|Concrete|0|20|200
ZKSE|7|25|10750|197|Asphalt|0|70|250
ZKWS|15R|33L|10252|0|concrete|0|150|330
ZLAK|11|29|8530|100|CON|1|110|290
ZLDH|8|26|9186|148|CON|1|80|260
ZLDL|7|25|9843|0||0|70|250
ZLGL|12|30|12467|150|ASP|0|120|300
ZLGM|9|27|15748|160|CON|0|90|270
ZLGY|18|36|9186|148||0|180|360
ZLHB|10|28|11155|0||0|100|280
ZLHX|15|33|11811|0||0|150|330
ZLHZ|7|25|8202|0||0|70|250
ZLIC|3|21|11811|148|CONC|1|30|210
ZLJC|13|31|9843|0|CON|0|130|310
ZLJQ|14|32|9843|131|paved|0|140|320
ZLLL|18|36|11811|148|ASP|1|177|357
ZLLN|8|26|9186|148|CON|1|80|260
ZLQY|14|32|8530|157||1|140|320
ZLTS|10|28|9186|148||0|100|280
ZLXH|10|28|10499|0||1|100|280
ZLXN|11|29|12467|148|ASP|1|110|290
ZLXY|05L|23R|9843|148|CON|1|49|229
ZLXY|05R|23L|12467|197|CON|1|50|230
ZLYA|17|35|9843|200||1|170|350
ZLYL|16|34|9186|0|ASP|0|160|340
ZLYS|10|28|12467|0|CON|0|100|280
ZLZW|9|27|9186|0|CON|0|90|270
ZLZY|11|29|9843|0||0|110|290
ZMAH|14|32|7546|0|UNK|0|140|320
ZMAT|10|28|7513|0|UNK|0|100|280
ZMBH|16R|34L|6889|164|GRE|1|156|336
ZMBH|16|34|9186|114|ASP|1|157|337
ZMBN|13|31|6234|0|UNK|0|130|310
ZMBS|17|35|5906|0|UNK|0|170|350
ZMBU|18|36|7217|164|BIT|0|172|352
ZMCD|12|30|8530|131|CON|1|112|292
ZMCK|11|29|11811|148|ASP|1|105|285
ZMDZ|3|21|7545|164|CON|0|26|206
ZMHH|1|19|5905|0|GRS|0|10|190
ZMHU|9|27|7218|0|UNK|0|90|270
ZMKD|15|33|0|0|UNK|0|150|330
ZMKD|16L|34R|6535|164|GRE|0|158|338
ZMKD|16|34|9352|160|ASP|1|157|337
ZMMN|10|28|8005|137|ASP|1|102|282
ZMTT|15|33|7710|98||0|144|324
ZMUB|14|32|10170|197|ASP|1|136|316
ZMUB|15|33|6560|131|GRE|0|145|325
ZMUG|13|31|8815|98|CON|0|130|310
ZMUL|13|31|7874|0|UNK|0|130|310
ZPBS|1|19|7874|0||0|10|190
ZPCW|5|23|8530|148|CON|0|50|230
ZPDL|17|35|8202|145|Asphalt|1|170|350
ZPDQ|16|34|11647|0|Asphalt|1|160|340
ZPJH|16|34|7874|148|ASPH|1|160|340
ZPJM|12|30|8530|148||0|120|300
ZPLC|16|34|7874|0||0|160|340
ZPLJ|2|20|9843|148|ASPH|1|20|200
ZPMS|5|23|7218|0|Concrete|1|50|230
ZPPP|3|21|13123|148|CON|1|39|219
ZPPP|4|22|14764|197|ASP|1|39|219
ZPSM|18|36|8104|0||0|180|360
ZPWS|2|20|7874|0||0|20|200
ZPZT|4|22|8530|148|asphalt|1|40|220
ZSAM|5|23|11155|148|ASP|1|53|233
ZSAQ|6|24|9186|0|CON|1|60|240
ZSCG|11|29|11155|0|concrete|1|110|290
ZSCN|3|21|11155|148|CON|1|23|203
ZSDY|18|36|9186|0|CON|1|180|360
ZSFY|3|21|7874|0|CON|1|30|210
ZSFZ|3|21|11841|150|CON|1|30|210
ZSGZ|7|25|8530|0||1|70|250
ZSHC|6|24|11155|197|CON|1|63|243
ZSHC|7|25|11811|148|CON|1|63|243
ZSHZ|18|36|8530|0||0|180|360
ZSJD|4|22|7874|0|concrete|1|40|220
ZSJJ|4|22|9186|0||0|40|220
ZSJN|1|19|11812|148|CON|1|0|180
ZSJU|6|24|6234|0||1|60|240
ZSLG|3|21|9186|0||0|30|210
ZSLO|3|21|7874|0|Cement|1|30|210
ZSLQ|3|21|8202|0||1|30|210
ZSLY|17|35|10498|196|paved|1|170|350
ZSNB|13|31|10499|148|CON|1|123|303
ZSNJ|6|24|11811|148|CON|1|58|238
ZSNJ|7|25|11810|197|CON|1|58|238
ZSNT|18|36|11155|148|CONC|1|180|360
ZSOF|15|33|11155|164|CON|1|135|315
ZSPD|15|33|11155|197|CONC|1|150|330
ZSPD|16L|34R|12467|197|CON|1|162|342
ZSPD|16R|34L|12467|197|CON|1|162|342
ZSPD|17L|35R|13123|197|CON|1|162|342
ZSPD|17R|35L|11154|197|CON|1|162|342
ZSQD|16|34|11811|197|CON|1|160|340
ZSQD|17|35|11811|148|CON|1|170|350
ZSQZ|3|21|8530|164|CONC|1|34|214
ZSRZ|13|31|8530|0||1|130|310
ZSSH|4|22|9186|148|CON|1|40|220
ZSSM|6|24|8530|0||1|60|240
ZSSR|6|24|7874|148|CON|1|60|240
ZSSS|18L|36R|11154|148|ASP|1|176|356
ZSSS|18R|36L|10826|197|CON|1|176|356
ZSTX|13|31|8530|148|CONC|1|130|310
ZSWA|6|24|9186|0||1|60|240
ZSWF|17|35|8530|0|Concrete|1|170|350
ZSWH|2|20|8530|148|CON|1|18|198
ZSWX|3|21|10499|164|ASPH|1|20|200
ZSWY|3|21|7874|0|CEM|1|30|210
ZSWZ|3|21|10499|148|CON|1|30|210
ZSXZ|9|27|11548|148|CONC|1|90|270
ZSYA|17|35|10499|148|CON|1|170|350
ZSYC|6|24|7874|0||1|60|240
ZSYN|4|22|9186|164|CONC|1|40|220
ZSYT|5|23|11155|0|Concrete|1|50|230
ZSYW|2|20|9843|148|CONC|1|20|200
ZSZS|18|36|7546|0||1|180|360
ZUAL|15|33|14764|0|ASP|0|150|330
ZUAS|8|26|9186|0||0|80|260
ZUBD|14|32|14764|148|Asphalt|1|140|320
ZUBJ|8|26|8530|148|Concrete|1|80|260
ZUCK|02L|20R|10499|148|CON|1|17|197
ZUCK|02R|20L|11811|148|CON|1|19|199
ZUCK|03L|21R|12467|197|CON|1|30|210
ZUCK|03R|21L|11154|148|CONC|1|17|197
ZUDA|2|20|8530|0||1|20|200
ZUDC|16|34|13780|148|CON|1|160|340
ZUGU|8|26|8202|0||0|80|260
ZUGY|01L|19R|10499|148|CON|1|10|190
ZUGY|01R|19L|13123|148|CON|1|10|190
ZUGZ|12|30|13123|0||0|120|300
ZUHY|16|34|11811|148|CON|1|163|343
ZUJZ|2|20|10499|0|CON|0|20|200
ZUKD|15|33|13123|172|Concrete|0|150|330
ZUKJ|4|22|8530|0||0|40|220
ZULB|3|21|7546|90|Asphalt|0|30|210
ZULS|09L|27R|13123|148|ASPH|1|89|269
ZULZ|7|25|8858|0||0|70|250
ZUMT|17|35|8530|148||1|170|350
ZUMY|14|32|7874|0||0|140|320
ZUNC|6|24|7874|0||0|60|240
ZUNP|6|24|7218|0||0|60|240
ZUNZ|5|23|9843|0|UNK|0|50|230
ZUPS|5|23|8202|0||0|50|230
ZUQJ|3|21|7874|0||0|30|210
ZURK|7|25|9843|35|CON|0|70|250
ZURK|9|27|16404|197|CON|0|90|270
ZUTF|11|29|12467|148|CON|1|110|290
ZUTF|1|19|13123|197|CON|1|10|190
ZUTF|2|20|10499|148|CON|1|20|200
ZUTR|4|22|9022|0|ASP|0|40|220
ZUUU|02L|20R|11811|148|ASP|1|24|204
ZUUU|02R|20L|11811|197|CON|1|24|204
ZUWL|1|19|9186|0|ASP|1|10|190
ZUWS|6|24|8530|0||0|60|240
ZUWX|11|29|7874|0||0|110|290
ZUXC|18|36|11811|164|CON|1|178|358
ZUYB|11|29|8530|0||0|110|290
ZUYI|16|34|7546|0||0|160|340
ZUZH|2|20|9186|0|Paved|1|20|200
ZUZY|18|36|9186|0||0|180|360
ZWAK|9|27|7874|0|ASP|1|90|270
ZWAL|1|19|9186|148|CON|0|10|190
ZWAT|12|30|7218|0|CON|1|120|300
ZWBL|10|28|8530|0||1|100|280
ZWCM|4|22|9186|0||1|40|220
ZWFY|12|30|8530|0||1|120|300
ZWHM|11|29|7874|0|CON|1|110|290
ZWHZ|9|27|7874|0||1|90|270
ZWKC|8|26|8530|0|ASP|1|83|263
ZWKL|4|22|9121|148||1|40|220
ZWKM|13|31|8530|0||1|130|310
ZWKN|12|30|8202|0|CON|0|120|300
ZWNL|8|26|7546|148|ASP|1|80|260
ZWRQ|4|22|9186|148||0|40|220
ZWSC|15|33|9842|148||0|150|330
ZWSH|8|26|10499|135|CON|1|86|266
ZWTC|12|30|7808|148||1|120|300
ZWTL|9|27|9186|0||1|90|270
ZWTN|11|29|10499|164|CON|1|110|290
ZWWW|08L|26R|10498|148|CONC|1|80|260
ZWWW|08R|26L|11811|148|CONC|1|80|260
ZWWW|7|25|11811|148|CON|1|74|254
ZWYN|6|24|7874|148||1|60|240
ZWYT|8|26|10499|148||1|80|260
ZYAS|2|20|8530|0||0|20|200
ZYBA|7|25|8202|147||0|70|250
ZYBS|1|19|8530|0||0|10|190
ZYCC|6|24|10500|148|CON|1|49|229
ZYCH|17|35|2789|0||0|170|350
ZYCY|18|36|6562|0||0|180|360
ZYDD|1|19|8530|0|CON|0|10|190
ZYDQ|17|35|8530|148|CON|0|170|350
ZYDU|8|26|8202|0||0|80|260
ZYFY|5|23|8202|148||0|50|230
ZYHB|05L|23R|10499|148|ASP|1|39|219
ZYHB|05R|23L|11811|148|CONC|1|50|230
ZYHE|17|35|8202|148|ASP|0|170|350
ZYJD|18|36|7546|0|CON|0|180|360
ZYJM|6|24|7218|148|CON|1|48|228
ZYJS|15|33|8202|0|CON|0|150|330
ZYJX|12|30|7546|155|CON|0|120|300
ZYJZ|4|22|8202|0||0|40|220
ZYLD|12|30|7546|0||0|120|300
ZYMD|4|22|8530|148|CON|1|26|206
ZYMH|15|33|7218|0|CON|0|150|330
ZYQQ|17|35|8530|148|CON|1|158|338
ZYSQ|4|22|8202|148||0|40|220
ZYTL|10|28|10827|148|CON|1|96|276
ZYTN|5|23|7546|0||0|50|230
ZYTX|6|24|10499|148|CON|1|49|229
ZYYJ|9|27|8530|148|CON|1|82|262
ZYYK|4|22|8202|0||0|40|220
