{"type":"FeatureCollection","name":"Inflight Airspace Overlay","generated":"2026-06-14T17:15:25.770Z","note":"Approximate airspace for situational awareness only. NOT for real-world navigation.","features":[{"type":"Feature","properties":{"kind":"class","cat":"B","name":"Hartsfield Jackson Atlanta International Airport","ident":"KATL","floor":"SFC","ceiling":"FL100"},"geometry":{"type":"Polygon","coordinates":[[[-83.82755,33.6367],[-83.82983,33.68028],[-83.83667,33.72352],[-83.84801,33.76611],[-83.86377,33.80771],[-83.88382,33.84801],[-83.90801,33.8867],[-83.93616,33.92349],[-83.96805,33.95809],[-84.00345,33.99025],[-84.04207,34.01972],[-84.08364,34.04628],[-84.12782,34.06971],[-84.1743,34.08985],[-84.2227,34.10655],[-84.27267,34.11966],[-84.32382,34.1291],[-84.37576,34.1348],[-84.4281,34.1367],[-84.48044,34.1348],[-84.53239,34.1291],[-84.58354,34.11966],[-84.6335,34.10655],[-84.68191,34.08985],[-84.72838,34.06971],[-84.77256,34.04628],[-84.81413,34.01972],[-84.85276,33.99025],[-84.88815,33.95809],[-84.92004,33.92349],[-84.94819,33.8867],[-84.97239,33.84801],[-84.99244,33.80771],[-85.00819,33.76611],[-85.01953,33.72352],[-85.02637,33.68028],[-85.02865,33.6367],[-85.02637,33.59312],[-85.01953,33.54988],[-85.00819,33.50729],[-84.99244,33.46569],[-84.97239,33.42539],[-84.94819,33.3867],[-84.92004,33.34991],[-84.88815,33.31531],[-84.85276,33.28315],[-84.81413,33.25368],[-84.77256,33.22712],[-84.72838,33.20369],[-84.68191,33.18355],[-84.6335,33.16685],[-84.58354,33.15374],[-84.53239,33.1443],[-84.48044,33.1386],[-84.4281,33.1367],[-84.37576,33.1386],[-84.32382,33.1443],[-84.27267,33.15374],[-84.2227,33.16685],[-84.1743,33.18355],[-84.12782,33.20369],[-84.08364,33.22712],[-84.04207,33.25368],[-84.00345,33.28315],[-83.96805,33.31531],[-83.93616,33.34991],[-83.90801,33.3867],[-83.88382,33.42539],[-83.86377,33.46569],[-83.84801,33.50729],[-83.83667,33.54988],[-83.82983,33.59312],[-83.82755,33.6367]]]}},{"type":"Feature","properties":{"kind":"class","cat":"B","name":"Los Angeles International Airport","ident":"KLAX","floor":"SFC","ceiling":"FL100"},"geometry":{"type":"Polygon","coordinates":[[[-117.8053,33.9425],[-117.80759,33.98608],[-117.81445,34.02933],[-117.82583,34.07191],[-117.84164,34.11351],[-117.86176,34.15381],[-117.88604,34.1925],[-117.91429,34.22929],[-117.9463,34.26389],[-117.98182,34.29605],[-118.02059,34.32552],[-118.0623,34.35208],[-118.10665,34.37551],[-118.15328,34.39565],[-118.20186,34.41235],[-118.25201,34.42546],[-118.30334,34.4349],[-118.35547,34.4406],[-118.408,34.4425],[-118.46053,34.4406],[-118.51265,34.4349],[-118.56399,34.42546],[-118.61413,34.41235],[-118.66271,34.39565],[-118.70935,34.37551],[-118.75369,34.35208],[-118.79541,34.32552],[-118.83417,34.29605],[-118.86969,34.26389],[-118.9017,34.22929],[-118.92995,34.1925],[-118.95423,34.15381],[-118.97435,34.11351],[-118.99016,34.07191],[-119.00154,34.02933],[-119.0084,33.98608],[-119.0107,33.9425],[-119.0084,33.89892],[-119.00154,33.85568],[-118.99016,33.81309],[-118.97435,33.77149],[-118.95423,33.73119],[-118.92995,33.6925],[-118.9017,33.65571],[-118.86969,33.62111],[-118.83417,33.58895],[-118.79541,33.55948],[-118.75369,33.53292],[-118.70935,33.50949],[-118.66271,33.48935],[-118.61413,33.47265],[-118.56399,33.45954],[-118.51265,33.4501],[-118.46053,33.4444],[-118.408,33.4425],[-118.35547,33.4444],[-118.30334,33.4501],[-118.25201,33.45954],[-118.20186,33.47265],[-118.15328,33.48935],[-118.10665,33.50949],[-118.0623,33.53292],[-118.02059,33.55948],[-117.98182,33.58895],[-117.9463,33.62111],[-117.91429,33.65571],[-117.88604,33.6925],[-117.86176,33.73119],[-117.84164,33.77149],[-117.82583,33.81309],[-117.81445,33.85568],[-117.80759,33.89892],[-117.8053,33.9425]]]}},{"type":"Feature","properties":{"kind":"class","cat":"B","name":"Chicago O'Hare International Airport","ident":"KORD","floor":"SFC","ceiling":"FL100"},"geometry":{"type":"Polygon","coordinates":[[[-87.23221,41.9786],[-87.23477,42.02218],[-87.24243,42.06542],[-87.25513,42.10801],[-87.27277,42.14961],[-87.29523,42.18991],[-87.32232,42.2286],[-87.35385,42.26539],[-87.38957,42.29999],[-87.42921,42.33215],[-87.47247,42.36162],[-87.51902,42.38818],[-87.5685,42.41161],[-87.62055,42.43175],[-87.67476,42.44845],[-87.73072,42.46156],[-87.78801,42.471],[-87.84618,42.4767],[-87.9048,42.4786],[-87.96342,42.4767],[-88.02159,42.471],[-88.07888,42.46156],[-88.13484,42.44845],[-88.18905,42.43175],[-88.2411,42.41161],[-88.29058,42.38818],[-88.33713,42.36162],[-88.38039,42.33215],[-88.42003,42.29999],[-88.45575,42.26539],[-88.48728,42.2286],[-88.51437,42.18991],[-88.53683,42.14961],[-88.55447,42.10801],[-88.56717,42.06542],[-88.57483,42.02218],[-88.57739,41.9786],[-88.57483,41.93502],[-88.56717,41.89178],[-88.55447,41.84919],[-88.53683,41.80759],[-88.51437,41.76729],[-88.48728,41.7286],[-88.45575,41.69181],[-88.42003,41.65721],[-88.38039,41.62505],[-88.33713,41.59558],[-88.29058,41.56902],[-88.2411,41.54559],[-88.18905,41.52545],[-88.13484,41.50875],[-88.07888,41.49564],[-88.02159,41.4862],[-87.96342,41.4805],[-87.9048,41.4786],[-87.84618,41.4805],[-87.78801,41.4862],[-87.73072,41.49564],[-87.67476,41.50875],[-87.62055,41.52545],[-87.5685,41.54559],[-87.51902,41.56902],[-87.47247,41.59558],[-87.42921,41.62505],[-87.38957,41.65721],[-87.35385,41.69181],[-87.32232,41.7286],[-87.29523,41.76729],[-87.27277,41.80759],[-87.25513,41.84919],[-87.24243,41.89178],[-87.23477,41.93502],[-87.23221,41.9786]]]}},{"type":"Feature","properties":{"kind":"class","cat":"B","name":"Dallas Fort Worth International Airport","ident":"KDFW","floor":"SFC","ceiling":"FL100"},"geometry":{"type":"Polygon","coordinates":[[[-96.44252,32.8968],[-96.44478,32.94038],[-96.45156,32.98363],[-96.46281,33.02621],[-96.47843,33.06781],[-96.49831,33.10811],[-96.5223,33.1468],[-96.55021,33.18359],[-96.58183,33.21819],[-96.61693,33.25035],[-96.65523,33.27982],[-96.69645,33.30638],[-96.74026,33.32981],[-96.78634,33.34995],[-96.83433,33.36665],[-96.88388,33.37976],[-96.9346,33.3892],[-96.9861,33.3949],[-97.038,33.3968],[-97.0899,33.3949],[-97.14141,33.3892],[-97.19213,33.37976],[-97.24167,33.36665],[-97.28967,33.34995],[-97.33575,33.32981],[-97.37956,33.30638],[-97.42077,33.27982],[-97.45907,33.25035],[-97.49417,33.21819],[-97.5258,33.18359],[-97.55371,33.1468],[-97.5777,33.10811],[-97.59758,33.06781],[-97.6132,33.02621],[-97.62444,32.98363],[-97.63122,32.94038],[-97.63349,32.8968],[-97.63122,32.85322],[-97.62444,32.80998],[-97.6132,32.76739],[-97.59758,32.72579],[-97.5777,32.68549],[-97.55371,32.6468],[-97.5258,32.61001],[-97.49417,32.57541],[-97.45907,32.54325],[-97.42077,32.51378],[-97.37956,32.48722],[-97.33575,32.46379],[-97.28967,32.44365],[-97.24167,32.42695],[-97.19213,32.41384],[-97.14141,32.4044],[-97.0899,32.3987],[-97.038,32.3968],[-96.9861,32.3987],[-96.9346,32.4044],[-96.88388,32.41384],[-96.83433,32.42695],[-96.78634,32.44365],[-96.74026,32.46379],[-96.69645,32.48722],[-96.65523,32.51378],[-96.61693,32.54325],[-96.58183,32.57541],[-96.55021,32.61001],[-96.5223,32.6468],[-96.49831,32.68549],[-96.47843,32.72579],[-96.46281,32.76739],[-96.45156,32.80998],[-96.44478,32.85322],[-96.44252,32.8968]]]}},{"type":"Feature","properties":{"kind":"class","cat":"B","name":"John F Kennedy International Airport","ident":"KJFK","floor":"SFC","ceiling":"FL100"},"geometry":{"type":"Polygon","coordinates":[[[-73.1204,40.63945],[-73.12291,40.68302],[-73.13041,40.72627],[-73.14285,40.76886],[-73.16014,40.81046],[-73.18214,40.85076],[-73.20868,40.88945],[-73.23957,40.92624],[-73.27456,40.96084],[-73.31339,40.993],[-73.35577,41.02247],[-73.40138,41.04902],[-73.44986,41.07246],[-73.50085,41.0926],[-73.55395,41.10929],[-73.60878,41.12241],[-73.6649,41.13185],[-73.72189,41.13754],[-73.77932,41.13945],[-73.83675,41.13754],[-73.89374,41.13185],[-73.94986,41.12241],[-74.00468,41.10929],[-74.05779,41.0926],[-74.10877,41.07246],[-74.15726,41.04902],[-74.20286,41.02247],[-74.24524,40.993],[-74.28408,40.96084],[-74.31907,40.92624],[-74.34995,40.88945],[-74.3765,40.85076],[-74.39849,40.81046],[-74.41578,40.76886],[-74.42822,40.72627],[-74.43572,40.68302],[-74.43823,40.63945],[-74.43572,40.59587],[-74.42822,40.55262],[-74.41578,40.51004],[-74.39849,40.46844],[-74.3765,40.42814],[-74.34995,40.38945],[-74.31907,40.35266],[-74.28408,40.31805],[-74.24524,40.28589],[-74.20286,40.25642],[-74.15726,40.22987],[-74.10877,40.20643],[-74.05779,40.18629],[-74.00468,40.1696],[-73.94986,40.15648],[-73.89374,40.14704],[-73.83675,40.14135],[-73.77932,40.13945],[-73.72189,40.14135],[-73.6649,40.14704],[-73.60878,40.15648],[-73.55395,40.1696],[-73.50085,40.18629],[-73.44986,40.20643],[-73.40138,40.22987],[-73.35577,40.25642],[-73.31339,40.28589],[-73.27456,40.31805],[-73.23957,40.35266],[-73.20868,40.38945],[-73.18214,40.42814],[-73.16014,40.46844],[-73.14285,40.51004],[-73.13041,40.55262],[-73.12291,40.59587],[-73.1204,40.63945]]]}},{"type":"Feature","properties":{"kind":"class","cat":"B","name":"San Francisco International Airport","ident":"KSFO","floor":"SFC","ceiling":"FL100"},"geometry":{"type":"Polygon","coordinates":[[[-121.74357,37.61981],[-121.74597,37.66338],[-121.75316,37.70663],[-121.76508,37.74922],[-121.78164,37.79082],[-121.80271,37.83112],[-121.82814,37.86981],[-121.85773,37.90659],[-121.89126,37.9412],[-121.92846,37.97336],[-121.96906,38.00283],[-122.01275,38.02938],[-122.0592,38.05282],[-122.10804,38.07296],[-122.15892,38.08965],[-122.21144,38.10277],[-122.26521,38.11221],[-122.3198,38.1179],[-122.37482,38.11981],[-122.42984,38.1179],[-122.48444,38.11221],[-122.5382,38.10277],[-122.59072,38.08965],[-122.6416,38.07296],[-122.69045,38.05282],[-122.73689,38.02938],[-122.78058,38.00283],[-122.82118,37.97336],[-122.85839,37.9412],[-122.89191,37.90659],[-122.9215,37.86981],[-122.94693,37.83112],[-122.968,37.79082],[-122.98456,37.74922],[-122.99648,37.70663],[-123.00367,37.66338],[-123.00607,37.61981],[-123.00367,37.57623],[-122.99648,37.53298],[-122.98456,37.4904],[-122.968,37.4488],[-122.94693,37.4085],[-122.9215,37.36981],[-122.89191,37.33302],[-122.85839,37.29841],[-122.82118,37.26625],[-122.78058,37.23678],[-122.73689,37.21023],[-122.69045,37.18679],[-122.6416,37.16665],[-122.59072,37.14996],[-122.5382,37.13684],[-122.48444,37.1274],[-122.42984,37.12171],[-122.37482,37.11981],[-122.3198,37.12171],[-122.26521,37.1274],[-122.21144,37.13684],[-122.15892,37.14996],[-122.10804,37.16665],[-122.0592,37.18679],[-122.01275,37.21023],[-121.96906,37.23678],[-121.92846,37.26625],[-121.89126,37.29841],[-121.85773,37.33302],[-121.82814,37.36981],[-121.80271,37.4085],[-121.78164,37.4488],[-121.76508,37.4904],[-121.75316,37.53298],[-121.74597,37.57623],[-121.74357,37.61981]]]}},{"type":"Feature","properties":{"kind":"class","cat":"B","name":"Seattle–Tacoma International Airport","ident":"KSEA","floor":"SFC","ceiling":"FL100"},"geometry":{"type":"Polygon","coordinates":[[[-121.57092,47.44794],[-121.57373,47.49152],[-121.58215,47.53477],[-121.59611,47.57735],[-121.6155,47.61895],[-121.64019,47.65925],[-121.66997,47.69794],[-121.70463,47.73473],[-121.74389,47.76934],[-121.78747,47.8015],[-121.83502,47.83097],[-121.8862,47.85752],[-121.9406,47.88096],[-121.99781,47.9011],[-122.0574,47.91779],[-122.11892,47.93091],[-122.18189,47.94035],[-122.24584,47.94604],[-122.31028,47.94794],[-122.37472,47.94604],[-122.43866,47.94035],[-122.50164,47.93091],[-122.56315,47.91779],[-122.62274,47.9011],[-122.67996,47.88096],[-122.73436,47.85752],[-122.78553,47.83097],[-122.83308,47.8015],[-122.87666,47.76934],[-122.91592,47.73473],[-122.95058,47.69794],[-122.98036,47.65925],[-123.00505,47.61895],[-123.02444,47.57735],[-123.0384,47.53477],[-123.04682,47.49152],[-123.04964,47.44794],[-123.04682,47.40437],[-123.0384,47.36112],[-123.02444,47.31853],[-123.00505,47.27693],[-122.98036,47.23663],[-122.95058,47.19794],[-122.91592,47.16115],[-122.87666,47.12655],[-122.83308,47.09439],[-122.78553,47.06492],[-122.73436,47.03837],[-122.67996,47.01493],[-122.62274,46.99479],[-122.56315,46.9781],[-122.50164,46.96498],[-122.43866,46.95554],[-122.37472,46.94985],[-122.31028,46.94794],[-122.24584,46.94985],[-122.18189,46.95554],[-122.11892,46.96498],[-122.0574,46.9781],[-121.99781,46.99479],[-121.9406,47.01493],[-121.8862,47.03837],[-121.83502,47.06492],[-121.78747,47.09439],[-121.74389,47.12655],[-121.70463,47.16115],[-121.66997,47.19794],[-121.64019,47.23663],[-121.6155,47.27693],[-121.59611,47.31853],[-121.58215,47.36112],[-121.57373,47.40437],[-121.57092,47.44794]]]}},{"type":"Feature","properties":{"kind":"class","cat":"B","name":"Harry Reid International Airport","ident":"KLAS","floor":"SFC","ceiling":"FL100"},"geometry":{"type":"Polygon","coordinates":[[[-114.53313,36.08336],[-114.53548,36.12694],[-114.54253,36.17019],[-114.55421,36.21277],[-114.57044,36.25437],[-114.59109,36.29467],[-114.61602,36.33336],[-114.64502,36.37015],[-114.67787,36.40475],[-114.71434,36.43691],[-114.75413,36.46638],[-114.79695,36.49294],[-114.84247,36.51637],[-114.89035,36.53651],[-114.94021,36.55321],[-114.99169,36.56632],[-115.04438,36.57576],[-115.09789,36.58146],[-115.15182,36.58336],[-115.20574,36.58146],[-115.25925,36.57576],[-115.31195,36.56632],[-115.36342,36.55321],[-115.41329,36.53651],[-115.46116,36.51637],[-115.50668,36.49294],[-115.5495,36.46638],[-115.5893,36.43691],[-115.62576,36.40475],[-115.65862,36.37015],[-115.68762,36.33336],[-115.71254,36.29467],[-115.73319,36.25437],[-115.74942,36.21277],[-115.76111,36.17019],[-115.76815,36.12694],[-115.77051,36.08336],[-115.76815,36.03978],[-115.76111,35.99654],[-115.74942,35.95395],[-115.73319,35.91235],[-115.71254,35.87205],[-115.68762,35.83336],[-115.65862,35.79657],[-115.62576,35.76197],[-115.5893,35.72981],[-115.5495,35.70034],[-115.50668,35.67378],[-115.46116,35.65035],[-115.41329,35.63021],[-115.36342,35.61351],[-115.31195,35.6004],[-115.25925,35.59096],[-115.20574,35.58526],[-115.15182,35.58336],[-115.09789,35.58526],[-115.04438,35.59096],[-114.99169,35.6004],[-114.94021,35.61351],[-114.89035,35.63021],[-114.84247,35.65035],[-114.79695,35.67378],[-114.75413,35.70034],[-114.71434,35.72981],[-114.67787,35.76197],[-114.64502,35.79657],[-114.61602,35.83336],[-114.59109,35.87205],[-114.57044,35.91235],[-114.55421,35.95395],[-114.54253,35.99654],[-114.53548,36.03978],[-114.53313,36.08336]]]}},{"type":"Feature","properties":{"kind":"class","cat":"B","name":"Denver International Airport","ident":"KDEN","floor":"SFC","ceiling":"FL100"},"geometry":{"type":"Polygon","coordinates":[[[-104.02161,39.8617],[-104.02409,39.90528],[-104.03151,39.94852],[-104.04381,39.99111],[-104.06089,40.03271],[-104.08264,40.07301],[-104.10888,40.1117],[-104.13941,40.14849],[-104.17401,40.18309],[-104.2124,40.21525],[-104.25429,40.24472],[-104.29938,40.27127],[-104.3473,40.29471],[-104.39771,40.31485],[-104.45021,40.33154],[-104.50441,40.34466],[-104.55988,40.3541],[-104.61622,40.3598],[-104.673,40.3617],[-104.72977,40.3598],[-104.78611,40.3541],[-104.84159,40.34466],[-104.89578,40.33154],[-104.94828,40.31485],[-104.99869,40.29471],[-105.04662,40.27127],[-105.0917,40.24472],[-105.1336,40.21525],[-105.17199,40.18309],[-105.20658,40.14849],[-105.23711,40.1117],[-105.26335,40.07301],[-105.2851,40.03271],[-105.30219,39.99111],[-105.31449,39.94852],[-105.3219,39.90528],[-105.32438,39.8617],[-105.3219,39.81812],[-105.31449,39.77487],[-105.30219,39.73229],[-105.2851,39.69069],[-105.26335,39.65039],[-105.23711,39.6117],[-105.20658,39.57491],[-105.17199,39.5403],[-105.1336,39.50814],[-105.0917,39.47868],[-105.04662,39.45212],[-104.99869,39.42869],[-104.94828,39.40854],[-104.89578,39.39185],[-104.84159,39.37874],[-104.78611,39.36929],[-104.72977,39.3636],[-104.673,39.3617],[-104.61622,39.3636],[-104.55988,39.36929],[-104.50441,39.37874],[-104.45021,39.39185],[-104.39771,39.40854],[-104.3473,39.42869],[-104.29938,39.45212],[-104.25429,39.47868],[-104.2124,39.50814],[-104.17401,39.5403],[-104.13941,39.57491],[-104.10888,39.6117],[-104.08264,39.65039],[-104.06089,39.69069],[-104.04381,39.73229],[-104.03151,39.77487],[-104.02409,39.81812],[-104.02161,39.8617]]]}},{"type":"Feature","properties":{"kind":"class","cat":"B","name":"Miami International Airport","ident":"KMIA","floor":"SFC","ceiling":"FL100"},"geometry":{"type":"Polygon","coordinates":[[[-79.73528,25.7932],[-79.73739,25.83678],[-79.74371,25.88002],[-79.7542,25.92261],[-79.76877,25.96421],[-79.78731,26.00451],[-79.80968,26.0432],[-79.83571,26.07999],[-79.8652,26.11459],[-79.89793,26.14675],[-79.93365,26.17622],[-79.97208,26.20278],[-80.01294,26.22621],[-80.05591,26.24635],[-80.10067,26.26305],[-80.14687,26.27616],[-80.19417,26.2856],[-80.2422,26.2913],[-80.2906,26.2932],[-80.339,26.2913],[-80.38704,26.2856],[-80.43433,26.27616],[-80.48054,26.26305],[-80.52529,26.24635],[-80.56827,26.22621],[-80.60913,26.20278],[-80.64756,26.17622],[-80.68328,26.14675],[-80.71601,26.11459],[-80.7455,26.07999],[-80.77153,26.0432],[-80.7939,26.00451],[-80.81244,25.96421],[-80.82701,25.92261],[-80.83749,25.88002],[-80.84382,25.83678],[-80.84593,25.7932],[-80.84382,25.74962],[-80.83749,25.70638],[-80.82701,25.66379],[-80.81244,25.62219],[-80.7939,25.58189],[-80.77153,25.5432],[-80.7455,25.50641],[-80.71601,25.47181],[-80.68328,25.43965],[-80.64756,25.41018],[-80.60913,25.38362],[-80.56827,25.36019],[-80.52529,25.34005],[-80.48054,25.32335],[-80.43433,25.31024],[-80.38704,25.3008],[-80.339,25.2951],[-80.2906,25.2932],[-80.2422,25.2951],[-80.19417,25.3008],[-80.14687,25.31024],[-80.10067,25.32335],[-80.05591,25.34005],[-80.01294,25.36019],[-79.97208,25.38362],[-79.93365,25.41018],[-79.89793,25.43965],[-79.8652,25.47181],[-79.83571,25.50641],[-79.80968,25.5432],[-79.78731,25.58189],[-79.76877,25.62219],[-79.7542,25.66379],[-79.74371,25.70638],[-79.73739,25.74962],[-79.73528,25.7932]]]}},{"type":"Feature","properties":{"kind":"class","cat":"B","name":"Logan International Airport","ident":"KBOS","floor":"SFC","ceiling":"FL100"},"geometry":{"type":"Polygon","coordinates":[[[-70.33122,42.36197],[-70.3338,42.40555],[-70.3415,42.44879],[-70.35428,42.49138],[-70.37203,42.53298],[-70.39462,42.57328],[-70.42188,42.61197],[-70.4536,42.64876],[-70.48953,42.68336],[-70.52942,42.71552],[-70.57294,42.74499],[-70.61977,42.77155],[-70.66956,42.79498],[-70.72192,42.81512],[-70.77646,42.83182],[-70.83276,42.84493],[-70.8904,42.85437],[-70.94892,42.86007],[-71.0079,42.86197],[-71.06688,42.86007],[-71.1254,42.85437],[-71.18304,42.84493],[-71.23934,42.83182],[-71.29388,42.81512],[-71.34624,42.79498],[-71.39603,42.77155],[-71.44286,42.74499],[-71.48638,42.71552],[-71.52627,42.68336],[-71.5622,42.64876],[-71.59392,42.61197],[-71.62118,42.57328],[-71.64377,42.53298],[-71.66152,42.49138],[-71.6743,42.44879],[-71.682,42.40555],[-71.68458,42.36197],[-71.682,42.31839],[-71.6743,42.27515],[-71.66152,42.23256],[-71.64377,42.19096],[-71.62118,42.15066],[-71.59392,42.11197],[-71.5622,42.07518],[-71.52627,42.04058],[-71.48638,42.00842],[-71.44286,41.97895],[-71.39603,41.95239],[-71.34624,41.92896],[-71.29388,41.90882],[-71.23934,41.89212],[-71.18304,41.87901],[-71.1254,41.86957],[-71.06688,41.86387],[-71.0079,41.86197],[-70.94892,41.86387],[-70.8904,41.86957],[-70.83276,41.87901],[-70.77646,41.89212],[-70.72192,41.90882],[-70.66956,41.92896],[-70.61977,41.95239],[-70.57294,41.97895],[-70.52942,42.00842],[-70.48953,42.04058],[-70.4536,42.07518],[-70.42188,42.11197],[-70.39462,42.15066],[-70.37203,42.19096],[-70.35428,42.23256],[-70.3415,42.27515],[-70.3338,42.31839],[-70.33122,42.36197]]]}},{"type":"Feature","properties":{"kind":"class","cat":"B","name":"George Bush Intercontinental Houston Airport","ident":"KIAH","floor":"SFC","ceiling":"FL100"},"geometry":{"type":"Polygon","coordinates":[[[-94.76414,29.9844],[-94.76634,30.02798],[-94.77291,30.07122],[-94.78381,30.11381],[-94.79895,30.15541],[-94.81823,30.19571],[-94.84148,30.2344],[-94.86854,30.27119],[-94.89919,30.30579],[-94.93322,30.33795],[-94.97034,30.36742],[-95.0103,30.39398],[-95.05277,30.41741],[-95.09744,30.43755],[-95.14397,30.45425],[-95.19199,30.46736],[-95.24116,30.4768],[-95.29109,30.4825],[-95.3414,30.4844],[-95.39171,30.4825],[-95.44164,30.4768],[-95.49081,30.46736],[-95.53883,30.45425],[-95.58536,30.43755],[-95.63003,30.41741],[-95.6725,30.39398],[-95.71246,30.36742],[-95.74958,30.33795],[-95.78361,30.30579],[-95.81426,30.27119],[-95.84132,30.2344],[-95.86457,30.19571],[-95.88385,30.15541],[-95.89899,30.11381],[-95.90989,30.07122],[-95.91646,30.02798],[-95.91866,29.9844],[-95.91646,29.94082],[-95.90989,29.89758],[-95.89899,29.85499],[-95.88385,29.81339],[-95.86457,29.77309],[-95.84132,29.7344],[-95.81426,29.69761],[-95.78361,29.66301],[-95.74958,29.63085],[-95.71246,29.60138],[-95.6725,29.57482],[-95.63003,29.55139],[-95.58536,29.53125],[-95.53883,29.51455],[-95.49081,29.50144],[-95.44164,29.492],[-95.39171,29.4863],[-95.3414,29.4844],[-95.29109,29.4863],[-95.24116,29.492],[-95.19199,29.50144],[-95.14397,29.51455],[-95.09744,29.53125],[-95.05277,29.55139],[-95.0103,29.57482],[-94.97034,29.60138],[-94.93322,29.63085],[-94.89919,29.66301],[-94.86854,29.69761],[-94.84148,29.7344],[-94.81823,29.77309],[-94.79895,29.81339],[-94.78381,29.85499],[-94.77291,29.89758],[-94.76634,29.94082],[-94.76414,29.9844]]]}},{"type":"Feature","properties":{"kind":"class","cat":"B","name":"Phoenix Sky Harbor International Airport","ident":"KPHX","floor":"SFC","ceiling":"FL100"},"geometry":{"type":"Polygon","coordinates":[[[-111.40675,33.4353],[-111.40903,33.47888],[-111.41585,33.52213],[-111.42717,33.56471],[-111.44288,33.60631],[-111.46289,33.64661],[-111.48702,33.6853],[-111.51511,33.72209],[-111.54693,33.7567],[-111.58224,33.78886],[-111.62078,33.81832],[-111.66224,33.84488],[-111.70633,33.86831],[-111.75269,33.88846],[-111.80098,33.90515],[-111.85083,33.91826],[-111.90186,33.92771],[-111.95369,33.9334],[-112.0059,33.9353],[-112.05812,33.9334],[-112.10995,33.92771],[-112.16098,33.91826],[-112.21083,33.90515],[-112.25912,33.88846],[-112.30548,33.86831],[-112.34957,33.84488],[-112.39103,33.81832],[-112.42957,33.78886],[-112.46488,33.7567],[-112.4967,33.72209],[-112.52479,33.6853],[-112.54892,33.64661],[-112.56893,33.60631],[-112.58464,33.56471],[-112.59596,33.52213],[-112.60278,33.47888],[-112.60506,33.4353],[-112.60278,33.39172],[-112.59596,33.34848],[-112.58464,33.30589],[-112.56893,33.26429],[-112.54892,33.22399],[-112.52479,33.1853],[-112.4967,33.14851],[-112.46488,33.11391],[-112.42957,33.08175],[-112.39103,33.05228],[-112.34957,33.02573],[-112.30548,33.00229],[-112.25912,32.98215],[-112.21083,32.96546],[-112.16098,32.95234],[-112.10995,32.9429],[-112.05812,32.9372],[-112.0059,32.9353],[-111.95369,32.9372],[-111.90186,32.9429],[-111.85083,32.95234],[-111.80098,32.96546],[-111.75269,32.98215],[-111.70633,33.00229],[-111.66224,33.02573],[-111.62078,33.05228],[-111.58224,33.08175],[-111.54693,33.11391],[-111.51511,33.14851],[-111.48702,33.1853],[-111.46289,33.22399],[-111.44288,33.26429],[-111.42717,33.30589],[-111.41585,33.34848],[-111.40903,33.39172],[-111.40675,33.4353]]]}},{"type":"Feature","properties":{"kind":"class","cat":"B","name":"Charlotte Douglas International Airport","ident":"KCLT","floor":"SFC","ceiling":"FL100"},"geometry":{"type":"Polygon","coordinates":[[[-80.33111,35.214],[-80.33344,35.25758],[-80.34041,35.30082],[-80.35196,35.34341],[-80.36802,35.38501],[-80.38845,35.42531],[-80.4131,35.464],[-80.44179,35.50079],[-80.47429,35.53539],[-80.51036,35.56755],[-80.54972,35.59702],[-80.59208,35.62358],[-80.6371,35.64701],[-80.68446,35.66715],[-80.73379,35.68385],[-80.7847,35.69696],[-80.83683,35.7064],[-80.88976,35.7121],[-80.9431,35.714],[-80.99644,35.7121],[-81.04937,35.7064],[-81.1015,35.69696],[-81.15241,35.68385],[-81.20174,35.66715],[-81.2491,35.64701],[-81.29412,35.62358],[-81.33648,35.59702],[-81.37584,35.56755],[-81.41191,35.53539],[-81.44441,35.50079],[-81.4731,35.464],[-81.49775,35.42531],[-81.51818,35.38501],[-81.53424,35.34341],[-81.54579,35.30082],[-81.55276,35.25758],[-81.55509,35.214],[-81.55276,35.17042],[-81.54579,35.12718],[-81.53424,35.08459],[-81.51818,35.04299],[-81.49775,35.00269],[-81.4731,34.964],[-81.44441,34.92721],[-81.41191,34.89261],[-81.37584,34.86045],[-81.33648,34.83098],[-81.29412,34.80442],[-81.2491,34.78099],[-81.20174,34.76085],[-81.15241,34.74415],[-81.1015,34.73104],[-81.04937,34.7216],[-80.99644,34.7159],[-80.9431,34.714],[-80.88976,34.7159],[-80.83683,34.7216],[-80.7847,34.73104],[-80.73379,34.74415],[-80.68446,34.76085],[-80.6371,34.78099],[-80.59208,34.80442],[-80.54972,34.83098],[-80.51036,34.86045],[-80.47429,34.89261],[-80.44179,34.92721],[-80.4131,34.964],[-80.38845,35.00269],[-80.36802,35.04299],[-80.35196,35.08459],[-80.34041,35.12718],[-80.33344,35.17042],[-80.33111,35.214]]]}},{"type":"Feature","properties":{"kind":"class","cat":"B","name":"Minneapolis–Saint Paul International Airport / Wold–Chamberlain Field","ident":"KMSP","floor":"SFC","ceiling":"FL100"},"geometry":{"type":"Polygon","coordinates":[[[-92.51611,44.88008],[-92.51879,44.92366],[-92.52683,44.96691],[-92.54015,45.00949],[-92.55866,45.05109],[-92.58222,45.09139],[-92.61065,45.13008],[-92.64372,45.16687],[-92.6812,45.20147],[-92.72278,45.23363],[-92.76817,45.2631],[-92.81701,45.28966],[-92.86893,45.31309],[-92.92353,45.33323],[-92.9804,45.34993],[-93.03911,45.36304],[-93.09921,45.37248],[-93.16024,45.37818],[-93.22174,45.38008],[-93.28324,45.37818],[-93.34427,45.37248],[-93.40437,45.36304],[-93.46308,45.34993],[-93.51995,45.33323],[-93.57456,45.31309],[-93.62647,45.28966],[-93.67531,45.2631],[-93.7207,45.23363],[-93.76229,45.20147],[-93.79976,45.16687],[-93.83284,45.13008],[-93.86126,45.09139],[-93.88482,45.05109],[-93.90333,45.00949],[-93.91665,44.96691],[-93.92469,44.92366],[-93.92737,44.88008],[-93.92469,44.8365],[-93.91665,44.79326],[-93.90333,44.75067],[-93.88482,44.70907],[-93.86126,44.66877],[-93.83284,44.63008],[-93.79976,44.59329],[-93.76229,44.55869],[-93.7207,44.52653],[-93.67531,44.49706],[-93.62647,44.4705],[-93.57456,44.44707],[-93.51995,44.42693],[-93.46308,44.41023],[-93.40437,44.39712],[-93.34427,44.38768],[-93.28324,44.38198],[-93.22174,44.38008],[-93.16024,44.38198],[-93.09921,44.38768],[-93.03911,44.39712],[-92.9804,44.41023],[-92.92353,44.42693],[-92.86893,44.44707],[-92.81701,44.4705],[-92.76817,44.49706],[-92.72278,44.52653],[-92.6812,44.55869],[-92.64372,44.59329],[-92.61065,44.63008],[-92.58222,44.66877],[-92.55866,44.70907],[-92.54015,44.75067],[-92.52683,44.79326],[-92.51879,44.8365],[-92.51611,44.88008]]]}},{"type":"Feature","properties":{"kind":"class","cat":"B","name":"Detroit Metropolitan Wayne County Airport","ident":"KDTW","floor":"SFC","ceiling":"FL100"},"geometry":{"type":"Polygon","coordinates":[[[-82.6787,42.21377],[-82.68127,42.25735],[-82.68895,42.30059],[-82.7017,42.34318],[-82.71941,42.38478],[-82.74195,42.42508],[-82.76914,42.46377],[-82.80079,42.50056],[-82.83664,42.53516],[-82.87643,42.56732],[-82.91985,42.59679],[-82.96657,42.62335],[-83.01624,42.64678],[-83.06848,42.66692],[-83.12289,42.68362],[-83.17906,42.69673],[-83.23656,42.70617],[-83.29495,42.71187],[-83.35379,42.71377],[-83.41262,42.71187],[-83.47101,42.70617],[-83.52851,42.69673],[-83.58468,42.68362],[-83.63909,42.66692],[-83.69133,42.64678],[-83.741,42.62335],[-83.78772,42.59679],[-83.83115,42.56732],[-83.87093,42.53516],[-83.90679,42.50056],[-83.93843,42.46377],[-83.96562,42.42508],[-83.98816,42.38478],[-84.00587,42.34318],[-84.01862,42.30059],[-84.02631,42.25735],[-84.02887,42.21377],[-84.02631,42.17019],[-84.01862,42.12695],[-84.00587,42.08436],[-83.98816,42.04276],[-83.96562,42.00246],[-83.93843,41.96377],[-83.90679,41.92698],[-83.87093,41.89238],[-83.83115,41.86022],[-83.78772,41.83075],[-83.741,41.80419],[-83.69133,41.78076],[-83.63909,41.76062],[-83.58468,41.74392],[-83.52851,41.73081],[-83.47101,41.72137],[-83.41262,41.71567],[-83.35379,41.71377],[-83.29495,41.71567],[-83.23656,41.72137],[-83.17906,41.73081],[-83.12289,41.74392],[-83.06848,41.76062],[-83.01624,41.78076],[-82.96657,41.80419],[-82.91985,41.83075],[-82.87643,41.86022],[-82.83664,41.89238],[-82.80079,41.92698],[-82.76914,41.96377],[-82.74195,42.00246],[-82.71941,42.04276],[-82.7017,42.08436],[-82.68895,42.12695],[-82.68127,42.17019],[-82.6787,42.21377]]]}},{"type":"Feature","properties":{"kind":"class","cat":"B","name":"Philadelphia International Airport","ident":"KPHL","floor":"SFC","ceiling":"FL100"},"geometry":{"type":"Polygon","coordinates":[[[-74.58961,39.8719],[-74.59209,39.91548],[-74.59951,39.95872],[-74.61181,40.00131],[-74.6289,40.04291],[-74.65065,40.08321],[-74.6769,40.1219],[-74.70743,40.15869],[-74.74203,40.19329],[-74.78043,40.22545],[-74.82233,40.25492],[-74.86742,40.28148],[-74.91535,40.30491],[-74.96577,40.32505],[-75.01828,40.34175],[-75.07248,40.35486],[-75.12797,40.3643],[-75.18432,40.37],[-75.2411,40.3719],[-75.29788,40.37],[-75.35422,40.3643],[-75.40971,40.35486],[-75.46392,40.34175],[-75.51642,40.32505],[-75.56684,40.30491],[-75.61477,40.28148],[-75.65986,40.25492],[-75.70176,40.22545],[-75.74016,40.19329],[-75.77476,40.15869],[-75.8053,40.1219],[-75.83154,40.08321],[-75.85329,40.04291],[-75.87038,40.00131],[-75.88268,39.95872],[-75.8901,39.91548],[-75.89258,39.8719],[-75.8901,39.82832],[-75.88268,39.78507],[-75.87038,39.74249],[-75.85329,39.70089],[-75.83154,39.66059],[-75.8053,39.6219],[-75.77476,39.58511],[-75.74016,39.55051],[-75.70176,39.51835],[-75.65986,39.48888],[-75.61477,39.46232],[-75.56684,39.43889],[-75.51642,39.41875],[-75.46392,39.40205],[-75.40971,39.38894],[-75.35422,39.3795],[-75.29788,39.3738],[-75.2411,39.3719],[-75.18432,39.3738],[-75.12797,39.3795],[-75.07248,39.38894],[-75.01828,39.40205],[-74.96577,39.41875],[-74.91535,39.43889],[-74.86742,39.46232],[-74.82233,39.48888],[-74.78043,39.51835],[-74.74203,39.55051],[-74.70743,39.58511],[-74.6769,39.6219],[-74.65065,39.66059],[-74.6289,39.70089],[-74.61181,39.74249],[-74.59951,39.78507],[-74.59209,39.82832],[-74.58961,39.8719]]]}},{"type":"Feature","properties":{"kind":"class","cat":"B","name":"Newark Liberty International Airport","ident":"KEWR","floor":"SFC","ceiling":"FL100"},"geometry":{"type":"Polygon","coordinates":[[[-73.50926,40.6925],[-73.51177,40.73608],[-73.51928,40.77933],[-73.53173,40.82191],[-73.54903,40.86351],[-73.57105,40.90381],[-73.59761,40.9425],[-73.62852,40.97929],[-73.66354,41.01389],[-73.70241,41.04605],[-73.74482,41.07552],[-73.79046,41.10208],[-73.83898,41.12551],[-73.89001,41.14565],[-73.94316,41.16235],[-73.99803,41.17546],[-74.05419,41.1849],[-74.11123,41.1906],[-74.1687,41.1925],[-74.22617,41.1906],[-74.28321,41.1849],[-74.33938,41.17546],[-74.39424,41.16235],[-74.44739,41.14565],[-74.49842,41.12551],[-74.54694,41.10208],[-74.59258,41.07552],[-74.635,41.04605],[-74.67386,41.01389],[-74.70888,40.97929],[-74.73979,40.9425],[-74.76636,40.90381],[-74.78837,40.86351],[-74.80567,40.82191],[-74.81812,40.77933],[-74.82563,40.73608],[-74.82814,40.6925],[-74.82563,40.64892],[-74.81812,40.60568],[-74.80567,40.56309],[-74.78837,40.52149],[-74.76636,40.48119],[-74.73979,40.4425],[-74.70888,40.40571],[-74.67386,40.37111],[-74.635,40.33895],[-74.59258,40.30948],[-74.54694,40.28292],[-74.49842,40.25949],[-74.44739,40.23935],[-74.39424,40.22265],[-74.33938,40.20954],[-74.28321,40.2001],[-74.22617,40.1944],[-74.1687,40.1925],[-74.11123,40.1944],[-74.05419,40.2001],[-73.99803,40.20954],[-73.94316,40.22265],[-73.89001,40.23935],[-73.83898,40.25949],[-73.79046,40.28292],[-73.74482,40.30948],[-73.70241,40.33895],[-73.66354,40.37111],[-73.62852,40.40571],[-73.59761,40.4425],[-73.57105,40.48119],[-73.54903,40.52149],[-73.53173,40.56309],[-73.51928,40.60568],[-73.51177,40.64892],[-73.50926,40.6925]]]}},{"type":"Feature","properties":{"kind":"class","cat":"B","name":"LaGuardia Airport","ident":"KLGA","floor":"SFC","ceiling":"FL100"},"geometry":{"type":"Polygon","coordinates":[[[-73.21232,40.7772],[-73.21483,40.82078],[-73.22235,40.86402],[-73.23482,40.90661],[-73.25214,40.94821],[-73.27418,40.98851],[-73.30078,41.0272],[-73.33173,41.06399],[-73.36679,41.09859],[-73.40571,41.13075],[-73.44818,41.16022],[-73.49388,41.18678],[-73.54246,41.21021],[-73.59355,41.23035],[-73.64677,41.24705],[-73.7017,41.26016],[-73.75794,41.2696],[-73.81505,41.2753],[-73.8726,41.2772],[-73.93014,41.2753],[-73.98725,41.2696],[-74.04349,41.26016],[-74.09843,41.24705],[-74.15164,41.23035],[-74.20274,41.21021],[-74.25132,41.18678],[-74.29702,41.16022],[-74.33949,41.13075],[-74.3784,41.09859],[-74.41347,41.06399],[-74.44442,41.0272],[-74.47101,40.98851],[-74.49306,40.94821],[-74.51038,40.90661],[-74.52285,40.86402],[-74.53036,40.82078],[-74.53288,40.7772],[-74.53036,40.73362],[-74.52285,40.69037],[-74.51038,40.64779],[-74.49306,40.60619],[-74.47101,40.56589],[-74.44442,40.5272],[-74.41347,40.49041],[-74.3784,40.45581],[-74.33949,40.42365],[-74.29702,40.39418],[-74.25132,40.36762],[-74.20274,40.34419],[-74.15164,40.32405],[-74.09843,40.30735],[-74.04349,40.29424],[-73.98725,40.2848],[-73.93014,40.2791],[-73.8726,40.2772],[-73.81505,40.2791],[-73.75794,40.2848],[-73.7017,40.29424],[-73.64677,40.30735],[-73.59355,40.32405],[-73.54246,40.34419],[-73.49388,40.36762],[-73.44818,40.39418],[-73.40571,40.42365],[-73.36679,40.45581],[-73.33173,40.49041],[-73.30078,40.5272],[-73.27418,40.56589],[-73.25214,40.60619],[-73.23482,40.64779],[-73.22235,40.69037],[-73.21483,40.73362],[-73.21232,40.7772]]]}},{"type":"Feature","properties":{"kind":"class","cat":"B","name":"Washington Dulles International Airport","ident":"KIAD","floor":"SFC","ceiling":"FL100"},"geometry":{"type":"Polygon","coordinates":[[[-76.81293,38.9445],[-76.81537,38.98808],[-76.82269,39.03132],[-76.83483,39.07391],[-76.8517,39.11551],[-76.87316,39.15581],[-76.89906,39.1945],[-76.92919,39.23129],[-76.96333,39.26589],[-77.00122,39.29805],[-77.04257,39.32752],[-77.08706,39.35408],[-77.13437,39.37751],[-77.18411,39.39765],[-77.23593,39.41435],[-77.28941,39.42746],[-77.34417,39.4369],[-77.39977,39.4426],[-77.4558,39.4445],[-77.51183,39.4426],[-77.56744,39.4369],[-77.62219,39.42746],[-77.67568,39.41435],[-77.72749,39.39765],[-77.77724,39.37751],[-77.82454,39.35408],[-77.86904,39.32752],[-77.91038,39.29805],[-77.94827,39.26589],[-77.98242,39.23129],[-78.01255,39.1945],[-78.03845,39.15581],[-78.05991,39.11551],[-78.07677,39.07391],[-78.08891,39.03132],[-78.09623,38.98808],[-78.09868,38.9445],[-78.09623,38.90092],[-78.08891,38.85768],[-78.07677,38.81509],[-78.05991,38.77349],[-78.03845,38.73319],[-78.01255,38.6945],[-77.98242,38.65771],[-77.94827,38.62311],[-77.91038,38.59095],[-77.86904,38.56148],[-77.82454,38.53492],[-77.77724,38.51149],[-77.72749,38.49135],[-77.67568,38.47465],[-77.62219,38.46154],[-77.56744,38.4521],[-77.51183,38.4464],[-77.4558,38.4445],[-77.39977,38.4464],[-77.34417,38.4521],[-77.28941,38.46154],[-77.23593,38.47465],[-77.18411,38.49135],[-77.13437,38.51149],[-77.08706,38.53492],[-77.04257,38.56148],[-77.00122,38.59095],[-76.96333,38.62311],[-76.92919,38.65771],[-76.89906,38.6945],[-76.87316,38.73319],[-76.8517,38.77349],[-76.83483,38.81509],[-76.82269,38.85768],[-76.81537,38.90092],[-76.81293,38.9445]]]}},{"type":"Feature","properties":{"kind":"class","cat":"B","name":"Ronald Reagan Washington National Airport","ident":"KDCA","floor":"SFC","ceiling":"FL100"},"geometry":{"type":"Polygon","coordinates":[[[-76.39566,38.8521],[-76.3981,38.89568],[-76.40541,38.93892],[-76.41753,38.98151],[-76.43438,39.02311],[-76.45581,39.06341],[-76.48167,39.1021],[-76.51177,39.13889],[-76.54587,39.17349],[-76.58371,39.20565],[-76.625,39.23512],[-76.66944,39.26168],[-76.71668,39.28511],[-76.76636,39.30525],[-76.81811,39.32195],[-76.87152,39.33506],[-76.92621,39.3445],[-76.98174,39.3502],[-77.0377,39.3521],[-77.09365,39.3502],[-77.14919,39.3445],[-77.20387,39.33506],[-77.25729,39.32195],[-77.30903,39.30525],[-77.35872,39.28511],[-77.40596,39.26168],[-77.45039,39.23512],[-77.49169,39.20565],[-77.52953,39.17349],[-77.56363,39.13889],[-77.59372,39.1021],[-77.61958,39.06341],[-77.64102,39.02311],[-77.65786,38.98151],[-77.66998,38.93892],[-77.67729,38.89568],[-77.67974,38.8521],[-77.67729,38.80852],[-77.66998,38.76528],[-77.65786,38.72269],[-77.64102,38.68109],[-77.61958,38.64079],[-77.59372,38.6021],[-77.56363,38.56531],[-77.52953,38.53071],[-77.49169,38.49855],[-77.45039,38.46908],[-77.40596,38.44252],[-77.35872,38.41909],[-77.30903,38.39895],[-77.25729,38.38225],[-77.20387,38.36914],[-77.14919,38.3597],[-77.09365,38.354],[-77.0377,38.3521],[-76.98174,38.354],[-76.92621,38.3597],[-76.87152,38.36914],[-76.81811,38.38225],[-76.76636,38.39895],[-76.71668,38.41909],[-76.66944,38.44252],[-76.625,38.46908],[-76.58371,38.49855],[-76.54587,38.53071],[-76.51177,38.56531],[-76.48167,38.6021],[-76.45581,38.64079],[-76.43438,38.68109],[-76.41753,38.72269],[-76.40541,38.76528],[-76.3981,38.80852],[-76.39566,38.8521]]]}},{"type":"Feature","properties":{"kind":"class","cat":"B","name":"San Diego International Airport","ident":"KSAN","floor":"SFC","ceiling":"FL100"},"geometry":{"type":"Polygon","coordinates":[[[-116.59561,32.7336],[-116.59787,32.77718],[-116.60464,32.82042],[-116.61586,32.86301],[-116.63146,32.90461],[-116.6513,32.94491],[-116.67524,32.9836],[-116.7031,33.02039],[-116.73467,33.05499],[-116.7697,33.08715],[-116.80793,33.11662],[-116.84907,33.14318],[-116.89281,33.16661],[-116.9388,33.18675],[-116.98671,33.20345],[-117.03616,33.21656],[-117.08679,33.226],[-117.1382,33.2317],[-117.19,33.2336],[-117.24181,33.2317],[-117.29322,33.226],[-117.34384,33.21656],[-117.3933,33.20345],[-117.4412,33.18675],[-117.4872,33.16661],[-117.53093,33.14318],[-117.57207,33.11662],[-117.6103,33.08715],[-117.64533,33.05499],[-117.6769,33.02039],[-117.70476,32.9836],[-117.72871,32.94491],[-117.74855,32.90461],[-117.76414,32.86301],[-117.77537,32.82042],[-117.78213,32.77718],[-117.7844,32.7336],[-117.78213,32.69002],[-117.77537,32.64678],[-117.76414,32.60419],[-117.74855,32.56259],[-117.72871,32.52229],[-117.70476,32.4836],[-117.6769,32.44681],[-117.64533,32.41221],[-117.6103,32.38005],[-117.57207,32.35058],[-117.53093,32.32402],[-117.4872,32.30059],[-117.4412,32.28045],[-117.3933,32.26375],[-117.34384,32.25064],[-117.29322,32.2412],[-117.24181,32.2355],[-117.19,32.2336],[-117.1382,32.2355],[-117.08679,32.2412],[-117.03616,32.25064],[-116.98671,32.26375],[-116.9388,32.28045],[-116.89281,32.30059],[-116.84907,32.32402],[-116.80793,32.35058],[-116.7697,32.38005],[-116.73467,32.41221],[-116.7031,32.44681],[-116.67524,32.4836],[-116.6513,32.52229],[-116.63146,32.56259],[-116.61586,32.60419],[-116.60464,32.64678],[-116.59787,32.69002],[-116.59561,32.7336]]]}},{"type":"Feature","properties":{"kind":"class","cat":"B","name":"Daniel K Inouye International Airport","ident":"PHNL","floor":"SFC","ceiling":"FL100"},"geometry":{"type":"Polygon","coordinates":[[[-157.38749,21.32062],[-157.38954,21.3642],[-157.39565,21.40744],[-157.40578,21.45003],[-157.41986,21.49163],[-157.43778,21.53193],[-157.4594,21.57062],[-157.48456,21.60741],[-157.51307,21.64201],[-157.5447,21.67417],[-157.57922,21.70364],[-157.61637,21.7302],[-157.65586,21.75363],[-157.69739,21.77377],[-157.74065,21.79047],[-157.78531,21.80358],[-157.83103,21.81302],[-157.87745,21.81872],[-157.92423,21.82062],[-157.97101,21.81872],[-158.01743,21.81302],[-158.06314,21.80358],[-158.1078,21.79047],[-158.15106,21.77377],[-158.19259,21.75363],[-158.23209,21.7302],[-158.26923,21.70364],[-158.30376,21.67417],[-158.33539,21.64201],[-158.36389,21.60741],[-158.38905,21.57062],[-158.41067,21.53193],[-158.42859,21.49163],[-158.44267,21.45003],[-158.45281,21.40744],[-158.45892,21.3642],[-158.46096,21.32062],[-158.45892,21.27704],[-158.45281,21.2338],[-158.44267,21.19121],[-158.42859,21.14961],[-158.41067,21.10931],[-158.38905,21.07062],[-158.36389,21.03383],[-158.33539,20.99923],[-158.30376,20.96707],[-158.26923,20.9376],[-158.23209,20.91104],[-158.19259,20.88761],[-158.15106,20.86747],[-158.1078,20.85077],[-158.06314,20.83766],[-158.01743,20.82822],[-157.97101,20.82252],[-157.92423,20.82062],[-157.87745,20.82252],[-157.83103,20.82822],[-157.78531,20.83766],[-157.74065,20.85077],[-157.69739,20.86747],[-157.65586,20.88761],[-157.61637,20.91104],[-157.57922,20.9376],[-157.5447,20.96707],[-157.51307,20.99923],[-157.48456,21.03383],[-157.4594,21.07062],[-157.43778,21.10931],[-157.41986,21.14961],[-157.40578,21.19121],[-157.39565,21.2338],[-157.38954,21.27704],[-157.38749,21.32062]]]}},{"type":"Feature","properties":{"kind":"class","cat":"B","name":"Toronto Lester B. Pearson International Airport","ident":"CYYZ","floor":"SFC","ceiling":"FL100"},"geometry":{"type":"Polygon","coordinates":[[[-78.93927,43.6772],[-78.9419,43.72078],[-78.94977,43.76402],[-78.96283,43.80661],[-78.98096,43.84821],[-79.00404,43.88851],[-79.03189,43.9272],[-79.06429,43.96399],[-79.10101,43.99859],[-79.14175,44.03075],[-79.18622,44.06022],[-79.23407,44.08678],[-79.28493,44.11021],[-79.33843,44.13035],[-79.39415,44.14705],[-79.45167,44.16016],[-79.51055,44.1696],[-79.57035,44.1753],[-79.6306,44.1772],[-79.69085,44.1753],[-79.75065,44.1696],[-79.80953,44.16016],[-79.86705,44.14705],[-79.92277,44.13035],[-79.97627,44.11021],[-80.02713,44.08678],[-80.07498,44.06022],[-80.11945,44.03075],[-80.16019,43.99859],[-80.19691,43.96399],[-80.22931,43.9272],[-80.25716,43.88851],[-80.28024,43.84821],[-80.29837,43.80661],[-80.31143,43.76402],[-80.3193,43.72078],[-80.32193,43.6772],[-80.3193,43.63362],[-80.31143,43.59038],[-80.29837,43.54779],[-80.28024,43.50619],[-80.25716,43.46589],[-80.22931,43.4272],[-80.19691,43.39041],[-80.16019,43.35581],[-80.11945,43.32365],[-80.07498,43.29418],[-80.02713,43.26762],[-79.97627,43.24419],[-79.92277,43.22405],[-79.86705,43.20735],[-79.80953,43.19424],[-79.75065,43.1848],[-79.69085,43.1791],[-79.6306,43.1772],[-79.57035,43.1791],[-79.51055,43.1848],[-79.45167,43.19424],[-79.39415,43.20735],[-79.33843,43.22405],[-79.28493,43.24419],[-79.23407,43.26762],[-79.18622,43.29418],[-79.14175,43.32365],[-79.10101,43.35581],[-79.06429,43.39041],[-79.03189,43.4272],[-79.00404,43.46589],[-78.98096,43.50619],[-78.96283,43.54779],[-78.94977,43.59038],[-78.9419,43.63362],[-78.93927,43.6772]]]}},{"type":"Feature","properties":{"kind":"class","cat":"B","name":"Vancouver International Airport","ident":"CYVR","floor":"SFC","ceiling":"FL100"},"geometry":{"type":"Polygon","coordinates":[[[-122.41889,49.1939],[-122.4218,49.23748],[-122.43051,49.28073],[-122.44496,49.32331],[-122.46503,49.36491],[-122.49057,49.40521],[-122.52139,49.4439],[-122.55726,49.48069],[-122.59789,49.51529],[-122.64298,49.54745],[-122.6922,49.57692],[-122.74515,49.60348],[-122.80144,49.62691],[-122.86065,49.64705],[-122.92232,49.66375],[-122.98597,49.67686],[-123.05114,49.6863],[-123.11731,49.692],[-123.184,49.6939],[-123.25068,49.692],[-123.31686,49.6863],[-123.38202,49.67686],[-123.44568,49.66375],[-123.50735,49.64705],[-123.56655,49.62691],[-123.62285,49.60348],[-123.6758,49.57692],[-123.72501,49.54745],[-123.77011,49.51529],[-123.81074,49.48069],[-123.8466,49.4439],[-123.87742,49.40521],[-123.90297,49.36491],[-123.92304,49.32331],[-123.93748,49.28073],[-123.9462,49.23748],[-123.94911,49.1939],[-123.9462,49.15032],[-123.93748,49.10708],[-123.92304,49.06449],[-123.90297,49.02289],[-123.87742,48.98259],[-123.8466,48.9439],[-123.81074,48.90711],[-123.77011,48.87251],[-123.72501,48.84035],[-123.6758,48.81088],[-123.62285,48.78433],[-123.56655,48.76089],[-123.50735,48.74075],[-123.44568,48.72405],[-123.38202,48.71094],[-123.31686,48.7015],[-123.25068,48.6958],[-123.184,48.6939],[-123.11731,48.6958],[-123.05114,48.7015],[-122.98597,48.71094],[-122.92232,48.72405],[-122.86065,48.74075],[-122.80144,48.76089],[-122.74515,48.78433],[-122.6922,48.81088],[-122.64298,48.84035],[-122.59789,48.87251],[-122.55726,48.90711],[-122.52139,48.9439],[-122.49057,48.98259],[-122.46503,49.02289],[-122.44496,49.06449],[-122.43051,49.10708],[-122.4218,49.15032],[-122.41889,49.1939]]]}},{"type":"Feature","properties":{"kind":"class","cat":"B","name":"Montreal / Pierre Elliott Trudeau International Airport","ident":"CYUL","floor":"SFC","ceiling":"FL100"},"geometry":{"type":"Polygon","coordinates":[[[-73.02934,45.46784],[-73.03206,45.51141],[-73.04017,45.55466],[-73.05364,45.59725],[-73.07234,45.63885],[-73.09614,45.67915],[-73.12486,45.71784],[-73.15828,45.75463],[-73.19614,45.78923],[-73.23816,45.82139],[-73.28402,45.85086],[-73.33336,45.87741],[-73.38582,45.90085],[-73.44099,45.92099],[-73.49845,45.93768],[-73.55777,45.9508],[-73.61849,45.96024],[-73.68016,45.96593],[-73.74229,45.96784],[-73.80443,45.96593],[-73.8661,45.96024],[-73.92682,45.9508],[-73.98614,45.93768],[-74.0436,45.92099],[-74.09877,45.90085],[-74.15123,45.87741],[-74.20057,45.85086],[-74.24643,45.82139],[-74.28845,45.78923],[-74.32631,45.75463],[-74.35973,45.71784],[-74.38845,45.67915],[-74.41225,45.63885],[-74.43095,45.59725],[-74.44441,45.55466],[-74.45253,45.51141],[-74.45525,45.46784],[-74.45253,45.42426],[-74.44441,45.38101],[-74.43095,45.33843],[-74.41225,45.29683],[-74.38845,45.25653],[-74.35973,45.21784],[-74.32631,45.18105],[-74.28845,45.14644],[-74.24643,45.11428],[-74.20057,45.08481],[-74.15123,45.05826],[-74.09877,45.03482],[-74.0436,45.01468],[-73.98614,44.99799],[-73.92682,44.98487],[-73.8661,44.97543],[-73.80443,44.96974],[-73.74229,44.96784],[-73.68016,44.96974],[-73.61849,44.97543],[-73.55777,44.98487],[-73.49845,44.99799],[-73.44099,45.01468],[-73.38582,45.03482],[-73.33336,45.05826],[-73.28402,45.08481],[-73.23816,45.11428],[-73.19614,45.14644],[-73.15828,45.18105],[-73.12486,45.21784],[-73.09614,45.25653],[-73.07234,45.29683],[-73.05364,45.33843],[-73.04017,45.38101],[-73.03206,45.42426],[-73.02934,45.46784]]]}},{"type":"Feature","properties":{"kind":"class","cat":"B","name":"Benito Juárez International Airport","ident":"MMMX","floor":"SFC","ceiling":"FL100"},"geometry":{"type":"Polygon","coordinates":[[[-98.54112,19.43514],[-98.54313,19.47871],[-98.54917,19.52196],[-98.55918,19.56455],[-98.57309,19.60615],[-98.59079,19.64645],[-98.61215,19.68514],[-98.637,19.72193],[-98.66516,19.75653],[-98.69641,19.78869],[-98.73051,19.81816],[-98.76721,19.84471],[-98.80622,19.86815],[-98.84725,19.88829],[-98.88998,19.90498],[-98.9341,19.9181],[-98.97926,19.92754],[-99.02512,19.93323],[-99.07133,19.93514],[-99.11754,19.93323],[-99.1634,19.92754],[-99.20856,19.9181],[-99.25267,19.90498],[-99.29541,19.88829],[-99.33643,19.86815],[-99.37545,19.84471],[-99.41214,19.81816],[-99.44624,19.78869],[-99.47749,19.75653],[-99.50565,19.72193],[-99.53051,19.68514],[-99.55186,19.64645],[-99.56956,19.60615],[-99.58347,19.56455],[-99.59349,19.52196],[-99.59952,19.47871],[-99.60154,19.43514],[-99.59952,19.39156],[-99.59349,19.34831],[-99.58347,19.30573],[-99.56956,19.26413],[-99.55186,19.22383],[-99.53051,19.18514],[-99.50565,19.14835],[-99.47749,19.11374],[-99.44624,19.08158],[-99.41214,19.05211],[-99.37545,19.02556],[-99.33643,19.00212],[-99.29541,18.98198],[-99.25267,18.96529],[-99.20856,18.95217],[-99.1634,18.94273],[-99.11754,18.93704],[-99.07133,18.93514],[-99.02512,18.93704],[-98.97926,18.94273],[-98.9341,18.95217],[-98.88998,18.96529],[-98.84725,18.98198],[-98.80622,19.00212],[-98.76721,19.02556],[-98.73051,19.05211],[-98.69641,19.08158],[-98.66516,19.11374],[-98.637,19.14835],[-98.61215,19.18514],[-98.59079,19.22383],[-98.57309,19.26413],[-98.55918,19.30573],[-98.54917,19.34831],[-98.54313,19.39156],[-98.54112,19.43514]]]}},{"type":"Feature","properties":{"kind":"class","cat":"C","name":"Sacramento International Airport","ident":"KSMF","floor":"SFC","ceiling":"4000ft"},"geometry":{"type":"Polygon","coordinates":[[[-121.37746,38.6954],[-121.37827,38.70993],[-121.3807,38.72434],[-121.38474,38.73854],[-121.39034,38.7524],[-121.39747,38.76584],[-121.40607,38.77873],[-121.41608,38.791],[-121.42742,38.80253],[-121.44,38.81325],[-121.45374,38.82307],[-121.46852,38.83193],[-121.48423,38.83974],[-121.50076,38.84645],[-121.51797,38.85202],[-121.53573,38.85639],[-121.55392,38.85953],[-121.57239,38.86143],[-121.591,38.86207],[-121.60961,38.86143],[-121.62808,38.85953],[-121.64627,38.85639],[-121.66404,38.85202],[-121.68125,38.84645],[-121.69777,38.83974],[-121.71349,38.83193],[-121.72827,38.82307],[-121.742,38.81325],[-121.75459,38.80253],[-121.76593,38.791],[-121.77594,38.77873],[-121.78454,38.76584],[-121.79167,38.7524],[-121.79727,38.73854],[-121.8013,38.72434],[-121.80373,38.70993],[-121.80455,38.6954],[-121.80373,38.68087],[-121.8013,38.66646],[-121.79727,38.65226],[-121.79167,38.6384],[-121.78454,38.62496],[-121.77594,38.61207],[-121.76593,38.5998],[-121.75459,38.58827],[-121.742,38.57755],[-121.72827,38.56773],[-121.71349,38.55887],[-121.69777,38.55106],[-121.68125,38.54435],[-121.66404,38.53878],[-121.64627,38.53441],[-121.62808,38.53127],[-121.60961,38.52937],[-121.591,38.52873],[-121.57239,38.52937],[-121.55392,38.53127],[-121.53573,38.53441],[-121.51797,38.53878],[-121.50076,38.54435],[-121.48423,38.55106],[-121.46852,38.55887],[-121.45374,38.56773],[-121.44,38.57755],[-121.42742,38.58827],[-121.41608,38.5998],[-121.40607,38.61207],[-121.39747,38.62496],[-121.39034,38.6384],[-121.38474,38.65226],[-121.3807,38.66646],[-121.37827,38.68087],[-121.37746,38.6954]]]}},{"type":"Feature","properties":{"kind":"class","cat":"C","name":"Norman Y. Mineta San Jose International Airport","ident":"KSJC","floor":"SFC","ceiling":"4000ft"},"geometry":{"type":"Polygon","coordinates":[[[-121.71949,37.36245],[-121.72029,37.37698],[-121.72268,37.39139],[-121.72664,37.40559],[-121.73214,37.41946],[-121.73914,37.43289],[-121.74759,37.44579],[-121.75742,37.45805],[-121.76855,37.46958],[-121.78091,37.4803],[-121.7944,37.49013],[-121.80891,37.49898],[-121.82434,37.50679],[-121.84057,37.5135],[-121.85747,37.51907],[-121.87492,37.52344],[-121.89278,37.52659],[-121.91091,37.52848],[-121.92919,37.52912],[-121.94746,37.52848],[-121.9656,37.52659],[-121.98346,37.52344],[-122.00091,37.51907],[-122.01781,37.5135],[-122.03403,37.50679],[-122.04946,37.49898],[-122.06398,37.49013],[-122.07746,37.4803],[-122.08982,37.46958],[-122.10096,37.45805],[-122.11079,37.44579],[-122.11923,37.43289],[-122.12624,37.41946],[-122.13174,37.40559],[-122.1357,37.39139],[-122.13808,37.37698],[-122.13888,37.36245],[-122.13808,37.34793],[-122.1357,37.33351],[-122.13174,37.31932],[-122.12624,37.30545],[-122.11923,37.29202],[-122.11079,37.27912],[-122.10096,37.26686],[-122.08982,37.25532],[-122.07746,37.2446],[-122.06398,37.23478],[-122.04946,37.22593],[-122.03403,37.21811],[-122.01781,37.2114],[-122.00091,37.20584],[-121.98346,37.20146],[-121.9656,37.19832],[-121.94746,37.19642],[-121.92919,37.19579],[-121.91091,37.19642],[-121.89278,37.19832],[-121.87492,37.20146],[-121.85747,37.20584],[-121.84057,37.2114],[-121.82434,37.21811],[-121.80891,37.22593],[-121.7944,37.23478],[-121.78091,37.2446],[-121.76855,37.25532],[-121.75742,37.26686],[-121.74759,37.27912],[-121.73914,37.29202],[-121.73214,37.30545],[-121.72664,37.31932],[-121.72268,37.33351],[-121.72029,37.34793],[-121.71949,37.36245]]]}},{"type":"Feature","properties":{"kind":"class","cat":"C","name":"San Francisco Bay Oakland International Airport","ident":"KOAK","floor":"SFC","ceiling":"4000ft"},"geometry":{"type":"Polygon","coordinates":[[[-122.01048,37.72008],[-122.01128,37.73461],[-122.01368,37.74903],[-122.01766,37.76322],[-122.02319,37.77709],[-122.03022,37.79052],[-122.03871,37.80342],[-122.04859,37.81568],[-122.05978,37.82722],[-122.0722,37.83794],[-122.08575,37.84776],[-122.10033,37.85661],[-122.11583,37.86442],[-122.13214,37.87114],[-122.14912,37.8767],[-122.16665,37.88107],[-122.1846,37.88422],[-122.20282,37.88612],[-122.22118,37.88675],[-122.23955,37.88612],[-122.25777,37.88422],[-122.27572,37.88107],[-122.29325,37.8767],[-122.31023,37.87114],[-122.32653,37.86442],[-122.34204,37.85661],[-122.35662,37.84776],[-122.37017,37.83794],[-122.38259,37.82722],[-122.39378,37.81568],[-122.40366,37.80342],[-122.41214,37.79052],[-122.41918,37.77709],[-122.42471,37.76322],[-122.42868,37.74903],[-122.43108,37.73461],[-122.43189,37.72008],[-122.43108,37.70556],[-122.42868,37.69114],[-122.42471,37.67695],[-122.41918,37.66308],[-122.41214,37.64965],[-122.40366,37.63675],[-122.39378,37.62449],[-122.38259,37.61295],[-122.37017,37.60223],[-122.35662,37.59241],[-122.34204,37.58356],[-122.32653,37.57575],[-122.31023,37.56903],[-122.29325,37.56347],[-122.27572,37.5591],[-122.25777,37.55595],[-122.23955,37.55405],[-122.22118,37.55342],[-122.20282,37.55405],[-122.1846,37.55595],[-122.16665,37.5591],[-122.14912,37.56347],[-122.13214,37.56903],[-122.11583,37.57575],[-122.10033,37.58356],[-122.08575,37.59241],[-122.0722,37.60223],[-122.05978,37.61295],[-122.04859,37.62449],[-122.03871,37.63675],[-122.03022,37.64965],[-122.02319,37.66308],[-122.01766,37.67695],[-122.01368,37.69114],[-122.01128,37.70556],[-122.01048,37.72008]]]}},{"type":"Feature","properties":{"kind":"class","cat":"C","name":"John Wayne Orange County International Airport","ident":"KSNA","floor":"SFC","ceiling":"4000ft"},"geometry":{"type":"Polygon","coordinates":[[[-117.66772,33.6757],[-117.66848,33.69023],[-117.67076,33.70464],[-117.67455,33.71884],[-117.6798,33.7327],[-117.68649,33.74614],[-117.69455,33.75903],[-117.70394,33.7713],[-117.71458,33.78283],[-117.72638,33.79355],[-117.73926,33.80338],[-117.75312,33.81223],[-117.76786,33.82004],[-117.78336,33.82675],[-117.7995,33.83232],[-117.81616,33.83669],[-117.83322,33.83984],[-117.85054,33.84173],[-117.868,33.84237],[-117.88545,33.84173],[-117.90277,33.83984],[-117.91983,33.83669],[-117.93649,33.83232],[-117.95264,33.82675],[-117.96813,33.82004],[-117.98287,33.81223],[-117.99673,33.80338],[-118.00961,33.79355],[-118.02142,33.78283],[-118.03205,33.7713],[-118.04144,33.75903],[-118.04951,33.74614],[-118.05619,33.7327],[-118.06145,33.71884],[-118.06523,33.70464],[-118.06751,33.69023],[-118.06827,33.6757],[-118.06751,33.66118],[-118.06523,33.64676],[-118.06145,33.63256],[-118.05619,33.6187],[-118.04951,33.60526],[-118.04144,33.59237],[-118.03205,33.5801],[-118.02142,33.56857],[-118.00961,33.55785],[-117.99673,33.54803],[-117.98287,33.53918],[-117.96813,33.53136],[-117.95264,33.52465],[-117.93649,33.51909],[-117.91983,33.51471],[-117.90277,33.51157],[-117.88545,33.50967],[-117.868,33.50903],[-117.85054,33.50967],[-117.83322,33.51157],[-117.81616,33.51471],[-117.7995,33.51909],[-117.78336,33.52465],[-117.76786,33.53136],[-117.75312,33.53918],[-117.73926,33.54803],[-117.72638,33.55785],[-117.71458,33.56857],[-117.70394,33.5801],[-117.69455,33.59237],[-117.68649,33.60526],[-117.6798,33.6187],[-117.67455,33.63256],[-117.67076,33.64676],[-117.66848,33.66118],[-117.66772,33.6757]]]}},{"type":"Feature","properties":{"kind":"class","cat":"C","name":"Albuquerque International Sunport","ident":"KABQ","floor":"SFC","ceiling":"4000ft"},"geometry":{"type":"Polygon","coordinates":[[[-106.40536,35.03998],[-106.40614,35.0545],[-106.40846,35.06892],[-106.4123,35.08311],[-106.41764,35.09698],[-106.42444,35.11041],[-106.43264,35.12331],[-106.44218,35.13557],[-106.45299,35.14711],[-106.46498,35.15783],[-106.47808,35.16765],[-106.49217,35.1765],[-106.50714,35.18431],[-106.5229,35.19103],[-106.5393,35.19659],[-106.55624,35.20096],[-106.57358,35.20411],[-106.59118,35.20601],[-106.60892,35.20664],[-106.62667,35.20601],[-106.64427,35.20411],[-106.66161,35.20096],[-106.67855,35.19659],[-106.69495,35.19103],[-106.71071,35.18431],[-106.72568,35.1765],[-106.73977,35.16765],[-106.75287,35.15783],[-106.76486,35.14711],[-106.77567,35.13557],[-106.78521,35.12331],[-106.79341,35.11041],[-106.80021,35.09698],[-106.80555,35.08311],[-106.80939,35.06892],[-106.81171,35.0545],[-106.81249,35.03998],[-106.81171,35.02545],[-106.80939,35.01103],[-106.80555,34.99684],[-106.80021,34.98297],[-106.79341,34.96954],[-106.78521,34.95664],[-106.77567,34.94438],[-106.76486,34.93284],[-106.75287,34.92212],[-106.73977,34.9123],[-106.72568,34.90345],[-106.71071,34.89564],[-106.69495,34.88892],[-106.67855,34.88336],[-106.66161,34.87899],[-106.64427,34.87584],[-106.62667,34.87394],[-106.60892,34.87331],[-106.59118,34.87394],[-106.57358,34.87584],[-106.55624,34.87899],[-106.5393,34.88336],[-106.5229,34.88892],[-106.50714,34.89564],[-106.49217,34.90345],[-106.47808,34.9123],[-106.46498,34.92212],[-106.45299,34.93284],[-106.44218,34.94438],[-106.43264,34.95664],[-106.42444,34.96954],[-106.41764,34.98297],[-106.4123,34.99684],[-106.40846,35.01103],[-106.40614,35.02545],[-106.40536,35.03998]]]}},{"type":"Feature","properties":{"kind":"class","cat":"C","name":"Austin Bergstrom International Airport","ident":"KAUS","floor":"SFC","ceiling":"4000ft"},"geometry":{"type":"Polygon","coordinates":[[[-97.46918,30.19753],[-97.46991,30.21206],[-97.47211,30.22648],[-97.47575,30.24067],[-97.48081,30.25454],[-97.48725,30.26797],[-97.49501,30.28087],[-97.50405,30.29313],[-97.51429,30.30467],[-97.52566,30.31539],[-97.53806,30.32521],[-97.55141,30.33406],[-97.5656,30.34187],[-97.58052,30.34859],[-97.59606,30.35415],[-97.61211,30.35852],[-97.62853,30.36167],[-97.64521,30.36357],[-97.66201,30.3642],[-97.67882,30.36357],[-97.6955,30.36167],[-97.71192,30.35852],[-97.72797,30.35415],[-97.74351,30.34859],[-97.75843,30.34187],[-97.77262,30.33406],[-97.78597,30.32521],[-97.79837,30.31539],[-97.80974,30.30467],[-97.81998,30.29313],[-97.82902,30.28087],[-97.83678,30.26797],[-97.84322,30.25454],[-97.84828,30.24067],[-97.85192,30.22648],[-97.85412,30.21206],[-97.85485,30.19753],[-97.85412,30.18301],[-97.85192,30.16859],[-97.84828,30.1544],[-97.84322,30.14053],[-97.83678,30.1271],[-97.82902,30.1142],[-97.81998,30.10194],[-97.80974,30.0904],[-97.79837,30.07968],[-97.78597,30.06986],[-97.77262,30.06101],[-97.75843,30.0532],[-97.74351,30.04648],[-97.72797,30.04092],[-97.71192,30.03655],[-97.6955,30.0334],[-97.67882,30.0315],[-97.66201,30.03087],[-97.64521,30.0315],[-97.62853,30.0334],[-97.61211,30.03655],[-97.59606,30.04092],[-97.58052,30.04648],[-97.5656,30.0532],[-97.55141,30.06101],[-97.53806,30.06986],[-97.52566,30.07968],[-97.51429,30.0904],[-97.50405,30.10194],[-97.49501,30.1142],[-97.48725,30.1271],[-97.48081,30.14053],[-97.47575,30.1544],[-97.47211,30.16859],[-97.46991,30.18301],[-97.46918,30.19753]]]}},{"type":"Feature","properties":{"kind":"class","cat":"C","name":"Nashville International Airport","ident":"KBNA","floor":"SFC","ceiling":"4000ft"},"geometry":{"type":"Polygon","coordinates":[[[-86.47186,36.1245],[-86.47265,36.13903],[-86.475,36.15344],[-86.47889,36.16764],[-86.48431,36.1815],[-86.49119,36.19494],[-86.49951,36.20783],[-86.50918,36.2201],[-86.52014,36.23163],[-86.5323,36.24235],[-86.54557,36.25217],[-86.55985,36.26103],[-86.57503,36.26884],[-86.591,36.27555],[-86.60763,36.28112],[-86.6248,36.28549],[-86.64237,36.28863],[-86.66022,36.29053],[-86.6782,36.29117],[-86.69618,36.29053],[-86.71403,36.28863],[-86.7316,36.28549],[-86.74877,36.28112],[-86.7654,36.27555],[-86.78137,36.26884],[-86.79655,36.26103],[-86.81083,36.25217],[-86.8241,36.24235],[-86.83626,36.23163],[-86.84722,36.2201],[-86.85689,36.20783],[-86.86521,36.19494],[-86.87209,36.1815],[-86.87751,36.16764],[-86.8814,36.15344],[-86.88375,36.13903],[-86.88454,36.1245],[-86.88375,36.10997],[-86.8814,36.09556],[-86.87751,36.08136],[-86.87209,36.0675],[-86.86521,36.05406],[-86.85689,36.04117],[-86.84722,36.0289],[-86.83626,36.01737],[-86.8241,36.00665],[-86.81083,35.99683],[-86.79655,35.98797],[-86.78137,35.98016],[-86.7654,35.97345],[-86.74877,35.96788],[-86.7316,35.96351],[-86.71403,35.96037],[-86.69618,35.95847],[-86.6782,35.95783],[-86.66022,35.95847],[-86.64237,35.96037],[-86.6248,35.96351],[-86.60763,35.96788],[-86.591,35.97345],[-86.57503,35.98016],[-86.55985,35.98797],[-86.54557,35.99683],[-86.5323,36.00665],[-86.52014,36.01737],[-86.50918,36.0289],[-86.49951,36.04117],[-86.49119,36.05406],[-86.48431,36.0675],[-86.47889,36.08136],[-86.475,36.09556],[-86.47265,36.10997],[-86.47186,36.1245]]]}},{"type":"Feature","properties":{"kind":"class","cat":"C","name":"Raleigh Durham International Airport","ident":"KRDU","floor":"SFC","ceiling":"4000ft"},"geometry":{"type":"Polygon","coordinates":[[[-78.58181,35.8776],[-78.58259,35.89213],[-78.58493,35.90654],[-78.58881,35.92074],[-78.59421,35.93461],[-78.60108,35.94804],[-78.60936,35.96094],[-78.619,35.9732],[-78.62993,35.98473],[-78.64205,35.99545],[-78.65528,36.00528],[-78.66952,36.01413],[-78.68465,36.02194],[-78.70057,36.02865],[-78.71715,36.03422],[-78.73426,36.03859],[-78.75178,36.04174],[-78.76957,36.04363],[-78.7875,36.04427],[-78.80543,36.04363],[-78.82322,36.04174],[-78.84074,36.03859],[-78.85785,36.03422],[-78.87443,36.02865],[-78.89034,36.02194],[-78.90548,36.01413],[-78.91971,36.00528],[-78.93294,35.99545],[-78.94507,35.98473],[-78.95599,35.9732],[-78.96563,35.96094],[-78.97392,35.94804],[-78.98079,35.93461],[-78.98618,35.92074],[-78.99007,35.90654],[-78.99241,35.89213],[-78.99319,35.8776],[-78.99241,35.86308],[-78.99007,35.84866],[-78.98618,35.83447],[-78.98079,35.8206],[-78.97392,35.80717],[-78.96563,35.79427],[-78.95599,35.78201],[-78.94507,35.77047],[-78.93294,35.75975],[-78.91971,35.74993],[-78.90548,35.74108],[-78.89034,35.73326],[-78.87443,35.72655],[-78.85785,35.72099],[-78.84074,35.71661],[-78.82322,35.71347],[-78.80543,35.71157],[-78.7875,35.71094],[-78.76957,35.71157],[-78.75178,35.71347],[-78.73426,35.71661],[-78.71715,35.72099],[-78.70057,35.72655],[-78.68465,35.73326],[-78.66952,35.74108],[-78.65528,35.74993],[-78.64205,35.75975],[-78.62993,35.77047],[-78.619,35.78201],[-78.60936,35.79427],[-78.60108,35.80717],[-78.59421,35.8206],[-78.58881,35.83447],[-78.58493,35.84866],[-78.58259,35.86308],[-78.58181,35.8776]]]}},{"type":"Feature","properties":{"kind":"class","cat":"C","name":"Cleveland Hopkins International Airport","ident":"KCLE","floor":"SFC","ceiling":"4000ft"},"geometry":{"type":"Polygon","coordinates":[[[-81.62757,41.4117],[-81.62842,41.42623],[-81.63095,41.44064],[-81.63514,41.45484],[-81.64097,41.4687],[-81.64839,41.48214],[-81.65734,41.49503],[-81.66776,41.5073],[-81.67956,41.51883],[-81.69266,41.52955],[-81.70695,41.53938],[-81.72233,41.54823],[-81.73869,41.55604],[-81.75588,41.56275],[-81.77379,41.56832],[-81.79228,41.57269],[-81.81121,41.57584],[-81.83043,41.57773],[-81.8498,41.57837],[-81.86917,41.57773],[-81.88839,41.57584],[-81.90732,41.57269],[-81.92581,41.56832],[-81.94372,41.56275],[-81.96091,41.55604],[-81.97727,41.54823],[-81.99265,41.53938],[-82.00694,41.52955],[-82.02004,41.51883],[-82.03184,41.5073],[-82.04226,41.49503],[-82.05121,41.48214],[-82.05863,41.4687],[-82.06446,41.45484],[-82.06865,41.44064],[-82.07118,41.42623],[-82.07203,41.4117],[-82.07118,41.39718],[-82.06865,41.38276],[-82.06446,41.36856],[-82.05863,41.3547],[-82.05121,41.34126],[-82.04226,41.32837],[-82.03184,41.3161],[-82.02004,41.30457],[-82.00694,41.29385],[-81.99265,41.28403],[-81.97727,41.27518],[-81.96091,41.26736],[-81.94372,41.26065],[-81.92581,41.25509],[-81.90732,41.25071],[-81.88839,41.24757],[-81.86917,41.24567],[-81.8498,41.24503],[-81.83043,41.24567],[-81.81121,41.24757],[-81.79228,41.25071],[-81.77379,41.25509],[-81.75588,41.26065],[-81.73869,41.26736],[-81.72233,41.27518],[-81.70695,41.28403],[-81.69266,41.29385],[-81.67956,41.30457],[-81.66776,41.3161],[-81.65734,41.32837],[-81.64839,41.34126],[-81.64097,41.3547],[-81.63514,41.36856],[-81.63095,41.38276],[-81.62842,41.39718],[-81.62757,41.4117]]]}},{"type":"Feature","properties":{"kind":"class","cat":"C","name":"Portland International Airport","ident":"KPDX","floor":"SFC","ceiling":"4000ft"},"geometry":{"type":"Polygon","coordinates":[[[-122.35984,45.5887],[-122.36074,45.60322],[-122.36346,45.61764],[-122.36795,45.63184],[-122.3742,45.6457],[-122.38215,45.65914],[-122.39175,45.67203],[-122.40291,45.6843],[-122.41556,45.69583],[-122.42959,45.70655],[-122.44491,45.71637],[-122.4614,45.72522],[-122.47892,45.73304],[-122.49735,45.73975],[-122.51654,45.74531],[-122.53636,45.74969],[-122.55664,45.75283],[-122.57724,45.75473],[-122.598,45.75537],[-122.61876,45.75473],[-122.63936,45.75283],[-122.65964,45.74969],[-122.67946,45.74531],[-122.69865,45.73975],[-122.71708,45.73304],[-122.7346,45.72522],[-122.75109,45.71637],[-122.76641,45.70655],[-122.78044,45.69583],[-122.79309,45.6843],[-122.80425,45.67203],[-122.81385,45.65914],[-122.8218,45.6457],[-122.82805,45.63184],[-122.83254,45.61764],[-122.83526,45.60322],[-122.83616,45.5887],[-122.83526,45.57417],[-122.83254,45.55976],[-122.82805,45.54556],[-122.8218,45.5317],[-122.81385,45.51826],[-122.80425,45.50537],[-122.79309,45.4931],[-122.78044,45.48157],[-122.76641,45.47085],[-122.75109,45.46102],[-122.7346,45.45217],[-122.71708,45.44436],[-122.69865,45.43765],[-122.67946,45.43208],[-122.65964,45.42771],[-122.63936,45.42456],[-122.61876,45.42267],[-122.598,45.42203],[-122.57724,45.42267],[-122.55664,45.42456],[-122.53636,45.42771],[-122.51654,45.43208],[-122.49735,45.43765],[-122.47892,45.44436],[-122.4614,45.45217],[-122.44491,45.46102],[-122.42959,45.47085],[-122.41556,45.48157],[-122.40291,45.4931],[-122.39175,45.50537],[-122.38215,45.51826],[-122.3742,45.5317],[-122.36795,45.54556],[-122.36346,45.55976],[-122.36074,45.57417],[-122.35984,45.5887]]]}},{"type":"Feature","properties":{"kind":"class","cat":"D","name":"Santa Barbara Municipal Airport","ident":"KSBA","floor":"SFC","ceiling":"2500ft"},"geometry":{"type":"Polygon","coordinates":[[[-119.75311,34.4262],[-119.75344,34.43245],[-119.75443,34.43865],[-119.75607,34.44475],[-119.75835,34.45071],[-119.76125,34.45649],[-119.76475,34.46203],[-119.76882,34.46731],[-119.77344,34.47227],[-119.77856,34.47688],[-119.78415,34.4811],[-119.79016,34.48491],[-119.79655,34.48827],[-119.80328,34.49115],[-119.81028,34.49355],[-119.81751,34.49543],[-119.82491,34.49678],[-119.83242,34.49759],[-119.84,34.49787],[-119.84757,34.49759],[-119.85508,34.49678],[-119.86248,34.49543],[-119.86971,34.49355],[-119.87671,34.49115],[-119.88344,34.48827],[-119.88983,34.48491],[-119.89584,34.4811],[-119.90143,34.47688],[-119.90655,34.47227],[-119.91117,34.46731],[-119.91524,34.46203],[-119.91874,34.45649],[-119.92164,34.45071],[-119.92392,34.44475],[-119.92556,34.43865],[-119.92655,34.43245],[-119.92688,34.4262],[-119.92655,34.41995],[-119.92556,34.41376],[-119.92392,34.40765],[-119.92164,34.40169],[-119.91874,34.39591],[-119.91524,34.39037],[-119.91117,34.38509],[-119.90655,34.38013],[-119.90143,34.37553],[-119.89584,34.3713],[-119.88983,34.3675],[-119.88344,34.36414],[-119.87671,34.36125],[-119.86971,34.35886],[-119.86248,34.35698],[-119.85508,34.35562],[-119.84757,34.35481],[-119.84,34.35453],[-119.83242,34.35481],[-119.82491,34.35562],[-119.81751,34.35698],[-119.81028,34.35886],[-119.80328,34.36125],[-119.79655,34.36414],[-119.79016,34.3675],[-119.78415,34.3713],[-119.77856,34.37553],[-119.77344,34.38013],[-119.76882,34.38509],[-119.76475,34.39037],[-119.76125,34.39591],[-119.75835,34.40169],[-119.75607,34.40765],[-119.75443,34.41376],[-119.75344,34.41995],[-119.75311,34.4262]]]}},{"type":"Feature","properties":{"kind":"class","cat":"D","name":"Hollywood Burbank Airport","ident":"KBUR","floor":"SFC","ceiling":"2500ft"},"geometry":{"type":"Polygon","coordinates":[[[-118.26973,34.1977],[-118.27006,34.20395],[-118.27105,34.21015],[-118.27268,34.21625],[-118.27496,34.22221],[-118.27785,34.22799],[-118.28134,34.23354],[-118.2854,34.23881],[-118.29,34.24377],[-118.29511,34.24838],[-118.30068,34.2526],[-118.30668,34.25641],[-118.31305,34.25977],[-118.31976,34.26266],[-118.32674,34.26505],[-118.33395,34.26693],[-118.34133,34.26828],[-118.34883,34.2691],[-118.35638,34.26937],[-118.36393,34.2691],[-118.37142,34.26828],[-118.3788,34.26693],[-118.38601,34.26505],[-118.393,34.26266],[-118.3997,34.25977],[-118.40608,34.25641],[-118.41207,34.2526],[-118.41765,34.24838],[-118.42275,34.24377],[-118.42736,34.23881],[-118.43142,34.23354],[-118.43491,34.22799],[-118.4378,34.22221],[-118.44007,34.21625],[-118.44171,34.21015],[-118.4427,34.20395],[-118.44303,34.1977],[-118.4427,34.19146],[-118.44171,34.18526],[-118.44007,34.17915],[-118.4378,34.17319],[-118.43491,34.16742],[-118.43142,34.16187],[-118.42736,34.1566],[-118.42275,34.15164],[-118.41765,34.14703],[-118.41207,34.1428],[-118.40608,34.139],[-118.3997,34.13564],[-118.393,34.13275],[-118.38601,34.13036],[-118.3788,34.12848],[-118.37142,34.12713],[-118.36393,34.12631],[-118.35638,34.12604],[-118.34883,34.12631],[-118.34133,34.12713],[-118.33395,34.12848],[-118.32674,34.13036],[-118.31976,34.13275],[-118.31305,34.13564],[-118.30668,34.139],[-118.30068,34.1428],[-118.29511,34.14703],[-118.29,34.15164],[-118.2854,34.1566],[-118.28134,34.16187],[-118.27785,34.16742],[-118.27496,34.17319],[-118.27268,34.17915],[-118.27105,34.18526],[-118.27006,34.19146],[-118.26973,34.1977]]]}},{"type":"Feature","properties":{"kind":"class","cat":"D","name":"Centennial Airport","ident":"KAPA","floor":"SFC","ceiling":"2500ft"},"geometry":{"type":"Polygon","coordinates":[[[-104.75603,39.5701],[-104.75638,39.57635],[-104.75744,39.58254],[-104.7592,39.58865],[-104.76163,39.59461],[-104.76474,39.60039],[-104.76848,39.60593],[-104.77284,39.61121],[-104.77778,39.61617],[-104.78326,39.62077],[-104.78924,39.625],[-104.79567,39.6288],[-104.80251,39.63216],[-104.80971,39.63505],[-104.8172,39.63744],[-104.82494,39.63932],[-104.83285,39.64068],[-104.8409,39.64149],[-104.849,39.64177],[-104.8571,39.64149],[-104.86514,39.64068],[-104.87306,39.63932],[-104.8808,39.63744],[-104.88829,39.63505],[-104.89548,39.63216],[-104.90233,39.6288],[-104.90876,39.625],[-104.91474,39.62077],[-104.92022,39.61617],[-104.92516,39.61121],[-104.92951,39.60593],[-104.93326,39.60039],[-104.93636,39.59461],[-104.9388,39.58865],[-104.94056,39.58254],[-104.94162,39.57635],[-104.94197,39.5701],[-104.94162,39.56385],[-104.94056,39.55765],[-104.9388,39.55155],[-104.93636,39.54559],[-104.93326,39.53981],[-104.92951,39.53427],[-104.92516,39.52899],[-104.92022,39.52403],[-104.91474,39.51942],[-104.90876,39.5152],[-104.90233,39.51139],[-104.89548,39.50803],[-104.88829,39.50515],[-104.8808,39.50275],[-104.87306,39.50087],[-104.86514,39.49952],[-104.8571,39.4987],[-104.849,39.49843],[-104.8409,39.4987],[-104.83285,39.49952],[-104.82494,39.50087],[-104.8172,39.50275],[-104.80971,39.50515],[-104.80251,39.50803],[-104.79567,39.51139],[-104.78924,39.5152],[-104.78326,39.51942],[-104.77778,39.52403],[-104.77284,39.52899],[-104.76848,39.53427],[-104.76474,39.53981],[-104.76163,39.54559],[-104.7592,39.55155],[-104.75744,39.55765],[-104.75638,39.56385],[-104.75603,39.5701]]]}},{"type":"Feature","properties":{"kind":"class","cat":"D","name":"Portland Hillsboro Airport","ident":"KHIO","floor":"SFC","ceiling":"2500ft"},"geometry":{"type":"Polygon","coordinates":[[[-122.84768,45.5404],[-122.84806,45.54665],[-122.84923,45.55285],[-122.85116,45.55895],[-122.85385,45.56491],[-122.85726,45.57069],[-122.86138,45.57623],[-122.86618,45.58151],[-122.87161,45.58647],[-122.87764,45.59108],[-122.88423,45.5953],[-122.89131,45.59911],[-122.89884,45.60247],[-122.90675,45.60535],[-122.915,45.60775],[-122.92351,45.60963],[-122.93223,45.61098],[-122.94108,45.61179],[-122.95,45.61207],[-122.95891,45.61179],[-122.96776,45.61098],[-122.97648,45.60963],[-122.98499,45.60775],[-122.99324,45.60535],[-123.00116,45.60247],[-123.00869,45.59911],[-123.01577,45.5953],[-123.02235,45.59108],[-123.02838,45.58647],[-123.03381,45.58151],[-123.03861,45.57623],[-123.04273,45.57069],[-123.04615,45.56491],[-123.04883,45.55895],[-123.05076,45.55285],[-123.05193,45.54665],[-123.05232,45.5404],[-123.05193,45.53415],[-123.05076,45.52796],[-123.04883,45.52185],[-123.04615,45.51589],[-123.04273,45.51011],[-123.03861,45.50457],[-123.03381,45.49929],[-123.02838,45.49433],[-123.02235,45.48973],[-123.01577,45.4855],[-123.00869,45.4817],[-123.00116,45.47834],[-122.99324,45.47545],[-122.98499,45.47306],[-122.97648,45.47118],[-122.96776,45.46982],[-122.95891,45.46901],[-122.95,45.46873],[-122.94108,45.46901],[-122.93223,45.46982],[-122.92351,45.47118],[-122.915,45.47306],[-122.90675,45.47545],[-122.89884,45.47834],[-122.89131,45.4817],[-122.88423,45.4855],[-122.87764,45.48973],[-122.87161,45.49433],[-122.86618,45.49929],[-122.86138,45.50457],[-122.85726,45.51011],[-122.85385,45.51589],[-122.85116,45.52185],[-122.84923,45.52796],[-122.84806,45.53415],[-122.84768,45.5404]]]}},{"type":"Feature","properties":{"kind":"class","cat":"D","name":"Palo Alto Airport","ident":"KPAO","floor":"SFC","ceiling":"2500ft"},"geometry":{"type":"Polygon","coordinates":[[[-122.02471,37.4611],[-122.02505,37.46735],[-122.02608,37.47355],[-122.02779,37.47965],[-122.03016,37.48561],[-122.03317,37.49139],[-122.03681,37.49694],[-122.04104,37.50221],[-122.04583,37.50717],[-122.05116,37.51178],[-122.05696,37.516],[-122.06321,37.51981],[-122.06985,37.52317],[-122.07684,37.52605],[-122.08412,37.52845],[-122.09163,37.53033],[-122.09932,37.53168],[-122.10713,37.5325],[-122.115,37.53277],[-122.12287,37.5325],[-122.13068,37.53168],[-122.13837,37.53033],[-122.14588,37.52845],[-122.15315,37.52605],[-122.16014,37.52317],[-122.16678,37.51981],[-122.17303,37.516],[-122.17884,37.51178],[-122.18416,37.50717],[-122.18896,37.50221],[-122.19319,37.49694],[-122.19683,37.49139],[-122.19984,37.48561],[-122.20221,37.47965],[-122.20391,37.47355],[-122.20494,37.46735],[-122.20528,37.4611],[-122.20494,37.45486],[-122.20391,37.44866],[-122.20221,37.44255],[-122.19984,37.43659],[-122.19683,37.43081],[-122.19319,37.42527],[-122.18896,37.42],[-122.18416,37.41504],[-122.17884,37.41043],[-122.17303,37.4062],[-122.16678,37.4024],[-122.16014,37.39904],[-122.15315,37.39615],[-122.14588,37.39376],[-122.13837,37.39188],[-122.13068,37.39052],[-122.12287,37.38971],[-122.115,37.38944],[-122.10713,37.38971],[-122.09932,37.39052],[-122.09163,37.39188],[-122.08412,37.39376],[-122.07684,37.39615],[-122.06985,37.39904],[-122.06321,37.4024],[-122.05696,37.4062],[-122.05116,37.41043],[-122.04583,37.41504],[-122.04104,37.42],[-122.03681,37.42527],[-122.03317,37.43081],[-122.03016,37.43659],[-122.02779,37.44255],[-122.02608,37.44866],[-122.02505,37.45486],[-122.02471,37.4611]]]}},{"type":"Feature","properties":{"kind":"class","cat":"B","name":"London Heathrow Airport","ident":"EGLL","floor":"SFC","ceiling":"FL100"},"geometry":{"type":"Polygon","coordinates":[[[0.34074,51.4706],[0.33768,51.51418],[0.32854,51.55742],[0.31338,51.60001],[0.29233,51.64161],[0.26553,51.68191],[0.2332,51.7206],[0.19557,51.75739],[0.15294,51.79199],[0.10564,51.82415],[0.05401,51.85362],[-0.00154,51.88018],[-0.0606,51.90361],[-0.12272,51.92375],[-0.18741,51.94045],[-0.25419,51.95356],[-0.32256,51.963],[-0.39198,51.9687],[-0.46194,51.9706],[-0.5319,51.9687],[-0.60132,51.963],[-0.66969,51.95356],[-0.73647,51.94045],[-0.80117,51.92375],[-0.86328,51.90361],[-0.92234,51.88018],[-0.97789,51.85362],[-1.02952,51.82415],[-1.07683,51.79199],[-1.11945,51.75739],[-1.15708,51.7206],[-1.18941,51.68191],[-1.21621,51.64161],[-1.23727,51.60001],[-1.25242,51.55742],[-1.26156,51.51418],[-1.26462,51.4706],[-1.26156,51.42702],[-1.25242,51.38378],[-1.23727,51.34119],[-1.21621,51.29959],[-1.18941,51.25929],[-1.15708,51.2206],[-1.11945,51.18381],[-1.07683,51.14921],[-1.02952,51.11705],[-0.97789,51.08758],[-0.92234,51.06102],[-0.86328,51.03759],[-0.80117,51.01745],[-0.73647,51.00075],[-0.66969,50.98764],[-0.60132,50.9782],[-0.5319,50.9725],[-0.46194,50.9706],[-0.39198,50.9725],[-0.32256,50.9782],[-0.25419,50.98764],[-0.18741,51.00075],[-0.12272,51.01745],[-0.0606,51.03759],[-0.00154,51.06102],[0.05401,51.08758],[0.10564,51.11705],[0.15294,51.14921],[0.19557,51.18381],[0.2332,51.2206],[0.26553,51.25929],[0.29233,51.29959],[0.31338,51.34119],[0.32854,51.38378],[0.33768,51.42702],[0.34074,51.4706]]]}},{"type":"Feature","properties":{"kind":"class","cat":"B","name":"London Gatwick Airport","ident":"EGKK","floor":"SFC","ceiling":"FL100"},"geometry":{"type":"Polygon","coordinates":[[[0.60498,51.14877],[0.60194,51.19235],[0.59287,51.2356],[0.57782,51.27818],[0.55691,51.31978],[0.5303,51.36008],[0.49819,51.39877],[0.46083,51.43556],[0.4185,51.47016],[0.37152,51.50232],[0.32026,51.53179],[0.26509,51.55835],[0.20644,51.58178],[0.14477,51.60192],[0.08052,51.61862],[0.01421,51.63173],[-0.05368,51.64117],[-0.12262,51.64687],[-0.19209,51.64877],[-0.26156,51.64687],[-0.3305,51.64117],[-0.39838,51.63173],[-0.4647,51.61862],[-0.52894,51.60192],[-0.59062,51.58178],[-0.64927,51.55835],[-0.70443,51.53179],[-0.7557,51.50232],[-0.80268,51.47016],[-0.84501,51.43556],[-0.88237,51.39877],[-0.91448,51.36008],[-0.94109,51.31978],[-0.962,51.27818],[-0.97705,51.2356],[-0.98612,51.19235],[-0.98916,51.14877],[-0.98612,51.10519],[-0.97705,51.06195],[-0.962,51.01936],[-0.94109,50.97776],[-0.91448,50.93746],[-0.88237,50.89877],[-0.84501,50.86198],[-0.80268,50.82738],[-0.7557,50.79522],[-0.70443,50.76575],[-0.64927,50.73919],[-0.59062,50.71576],[-0.52894,50.69562],[-0.4647,50.67892],[-0.39838,50.66581],[-0.3305,50.65637],[-0.26156,50.65067],[-0.19209,50.64877],[-0.12262,50.65067],[-0.05368,50.65637],[0.01421,50.66581],[0.08052,50.67892],[0.14477,50.69562],[0.20644,50.71576],[0.26509,50.73919],[0.32026,50.76575],[0.37152,50.79522],[0.4185,50.82738],[0.46083,50.86198],[0.49819,50.89877],[0.5303,50.93746],[0.55691,50.97776],[0.57782,51.01936],[0.59287,51.06195],[0.60194,51.10519],[0.60498,51.14877]]]}},{"type":"Feature","properties":{"kind":"class","cat":"B","name":"Manchester Airport","ident":"EGCC","floor":"SFC","ceiling":"FL100"},"geometry":{"type":"Polygon","coordinates":[[[-1.44191,53.34938],[-1.44509,53.39295],[-1.45463,53.4362],[-1.47045,53.47878],[-1.49242,53.52039],[-1.52039,53.56068],[-1.55413,53.59938],[-1.59339,53.63616],[-1.63787,53.67077],[-1.68724,53.70293],[-1.74111,53.7324],[-1.79909,53.75895],[-1.86071,53.78239],[-1.92553,53.80253],[-1.99304,53.81922],[-2.06273,53.83234],[-2.13407,53.84178],[-2.20652,53.84747],[-2.27952,53.84938],[-2.35252,53.84747],[-2.42497,53.84178],[-2.49631,53.83234],[-2.566,53.81922],[-2.63351,53.80253],[-2.69833,53.78239],[-2.75996,53.75895],[-2.81793,53.7324],[-2.8718,53.70293],[-2.92117,53.67077],[-2.96565,53.63616],[-3.00492,53.59938],[-3.03866,53.56068],[-3.06662,53.52039],[-3.08859,53.47878],[-3.10441,53.4362],[-3.11395,53.39295],[-3.11713,53.34938],[-3.11395,53.3058],[-3.10441,53.26255],[-3.08859,53.21997],[-3.06662,53.17836],[-3.03866,53.13807],[-3.00492,53.09938],[-2.96565,53.06259],[-2.92117,53.02798],[-2.8718,52.99582],[-2.81793,52.96635],[-2.75996,52.9398],[-2.69833,52.91636],[-2.63351,52.89622],[-2.566,52.87953],[-2.49631,52.86641],[-2.42497,52.85697],[-2.35252,52.85128],[-2.27952,52.84938],[-2.20652,52.85128],[-2.13407,52.85697],[-2.06273,52.86641],[-1.99304,52.87953],[-1.92553,52.89622],[-1.86071,52.91636],[-1.79909,52.9398],[-1.74111,52.96635],[-1.68724,52.99582],[-1.63787,53.02798],[-1.59339,53.06259],[-1.55413,53.09938],[-1.52039,53.13807],[-1.49242,53.17836],[-1.47045,53.21997],[-1.45463,53.26255],[-1.44509,53.3058],[-1.44191,53.34938]]]}},{"type":"Feature","properties":{"kind":"class","cat":"B","name":"Charles de Gaulle International Airport","ident":"LFPG","floor":"SFC","ceiling":"FL100"},"geometry":{"type":"Polygon","coordinates":[[[3.31232,49.0128],[3.30942,49.05638],[3.30074,49.09962],[3.28635,49.14221],[3.26635,49.18381],[3.2409,49.22411],[3.21019,49.2628],[3.17446,49.29959],[3.13397,49.33419],[3.08904,49.36635],[3.04001,49.39582],[2.98725,49.42237],[2.93116,49.44581],[2.87217,49.46595],[2.81073,49.48264],[2.7473,49.49576],[2.68238,49.5052],[2.61644,49.5109],[2.55,49.5128],[2.48356,49.5109],[2.41762,49.5052],[2.3527,49.49576],[2.28927,49.48264],[2.22783,49.46595],[2.16884,49.44581],[2.11275,49.42237],[2.05999,49.39582],[2.01096,49.36635],[1.96603,49.33419],[1.92554,49.29959],[1.88981,49.2628],[1.8591,49.22411],[1.83365,49.18381],[1.81365,49.14221],[1.79926,49.09962],[1.79058,49.05638],[1.78768,49.0128],[1.79058,48.96922],[1.79926,48.92597],[1.81365,48.88339],[1.83365,48.84179],[1.8591,48.80149],[1.88981,48.7628],[1.92554,48.72601],[1.96603,48.6914],[2.01096,48.65924],[2.05999,48.62978],[2.11275,48.60322],[2.16884,48.57979],[2.22783,48.55964],[2.28927,48.54295],[2.3527,48.52984],[2.41762,48.52039],[2.48356,48.5147],[2.55,48.5128],[2.61644,48.5147],[2.68238,48.52039],[2.7473,48.52984],[2.81073,48.54295],[2.87217,48.55964],[2.93116,48.57979],[2.98725,48.60322],[3.04001,48.62978],[3.08904,48.65924],[3.13397,48.6914],[3.17446,48.72601],[3.21019,48.7628],[3.2409,48.80149],[3.26635,48.84179],[3.28635,48.88339],[3.30074,48.92597],[3.30942,48.96922],[3.31232,49.0128]]]}},{"type":"Feature","properties":{"kind":"class","cat":"B","name":"Amsterdam Airport Schiphol","ident":"EHAM","floor":"SFC","ceiling":"FL100"},"geometry":{"type":"Polygon","coordinates":[[[5.58167,52.3086],[5.57856,52.35218],[5.56925,52.39543],[5.55381,52.43801],[5.53236,52.47961],[5.50505,52.51991],[5.47211,52.5586],[5.43378,52.59539],[5.39035,52.62999],[5.34215,52.66215],[5.28955,52.69162],[5.23295,52.71818],[5.17278,52.74161],[5.1095,52.76175],[5.04359,52.77845],[4.97555,52.79156],[4.9059,52.801],[4.83516,52.8067],[4.76389,52.8086],[4.69262,52.8067],[4.62188,52.801],[4.55223,52.79156],[4.48419,52.77845],[4.41828,52.76175],[4.355,52.74161],[4.29483,52.71818],[4.23823,52.69162],[4.18563,52.66215],[4.13743,52.62999],[4.094,52.59539],[4.05567,52.5586],[4.02273,52.51991],[3.99542,52.47961],[3.97397,52.43801],[3.95853,52.39543],[3.94922,52.35218],[3.94611,52.3086],[3.94922,52.26502],[3.95853,52.22178],[3.97397,52.17919],[3.99542,52.13759],[4.02273,52.09729],[4.05567,52.0586],[4.094,52.02181],[4.13743,51.98721],[4.18563,51.95505],[4.23823,51.92558],[4.29483,51.89902],[4.355,51.87559],[4.41828,51.85545],[4.48419,51.83875],[4.55223,51.82564],[4.62188,51.8162],[4.69262,51.8105],[4.76389,51.8086],[4.83516,51.8105],[4.9059,51.8162],[4.97555,51.82564],[5.04359,51.83875],[5.1095,51.85545],[5.17278,51.87559],[5.23295,51.89902],[5.28955,51.92558],[5.34215,51.95505],[5.39035,51.98721],[5.43378,52.02181],[5.47211,52.0586],[5.50505,52.09729],[5.53236,52.13759],[5.55381,52.17919],[5.56925,52.22178],[5.57856,52.26502],[5.58167,52.3086]]]}},{"type":"Feature","properties":{"kind":"class","cat":"B","name":"Frankfurt Airport","ident":"EDDF","floor":"SFC","ceiling":"FL100"},"geometry":{"type":"Polygon","coordinates":[[[9.33945,50.03024],[9.33649,50.07382],[9.32762,50.11707],[9.31293,50.15965],[9.29251,50.20125],[9.26652,50.24155],[9.23517,50.28024],[9.19868,50.31703],[9.15735,50.35163],[9.11147,50.38379],[9.06141,50.41326],[9.00754,50.43982],[8.95027,50.46325],[8.89004,50.48339],[8.82731,50.50009],[8.76255,50.5132],[8.69626,50.52264],[8.62893,50.52834],[8.5611,50.53024],[8.49326,50.52834],[8.42594,50.52264],[8.35964,50.5132],[8.29488,50.50009],[8.23215,50.48339],[8.17192,50.46325],[8.11465,50.43982],[8.06078,50.41326],[8.01072,50.38379],[7.96484,50.35163],[7.92351,50.31703],[7.88702,50.28024],[7.85567,50.24155],[7.82968,50.20125],[7.80927,50.15965],[7.79457,50.11707],[7.78571,50.07382],[7.78274,50.03024],[7.78571,49.98666],[7.79457,49.94342],[7.80927,49.90083],[7.82968,49.85923],[7.85567,49.81893],[7.88702,49.78024],[7.92351,49.74345],[7.96484,49.70885],[8.01072,49.67669],[8.06078,49.64722],[8.11465,49.62066],[8.17192,49.59723],[8.23215,49.57709],[8.29488,49.56039],[8.35964,49.54728],[8.42594,49.53784],[8.49326,49.53214],[8.5611,49.53024],[8.62893,49.53214],[8.69626,49.53784],[8.76255,49.54728],[8.82731,49.56039],[8.89004,49.57709],[8.95027,49.59723],[9.00754,49.62066],[9.06141,49.64722],[9.11147,49.67669],[9.15735,49.70885],[9.19868,49.74345],[9.23517,49.78024],[9.26652,49.81893],[9.29251,49.85923],[9.31293,49.90083],[9.32762,49.94342],[9.33649,49.98666],[9.33945,50.03024]]]}},{"type":"Feature","properties":{"kind":"class","cat":"B","name":"Munich Airport","ident":"EDDM","floor":"SFC","ceiling":"FL100"},"geometry":{"type":"Polygon","coordinates":[[[12.53851,48.3538],[12.53565,48.39738],[12.52708,48.44063],[12.51287,48.48321],[12.49314,48.52481],[12.46802,48.56511],[12.43771,48.6038],[12.40244,48.64059],[12.36248,48.6752],[12.31814,48.70736],[12.26974,48.73682],[12.21767,48.76338],[12.16231,48.78681],[12.10408,48.80696],[12.04344,48.82365],[11.98084,48.83676],[11.91676,48.84621],[11.85168,48.8519],[11.7861,48.8538],[11.72052,48.8519],[11.65544,48.84621],[11.59136,48.83676],[11.52876,48.82365],[11.46812,48.80696],[11.40989,48.78681],[11.35453,48.76338],[11.30246,48.73682],[11.25406,48.70736],[11.20972,48.6752],[11.16976,48.64059],[11.13449,48.6038],[11.10418,48.56511],[11.07906,48.52481],[11.05933,48.48321],[11.04512,48.44063],[11.03655,48.39738],[11.03369,48.3538],[11.03655,48.31022],[11.04512,48.26698],[11.05933,48.22439],[11.07906,48.18279],[11.10418,48.14249],[11.13449,48.1038],[11.16976,48.06701],[11.20972,48.03241],[11.25406,48.00025],[11.30246,47.97078],[11.35453,47.94423],[11.40989,47.92079],[11.46812,47.90065],[11.52876,47.88396],[11.59136,47.87084],[11.65544,47.8614],[11.72052,47.8557],[11.7861,47.8538],[11.85168,47.8557],[11.91676,47.8614],[11.98084,47.87084],[12.04344,47.88396],[12.10408,47.90065],[12.16231,47.92079],[12.21767,47.94423],[12.26974,47.97078],[12.31814,48.00025],[12.36248,48.03241],[12.40244,48.06701],[12.43771,48.1038],[12.46802,48.14249],[12.49314,48.18279],[12.51287,48.22439],[12.52708,48.26698],[12.53565,48.31022],[12.53851,48.3538]]]}},{"type":"Feature","properties":{"kind":"class","cat":"B","name":"Adolfo Suárez Madrid–Barajas Airport","ident":"LEMD","floor":"SFC","ceiling":"FL100"},"geometry":{"type":"Polygon","coordinates":[[[-2.90537,40.47193],[-2.90787,40.5155],[-2.91536,40.55875],[-2.92777,40.60134],[-2.94501,40.64294],[-2.96695,40.68324],[-2.99343,40.72193],[-3.02424,40.75871],[-3.05914,40.79332],[-3.09788,40.82548],[-3.14016,40.85495],[-3.18565,40.8815],[-3.23401,40.90494],[-3.28487,40.92508],[-3.33784,40.94177],[-3.39253,40.95489],[-3.44851,40.96433],[-3.50536,40.97002],[-3.56264,40.97193],[-3.61992,40.97002],[-3.67677,40.96433],[-3.73275,40.95489],[-3.78744,40.94177],[-3.84041,40.92508],[-3.89127,40.90494],[-3.93963,40.8815],[-3.98512,40.85495],[-4.0274,40.82548],[-4.06614,40.79332],[-4.10104,40.75871],[-4.13185,40.72193],[-4.15833,40.68324],[-4.18027,40.64294],[-4.19751,40.60134],[-4.20992,40.55875],[-4.21741,40.5155],[-4.21991,40.47193],[-4.21741,40.42835],[-4.20992,40.3851],[-4.19751,40.34252],[-4.18027,40.30092],[-4.15833,40.26062],[-4.13185,40.22193],[-4.10104,40.18514],[-4.06614,40.15053],[-4.0274,40.11837],[-3.98512,40.0889],[-3.93963,40.06235],[-3.89127,40.03891],[-3.84041,40.01877],[-3.78744,40.00208],[-3.73275,39.98896],[-3.67677,39.97952],[-3.61992,39.97383],[-3.56264,39.97193],[-3.50536,39.97383],[-3.44851,39.97952],[-3.39253,39.98896],[-3.33784,40.00208],[-3.28487,40.01877],[-3.23401,40.03891],[-3.18565,40.06235],[-3.14016,40.0889],[-3.09788,40.11837],[-3.05914,40.15053],[-3.02424,40.18514],[-2.99343,40.22193],[-2.96695,40.26062],[-2.94501,40.30092],[-2.92777,40.34252],[-2.91536,40.3851],[-2.90787,40.42835],[-2.90537,40.47193]]]}},{"type":"Feature","properties":{"kind":"class","cat":"B","name":"Josep Tarradellas Barcelona-El Prat Airport","ident":"LEBL","floor":"SFC","ceiling":"FL100"},"geometry":{"type":"Polygon","coordinates":[[[2.74398,41.2971],[2.74144,41.34068],[2.73386,41.38392],[2.7213,41.42651],[2.70384,41.46811],[2.68162,41.50841],[2.65481,41.5471],[2.62362,41.58389],[2.58827,41.61849],[2.54905,41.65065],[2.50624,41.68012],[2.46018,41.70668],[2.41122,41.73011],[2.35972,41.75025],[2.30608,41.76695],[2.25071,41.78006],[2.19403,41.7895],[2.13646,41.7952],[2.07846,41.7971],[2.02046,41.7952],[1.96289,41.7895],[1.90621,41.78006],[1.85084,41.76695],[1.7972,41.75025],[1.7457,41.73011],[1.69674,41.70668],[1.65068,41.68012],[1.60787,41.65065],[1.56865,41.61849],[1.5333,41.58389],[1.50211,41.5471],[1.4753,41.50841],[1.45308,41.46811],[1.43562,41.42651],[1.42306,41.38392],[1.41548,41.34068],[1.41294,41.2971],[1.41548,41.25352],[1.42306,41.21028],[1.43562,41.16769],[1.45308,41.12609],[1.4753,41.08579],[1.50211,41.0471],[1.5333,41.01031],[1.56865,40.97571],[1.60787,40.94355],[1.65068,40.91408],[1.69674,40.88752],[1.7457,40.86409],[1.7972,40.84395],[1.85084,40.82725],[1.90621,40.81414],[1.96289,40.8047],[2.02046,40.799],[2.07846,40.7971],[2.13646,40.799],[2.19403,40.8047],[2.25071,40.81414],[2.30608,40.82725],[2.35972,40.84395],[2.41122,40.86409],[2.46018,40.88752],[2.50624,40.91408],[2.54905,40.94355],[2.58827,40.97571],[2.62362,41.01031],[2.65481,41.0471],[2.68162,41.08579],[2.70384,41.12609],[2.7213,41.16769],[2.73386,41.21028],[2.74144,41.25352],[2.74398,41.2971]]]}},{"type":"Feature","properties":{"kind":"class","cat":"B","name":"Rome–Fiumicino Leonardo da Vinci International Airport","ident":"LIRF","floor":"SFC","ceiling":"FL100"},"geometry":{"type":"Polygon","coordinates":[[[12.92276,41.80453],[12.92021,41.84811],[12.91257,41.89136],[12.8999,41.93394],[12.88231,41.97554],[12.85991,42.01584],[12.83289,42.05453],[12.80145,42.09132],[12.76583,42.12593],[12.7263,42.15809],[12.68315,42.18755],[12.63673,42.21411],[12.58738,42.23754],[12.53547,42.25769],[12.48141,42.27438],[12.4256,42.28749],[12.36847,42.29694],[12.31046,42.30263],[12.252,42.30453],[12.19354,42.30263],[12.13552,42.29694],[12.07839,42.28749],[12.02258,42.27438],[11.96852,42.25769],[11.91662,42.23754],[11.86727,42.21411],[11.82084,42.18755],[11.7777,42.15809],[11.73817,42.12593],[11.70254,42.09132],[11.6711,42.05453],[11.64408,42.01584],[11.62169,41.97554],[11.60409,41.93394],[11.59143,41.89136],[11.58379,41.84811],[11.58124,41.80453],[11.58379,41.76095],[11.59143,41.71771],[11.60409,41.67512],[11.62169,41.63352],[11.64408,41.59322],[11.6711,41.55453],[11.70254,41.51774],[11.73817,41.48314],[11.7777,41.45098],[11.82084,41.42151],[11.86727,41.39496],[11.91662,41.37152],[11.96852,41.35138],[12.02258,41.33469],[12.07839,41.32157],[12.13552,41.31213],[12.19354,41.30643],[12.252,41.30453],[12.31046,41.30643],[12.36847,41.31213],[12.4256,41.32157],[12.48141,41.33469],[12.53547,41.35138],[12.58738,41.37152],[12.63673,41.39496],[12.68315,41.42151],[12.7263,41.45098],[12.76583,41.48314],[12.80145,41.51774],[12.83289,41.55453],[12.85991,41.59322],[12.88231,41.63352],[12.8999,41.67512],[12.91257,41.71771],[12.92021,41.76095],[12.92276,41.80453]]]}},{"type":"Feature","properties":{"kind":"class","cat":"B","name":"Zürich Airport","ident":"LSZH","floor":"SFC","ceiling":"FL100"},"geometry":{"type":"Polygon","coordinates":[[[9.28756,47.45806],[9.28474,47.50163],[9.27632,47.54488],[9.26236,47.58747],[9.24296,47.62907],[9.21827,47.66937],[9.18848,47.70806],[9.15382,47.74484],[9.11455,47.77945],[9.07096,47.81161],[9.0234,47.84108],[8.97222,47.86763],[8.91781,47.89107],[8.86058,47.91121],[8.80098,47.9279],[8.73945,47.94102],[8.67647,47.95046],[8.61251,47.95615],[8.54806,47.95806],[8.4836,47.95615],[8.41964,47.95046],[8.35666,47.94102],[8.29513,47.9279],[8.23553,47.91121],[8.1783,47.89107],[8.12389,47.86763],[8.07271,47.84108],[8.02515,47.81161],[7.98156,47.77945],[7.94229,47.74484],[7.90763,47.70806],[7.87784,47.66937],[7.85315,47.62907],[7.83375,47.58747],[7.81979,47.54488],[7.81137,47.50163],[7.80855,47.45806],[7.81137,47.41448],[7.81979,47.37123],[7.83375,47.32865],[7.85315,47.28705],[7.87784,47.24675],[7.90763,47.20806],[7.94229,47.17127],[7.98156,47.13666],[8.02515,47.1045],[8.07271,47.07503],[8.12389,47.04848],[8.1783,47.02504],[8.23553,47.0049],[8.29513,46.98821],[8.35666,46.97509],[8.41964,46.96565],[8.4836,46.95996],[8.54806,46.95806],[8.61251,46.95996],[8.67647,46.96565],[8.73945,46.97509],[8.80098,46.98821],[8.86058,47.0049],[8.91781,47.02504],[8.97222,47.04848],[9.0234,47.07503],[9.07096,47.1045],[9.11455,47.13666],[9.15382,47.17127],[9.18848,47.20806],[9.21827,47.24675],[9.24296,47.28705],[9.26236,47.32865],[9.27632,47.37123],[9.28474,47.41448],[9.28756,47.45806]]]}},{"type":"Feature","properties":{"kind":"class","cat":"B","name":"Vienna International Airport","ident":"LOWW","floor":"SFC","ceiling":"FL100"},"geometry":{"type":"Polygon","coordinates":[[[17.31854,48.1103],[17.31569,48.15388],[17.30716,48.19712],[17.29302,48.23971],[17.27338,48.28131],[17.24838,48.32161],[17.21822,48.3603],[17.18311,48.39709],[17.14335,48.43169],[17.09921,48.46385],[17.05105,48.49332],[16.99922,48.51987],[16.94412,48.54331],[16.88617,48.56345],[16.82582,48.58014],[16.76351,48.59326],[16.69973,48.6027],[16.63497,48.6084],[16.5697,48.6103],[16.50443,48.6084],[16.43967,48.6027],[16.37589,48.59326],[16.31358,48.58014],[16.25323,48.56345],[16.19528,48.54331],[16.14018,48.51987],[16.08835,48.49332],[16.04019,48.46385],[15.99605,48.43169],[15.95629,48.39709],[15.92118,48.3603],[15.89102,48.32161],[15.86602,48.28131],[15.84638,48.23971],[15.83224,48.19712],[15.82371,48.15388],[15.82086,48.1103],[15.82371,48.06672],[15.83224,48.02347],[15.84638,47.98089],[15.86602,47.93929],[15.89102,47.89899],[15.92118,47.8603],[15.95629,47.82351],[15.99605,47.7889],[16.04019,47.75674],[16.08835,47.72728],[16.14018,47.70072],[16.19528,47.67729],[16.25323,47.65714],[16.31358,47.64045],[16.37589,47.62734],[16.43967,47.61789],[16.50443,47.6122],[16.5697,47.6103],[16.63497,47.6122],[16.69973,47.61789],[16.76351,47.62734],[16.82582,47.64045],[16.88617,47.65714],[16.94412,47.67729],[16.99922,47.70072],[17.05105,47.72728],[17.09921,47.75674],[17.14335,47.7889],[17.18311,47.82351],[17.21822,47.8603],[17.24838,47.89899],[17.27338,47.93929],[17.29302,47.98089],[17.30716,48.02347],[17.31569,48.06672],[17.31854,48.1103]]]}},{"type":"Feature","properties":{"kind":"class","cat":"B","name":"Copenhagen Kastrup Airport","ident":"EKCH","floor":"SFC","ceiling":"FL100"},"geometry":{"type":"Polygon","coordinates":[[[13.54141,55.6179],[13.53804,55.66148],[13.52796,55.70472],[13.51124,55.74731],[13.48801,55.78891],[13.45846,55.82921],[13.42279,55.8679],[13.38129,55.90469],[13.33426,55.93929],[13.28208,55.97145],[13.22513,56.00092],[13.16385,56.02748],[13.09871,56.05091],[13.03019,56.07105],[12.95883,56.08775],[12.88516,56.10086],[12.80975,56.1103],[12.73317,56.116],[12.656,56.1179],[12.57883,56.116],[12.50225,56.1103],[12.42684,56.10086],[12.35317,56.08775],[12.28181,56.07105],[12.21329,56.05091],[12.14815,56.02748],[12.08687,56.00092],[12.02992,55.97145],[11.97774,55.93929],[11.93071,55.90469],[11.88921,55.8679],[11.85354,55.82921],[11.82399,55.78891],[11.80076,55.74731],[11.78404,55.70472],[11.77396,55.66148],[11.77059,55.6179],[11.77396,55.57432],[11.78404,55.53108],[11.80076,55.48849],[11.82399,55.44689],[11.85354,55.40659],[11.88921,55.3679],[11.93071,55.33111],[11.97774,55.29651],[12.02992,55.26435],[12.08687,55.23488],[12.14815,55.20832],[12.21329,55.18489],[12.28181,55.16475],[12.35317,55.14805],[12.42684,55.13494],[12.50225,55.1255],[12.57883,55.1198],[12.656,55.1179],[12.73317,55.1198],[12.80975,55.1255],[12.88516,55.13494],[12.95883,55.14805],[13.03019,55.16475],[13.09871,55.18489],[13.16385,55.20832],[13.22513,55.23488],[13.28208,55.26435],[13.33426,55.29651],[13.38129,55.33111],[13.42279,55.3679],[13.45846,55.40659],[13.48801,55.44689],[13.51124,55.48849],[13.52796,55.53108],[13.53804,55.57432],[13.54141,55.6179]]]}},{"type":"Feature","properties":{"kind":"class","cat":"B","name":"Oslo Airport, Gardermoen","ident":"ENGM","floor":"SFC","ceiling":"FL100"},"geometry":{"type":"Polygon","coordinates":[[[12.1063,60.1939],[12.10247,60.23748],[12.09102,60.28073],[12.07203,60.32331],[12.04564,60.36491],[12.01206,60.40521],[11.97154,60.4439],[11.92439,60.48069],[11.87097,60.51529],[11.81168,60.54745],[11.74698,60.57692],[11.67736,60.60348],[11.60335,60.62691],[11.52551,60.64705],[11.44444,60.66375],[11.36075,60.67686],[11.27507,60.6863],[11.18807,60.692],[11.1004,60.6939],[11.01273,60.692],[10.92573,60.6863],[10.84005,60.67686],[10.75636,60.66375],[10.67529,60.64705],[10.59745,60.62691],[10.52344,60.60348],[10.45382,60.57692],[10.38912,60.54745],[10.32983,60.51529],[10.27641,60.48069],[10.22926,60.4439],[10.18874,60.40521],[10.15516,60.36491],[10.12877,60.32331],[10.10978,60.28073],[10.09833,60.23748],[10.0945,60.1939],[10.09833,60.15032],[10.10978,60.10708],[10.12877,60.06449],[10.15516,60.02289],[10.18874,59.98259],[10.22926,59.9439],[10.27641,59.90711],[10.32983,59.87251],[10.38912,59.84035],[10.45382,59.81088],[10.52344,59.78432],[10.59745,59.76089],[10.67529,59.74075],[10.75636,59.72405],[10.84005,59.71094],[10.92573,59.7015],[11.01273,59.6958],[11.1004,59.6939],[11.18807,59.6958],[11.27507,59.7015],[11.36075,59.71094],[11.44444,59.72405],[11.52551,59.74075],[11.60335,59.76089],[11.67736,59.78432],[11.74698,59.81088],[11.81168,59.84035],[11.87097,59.87251],[11.92439,59.90711],[11.97154,59.9439],[12.01206,59.98259],[12.04564,60.02289],[12.07203,60.06449],[12.09102,60.10708],[12.10247,60.15032],[12.1063,60.1939]]]}},{"type":"Feature","properties":{"kind":"class","cat":"B","name":"Stockholm-Arlanda Airport","ident":"ESSA","floor":"SFC","ceiling":"FL100"},"geometry":{"type":"Polygon","coordinates":[[[18.91833,59.64849],[18.91457,59.69207],[18.9033,59.73531],[18.88462,59.7779],[18.85866,59.8195],[18.82562,59.8598],[18.78576,59.89849],[18.73938,59.93528],[18.68683,59.96988],[18.62851,60.00204],[18.56487,60.03151],[18.49639,60.05807],[18.42358,60.0815],[18.34701,60.10164],[18.26726,60.11834],[18.18493,60.13145],[18.10065,60.14089],[18.01507,60.14659],[17.92883,60.14849],[17.84259,60.14659],[17.757,60.14089],[17.67273,60.13145],[17.5904,60.11834],[17.51065,60.10164],[17.43408,60.0815],[17.36127,60.05807],[17.29279,60.03151],[17.22914,60.00204],[17.17082,59.96988],[17.11827,59.93528],[17.07189,59.89849],[17.03203,59.8598],[16.999,59.8195],[16.97304,59.7779],[16.95436,59.73531],[16.94309,59.69207],[16.93932,59.64849],[16.94309,59.60491],[16.95436,59.56167],[16.97304,59.51908],[16.999,59.47748],[17.03203,59.43718],[17.07189,59.39849],[17.11827,59.3617],[17.17082,59.3271],[17.22914,59.29494],[17.29279,59.26547],[17.36127,59.23891],[17.43408,59.21548],[17.51065,59.19534],[17.5904,59.17864],[17.67273,59.16553],[17.757,59.15609],[17.84259,59.15039],[17.92883,59.14849],[18.01507,59.15039],[18.10065,59.15609],[18.18493,59.16553],[18.26726,59.17864],[18.34701,59.19534],[18.42358,59.21548],[18.49639,59.23891],[18.56487,59.26547],[18.62851,59.29494],[18.68683,59.3271],[18.73938,59.3617],[18.78576,59.39849],[18.82562,59.43718],[18.85866,59.47748],[18.88462,59.51908],[18.9033,59.56167],[18.91457,59.60491],[18.91833,59.64849]]]}},{"type":"Feature","properties":{"kind":"class","cat":"B","name":"Dublin Airport","ident":"EIDW","floor":"SFC","ceiling":"FL100"},"geometry":{"type":"Polygon","coordinates":[[[-5.42294,53.42871],[-5.42614,53.47229],[-5.43569,53.51554],[-5.45154,53.55812],[-5.47355,53.59972],[-5.50157,53.64002],[-5.53537,53.67871],[-5.57471,53.7155],[-5.61927,53.75011],[-5.66873,53.78227],[-5.72271,53.81174],[-5.78079,53.83829],[-5.84253,53.86173],[-5.90747,53.88187],[-5.97511,53.89856],[-6.04493,53.91168],[-6.1164,53.92112],[-6.18898,53.92681],[-6.26212,53.92871],[-6.33526,53.92681],[-6.40784,53.92112],[-6.47932,53.91168],[-6.54914,53.89856],[-6.61677,53.88187],[-6.68171,53.86173],[-6.74345,53.83829],[-6.80153,53.81174],[-6.85551,53.78227],[-6.90497,53.75011],[-6.94953,53.7155],[-6.98887,53.67871],[-7.02267,53.64002],[-7.05069,53.59972],[-7.0727,53.55812],[-7.08855,53.51554],[-7.0981,53.47229],[-7.1013,53.42871],[-7.0981,53.38514],[-7.08855,53.34189],[-7.0727,53.2993],[-7.05069,53.2577],[-7.02267,53.2174],[-6.98887,53.17871],[-6.94953,53.14192],[-6.90497,53.10732],[-6.85551,53.07516],[-6.80153,53.04569],[-6.74345,53.01914],[-6.68171,52.9957],[-6.61677,52.97556],[-6.54914,52.95887],[-6.47932,52.94575],[-6.40784,52.93631],[-6.33526,52.93062],[-6.26212,52.92871],[-6.18898,52.93062],[-6.1164,52.93631],[-6.04493,52.94575],[-5.97511,52.95887],[-5.90747,52.97556],[-5.84253,52.9957],[-5.78079,53.01914],[-5.72271,53.04569],[-5.66873,53.07516],[-5.61927,53.10732],[-5.57471,53.14192],[-5.53537,53.17871],[-5.50157,53.2174],[-5.47355,53.2577],[-5.45154,53.2993],[-5.43569,53.34189],[-5.42614,53.38514],[-5.42294,53.42871]]]}},{"type":"Feature","properties":{"kind":"class","cat":"B","name":"Humberto Delgado Airport (Lisbon Portela Airport)","ident":"LPPT","floor":"SFC","ceiling":"FL100"},"geometry":{"type":"Polygon","coordinates":[[[-8.49452,38.7813],[-8.49696,38.82488],[-8.50426,38.86812],[-8.51637,38.91071],[-8.5332,38.95231],[-8.55461,38.99261],[-8.58045,39.0313],[-8.61051,39.06809],[-8.64458,39.10269],[-8.68238,39.13485],[-8.72363,39.16432],[-8.76803,39.19088],[-8.81522,39.21431],[-8.86485,39.23445],[-8.91655,39.25115],[-8.96991,39.26426],[-9.02454,39.2737],[-9.08002,39.2794],[-9.13592,39.2813],[-9.19182,39.2794],[-9.2473,39.2737],[-9.30193,39.26426],[-9.35529,39.25115],[-9.40699,39.23445],[-9.45662,39.21431],[-9.50381,39.19088],[-9.54821,39.16432],[-9.58946,39.13485],[-9.62726,39.10269],[-9.66133,39.06809],[-9.69139,39.0313],[-9.71723,38.99261],[-9.73864,38.95231],[-9.75547,38.91071],[-9.76758,38.86812],[-9.77488,38.82488],[-9.77732,38.7813],[-9.77488,38.73772],[-9.76758,38.69448],[-9.75547,38.65189],[-9.73864,38.61029],[-9.71723,38.56999],[-9.69139,38.5313],[-9.66133,38.49451],[-9.62726,38.45991],[-9.58946,38.42775],[-9.54821,38.39828],[-9.50381,38.37172],[-9.45662,38.34829],[-9.40699,38.32815],[-9.35529,38.31145],[-9.30193,38.29834],[-9.2473,38.2889],[-9.19182,38.2832],[-9.13592,38.2813],[-9.08002,38.2832],[-9.02454,38.2889],[-8.96991,38.29834],[-8.91655,38.31145],[-8.86485,38.32815],[-8.81522,38.34829],[-8.76803,38.37172],[-8.72363,38.39828],[-8.68238,38.42775],[-8.64458,38.45991],[-8.61051,38.49451],[-8.58045,38.5313],[-8.55461,38.56999],[-8.5332,38.61029],[-8.51637,38.65189],[-8.50426,38.69448],[-8.49696,38.73772],[-8.49452,38.7813]]]}},{"type":"Feature","properties":{"kind":"class","cat":"B","name":"İstanbul Airport","ident":"LTFM","floor":"SFC","ceiling":"FL100"},"geometry":{"type":"Polygon","coordinates":[[[29.4071,41.2613],[29.40457,41.30487],[29.397,41.34812],[29.38444,41.39071],[29.36699,41.43231],[29.34478,41.47261],[29.31799,41.5113],[29.28681,41.54809],[29.25149,41.58269],[29.21228,41.61485],[29.1695,41.64432],[29.12347,41.67087],[29.07453,41.69431],[29.02306,41.71445],[28.96945,41.73114],[28.9141,41.74426],[28.85745,41.7537],[28.79992,41.75939],[28.74195,41.7613],[28.68398,41.75939],[28.62645,41.7537],[28.5698,41.74426],[28.51446,41.73114],[28.46085,41.71445],[28.40938,41.69431],[28.36044,41.67087],[28.3144,41.64432],[28.27162,41.61485],[28.23242,41.58269],[28.19709,41.54809],[28.16591,41.5113],[28.13912,41.47261],[28.11691,41.43231],[28.09947,41.39071],[28.08691,41.34812],[28.07933,41.30487],[28.0768,41.2613],[28.07933,41.21772],[28.08691,41.17447],[28.09947,41.13189],[28.11691,41.09029],[28.13912,41.04999],[28.16591,41.0113],[28.19709,40.97451],[28.23242,40.9399],[28.27162,40.90774],[28.3144,40.87827],[28.36044,40.85172],[28.40938,40.82828],[28.46085,40.80814],[28.51446,40.79145],[28.5698,40.77833],[28.62645,40.76889],[28.68398,40.7632],[28.74195,40.7613],[28.79992,40.7632],[28.85745,40.76889],[28.9141,40.77833],[28.96945,40.79145],[29.02306,40.80814],[29.07453,40.82828],[29.12347,40.85172],[29.1695,40.87827],[29.21228,40.90774],[29.25149,40.9399],[29.28681,40.97451],[29.31799,41.0113],[29.34478,41.04999],[29.36699,41.09029],[29.38444,41.13189],[29.397,41.17447],[29.40457,41.21772],[29.4071,41.2613]]]}},{"type":"Feature","properties":{"kind":"class","cat":"B","name":"Sheremetyevo International Airport","ident":"UUEE","floor":"SFC","ceiling":"FL100"},"geometry":{"type":"Polygon","coordinates":[[[38.30811,55.9726],[38.30471,56.01618],[38.29454,56.05942],[38.27767,56.10201],[38.25423,56.14361],[38.2244,56.18391],[38.1884,56.2226],[38.14652,56.25939],[38.09907,56.29399],[38.04641,56.32615],[37.98894,56.35562],[37.9271,56.38218],[37.86136,56.40561],[37.79221,56.42575],[37.7202,56.44245],[37.64586,56.45556],[37.56976,56.465],[37.49247,56.4707],[37.4146,56.4726],[37.33673,56.4707],[37.25944,56.465],[37.18334,56.45556],[37.109,56.44245],[37.03699,56.42575],[36.96784,56.40561],[36.9021,56.38218],[36.84026,56.35562],[36.78279,56.32615],[36.73013,56.29399],[36.68268,56.25939],[36.6408,56.2226],[36.6048,56.18391],[36.57497,56.14361],[36.55153,56.10201],[36.53466,56.05942],[36.52449,56.01618],[36.52109,55.9726],[36.52449,55.92902],[36.53466,55.88577],[36.55153,55.84319],[36.57497,55.80159],[36.6048,55.76129],[36.6408,55.7226],[36.68268,55.68581],[36.73013,55.65121],[36.78279,55.61905],[36.84026,55.58958],[36.9021,55.56302],[36.96784,55.53959],[37.03699,55.51945],[37.109,55.50275],[37.18334,55.48964],[37.25944,55.4802],[37.33673,55.4745],[37.4146,55.4726],[37.49247,55.4745],[37.56976,55.4802],[37.64586,55.48964],[37.7202,55.50275],[37.79221,55.51945],[37.86136,55.53959],[37.9271,55.56302],[37.98894,55.58958],[38.04641,55.61905],[38.09907,55.65121],[38.14652,55.68581],[38.1884,55.7226],[38.2244,55.76129],[38.25423,55.80159],[38.27767,55.84319],[38.29454,55.88577],[38.30471,55.92902],[38.30811,55.9726]]]}},{"type":"Feature","properties":{"kind":"class","cat":"B","name":"Dubai International Airport","ident":"OMDB","floor":"SFC","ceiling":"FL100"},"geometry":{"type":"Polygon","coordinates":[[[55.91723,25.2528],[55.91513,25.29638],[55.90883,25.33962],[55.89839,25.38221],[55.88389,25.42381],[55.86543,25.46411],[55.84317,25.5028],[55.81725,25.53959],[55.78789,25.57419],[55.75531,25.60635],[55.71975,25.63582],[55.68149,25.66238],[55.64081,25.68581],[55.59804,25.70595],[55.55348,25.72265],[55.50748,25.73576],[55.4604,25.7452],[55.41258,25.7509],[55.3644,25.7528],[55.31622,25.7509],[55.2684,25.7452],[55.22132,25.73576],[55.17532,25.72265],[55.13076,25.70595],[55.08798,25.68581],[55.04731,25.66238],[55.00905,25.63582],[54.97349,25.60635],[54.94091,25.57419],[54.91155,25.53959],[54.88563,25.5028],[54.86336,25.46411],[54.84491,25.42381],[54.8304,25.38221],[54.81997,25.33962],[54.81367,25.29638],[54.81157,25.2528],[54.81367,25.20922],[54.81997,25.16598],[54.8304,25.12339],[54.84491,25.08179],[54.86336,25.04149],[54.88563,25.0028],[54.91155,24.96601],[54.94091,24.93141],[54.97349,24.89925],[55.00905,24.86978],[55.04731,24.84322],[55.08798,24.81979],[55.13076,24.79965],[55.17532,24.78295],[55.22132,24.76984],[55.2684,24.7604],[55.31622,24.7547],[55.3644,24.7528],[55.41258,24.7547],[55.4604,24.7604],[55.50748,24.76984],[55.55348,24.78295],[55.59804,24.79965],[55.64081,24.81979],[55.68149,24.84322],[55.71975,24.86978],[55.75531,24.89925],[55.78789,24.93141],[55.81725,24.96601],[55.84317,25.0028],[55.86543,25.04149],[55.88389,25.08179],[55.89839,25.12339],[55.90883,25.16598],[55.91513,25.20922],[55.91723,25.2528]]]}},{"type":"Feature","properties":{"kind":"class","cat":"B","name":"Hamad International Airport","ident":"OTHH","floor":"SFC","ceiling":"FL100"},"geometry":{"type":"Polygon","coordinates":[[[52.16098,25.27306],[52.15888,25.31663],[52.15258,25.35988],[52.14214,25.40247],[52.12763,25.44407],[52.10918,25.48437],[52.0869,25.52306],[52.06098,25.55984],[52.03162,25.59445],[51.99903,25.62661],[51.96347,25.65608],[51.9252,25.68263],[51.88452,25.70607],[51.84173,25.72621],[51.79717,25.7429],[51.75116,25.75602],[51.70407,25.76546],[51.65625,25.77115],[51.60806,25.77306],[51.55987,25.77115],[51.51204,25.76546],[51.46495,25.75602],[51.41894,25.7429],[51.37438,25.72621],[51.33159,25.70607],[51.29091,25.68263],[51.25264,25.65608],[51.21708,25.62661],[51.18449,25.59445],[51.15513,25.55984],[51.12921,25.52306],[51.10694,25.48437],[51.08848,25.44407],[51.07397,25.40247],[51.06353,25.35988],[51.05724,25.31663],[51.05513,25.27306],[51.05724,25.22948],[51.06353,25.18623],[51.07397,25.14365],[51.08848,25.10205],[51.10694,25.06175],[51.12921,25.02306],[51.15513,24.98627],[51.18449,24.95166],[51.21708,24.9195],[51.25264,24.89003],[51.29091,24.86348],[51.33159,24.84004],[51.37438,24.8199],[51.41894,24.80321],[51.46495,24.79009],[51.51204,24.78065],[51.55987,24.77496],[51.60806,24.77306],[51.65625,24.77496],[51.70407,24.78065],[51.75116,24.79009],[51.79717,24.80321],[51.84173,24.8199],[51.88452,24.84004],[51.9252,24.86348],[51.96347,24.89003],[51.99903,24.9195],[52.03162,24.95166],[52.06098,24.98627],[52.0869,25.02306],[52.10918,25.06175],[52.12763,25.10205],[52.14214,25.14365],[52.15258,25.18623],[52.15888,25.22948],[52.16098,25.27306]]]}},{"type":"Feature","properties":{"kind":"class","cat":"B","name":"King Khaled International Airport","ident":"OERK","floor":"SFC","ceiling":"FL100"},"geometry":{"type":"Polygon","coordinates":[[[47.2503,24.9576],[47.2482,25.00118],[47.24192,25.04442],[47.23151,25.08701],[47.21704,25.12861],[47.19863,25.16891],[47.17641,25.2076],[47.15056,25.24439],[47.12127,25.27899],[47.08877,25.31115],[47.0533,25.34062],[47.01513,25.36718],[46.97455,25.39061],[46.93187,25.41075],[46.88742,25.42745],[46.84154,25.44056],[46.79457,25.45],[46.74687,25.4557],[46.6988,25.4576],[46.65073,25.4557],[46.60303,25.45],[46.55606,25.44056],[46.51018,25.42745],[46.46573,25.41075],[46.42305,25.39061],[46.38247,25.36718],[46.3443,25.34062],[46.30883,25.31115],[46.27633,25.27899],[46.24704,25.24439],[46.22119,25.2076],[46.19897,25.16891],[46.18056,25.12861],[46.16609,25.08701],[46.15568,25.04442],[46.1494,25.00118],[46.1473,24.9576],[46.1494,24.91402],[46.15568,24.87078],[46.16609,24.82819],[46.18056,24.78659],[46.19897,24.74629],[46.22119,24.7076],[46.24704,24.67081],[46.27633,24.63621],[46.30883,24.60405],[46.3443,24.57458],[46.38247,24.54802],[46.42305,24.52459],[46.46573,24.50445],[46.51018,24.48775],[46.55606,24.47464],[46.60303,24.4652],[46.65073,24.4595],[46.6988,24.4576],[46.74687,24.4595],[46.79457,24.4652],[46.84154,24.47464],[46.88742,24.48775],[46.93187,24.50445],[46.97455,24.52459],[47.01513,24.54802],[47.0533,24.57458],[47.08877,24.60405],[47.12127,24.63621],[47.15056,24.67081],[47.17641,24.7076],[47.19863,24.74629],[47.21704,24.78659],[47.23151,24.82819],[47.24192,24.87078],[47.2482,24.91402],[47.2503,24.9576]]]}},{"type":"Feature","properties":{"kind":"class","cat":"B","name":"King Abdulaziz International Airport","ident":"OEJN","floor":"SFC","ceiling":"FL100"},"geometry":{"type":"Polygon","coordinates":[[[39.69456,21.6796],[39.69251,21.72318],[39.68639,21.76642],[39.67623,21.80901],[39.66211,21.85061],[39.64415,21.89091],[39.62248,21.9296],[39.59726,21.96639],[39.56868,22.00099],[39.53697,22.03315],[39.50236,22.06262],[39.46512,22.08918],[39.42553,22.11261],[39.3839,22.13275],[39.34053,22.14945],[39.29576,22.16256],[39.24994,22.172],[39.2034,22.1777],[39.1565,22.1796],[39.10961,22.1777],[39.06307,22.172],[39.01724,22.16256],[38.97247,22.14945],[38.92911,22.13275],[38.88747,22.11261],[38.84788,22.08918],[38.81064,22.06262],[38.77604,22.03315],[38.74432,22.00099],[38.71575,21.96639],[38.69053,21.9296],[38.66885,21.89091],[38.65089,21.85061],[38.63678,21.80901],[38.62662,21.76642],[38.62049,21.72318],[38.61844,21.6796],[38.62049,21.63602],[38.62662,21.59278],[38.63678,21.55019],[38.65089,21.50859],[38.66885,21.46829],[38.69053,21.4296],[38.71575,21.39281],[38.74432,21.35821],[38.77604,21.32605],[38.81064,21.29658],[38.84788,21.27002],[38.88747,21.24659],[38.92911,21.22645],[38.97247,21.20975],[39.01724,21.19664],[39.06307,21.1872],[39.10961,21.1815],[39.1565,21.1796],[39.2034,21.1815],[39.24994,21.1872],[39.29576,21.19664],[39.34053,21.20975],[39.3839,21.22645],[39.42553,21.24659],[39.46512,21.27002],[39.50236,21.29658],[39.53697,21.32605],[39.56868,21.35821],[39.59726,21.39281],[39.62248,21.4296],[39.64415,21.46829],[39.66211,21.50859],[39.67623,21.55019],[39.68639,21.59278],[39.69251,21.63602],[39.69456,21.6796]]]}},{"type":"Feature","properties":{"kind":"class","cat":"B","name":"Hong Kong International Airport","ident":"VHHH","floor":"SFC","ceiling":"FL100"},"geometry":{"type":"Polygon","coordinates":[[[114.45545,22.3089],[114.4534,22.35248],[114.44724,22.39573],[114.43704,22.43831],[114.42286,22.47991],[114.40482,22.52021],[114.38305,22.5589],[114.35771,22.59569],[114.32901,22.63029],[114.29716,22.66245],[114.2624,22.69192],[114.22499,22.71848],[114.18523,22.74191],[114.14341,22.76205],[114.09985,22.77875],[114.05488,22.79186],[114.00885,22.8013],[113.9621,22.807],[113.915,22.8089],[113.8679,22.807],[113.82115,22.8013],[113.77512,22.79186],[113.73016,22.77875],[113.6866,22.76205],[113.64477,22.74191],[113.60501,22.71848],[113.5676,22.69192],[113.53284,22.66245],[113.50099,22.63029],[113.47229,22.59569],[113.44696,22.5589],[113.42518,22.52021],[113.40714,22.47991],[113.39296,22.43831],[113.38276,22.39573],[113.37661,22.35248],[113.37455,22.3089],[113.37661,22.26532],[113.38276,22.22208],[113.39296,22.17949],[113.40714,22.13789],[113.42518,22.09759],[113.44696,22.0589],[113.47229,22.02211],[113.50099,21.98751],[113.53284,21.95535],[113.5676,21.92588],[113.60501,21.89932],[113.64477,21.87589],[113.6866,21.85575],[113.73016,21.83905],[113.77512,21.82594],[113.82115,21.8165],[113.8679,21.8108],[113.915,21.8089],[113.9621,21.8108],[114.00885,21.8165],[114.05488,21.82594],[114.09985,21.83905],[114.14341,21.85575],[114.18523,21.87589],[114.22499,21.89932],[114.2624,21.92588],[114.29716,21.95535],[114.32901,21.98751],[114.35771,22.02211],[114.38305,22.0589],[114.40482,22.09759],[114.42286,22.13789],[114.43704,22.17949],[114.44724,22.22208],[114.4534,22.26532],[114.45545,22.3089]]]}},{"type":"Feature","properties":{"kind":"class","cat":"B","name":"Suvarnabhumi Airport","ident":"VTBS","floor":"SFC","ceiling":"FL100"},"geometry":{"type":"Polygon","coordinates":[[[101.2616,13.6811],[101.25964,13.72468],[101.25378,13.76792],[101.24407,13.81051],[101.23057,13.85211],[101.21339,13.89241],[101.19266,13.9311],[101.16854,13.96789],[101.14121,14.00249],[101.11088,14.03465],[101.07778,14.06412],[101.04216,14.09068],[101.0043,14.11411],[100.96448,14.13425],[100.92301,14.15095],[100.88019,14.16406],[100.83636,14.1735],[100.79185,14.1792],[100.747,14.1811],[100.70215,14.1792],[100.65764,14.1735],[100.61381,14.16406],[100.571,14.15095],[100.52952,14.13425],[100.4897,14.11411],[100.45184,14.09068],[100.41622,14.06412],[100.38312,14.03465],[100.35279,14.00249],[100.32547,13.96789],[100.30134,13.9311],[100.28062,13.89241],[100.26344,13.85211],[100.24994,13.81051],[100.24022,13.76792],[100.23436,13.72468],[100.2324,13.6811],[100.23436,13.63752],[100.24022,13.59428],[100.24994,13.55169],[100.26344,13.51009],[100.28062,13.46979],[100.30134,13.4311],[100.32547,13.39431],[100.35279,13.35971],[100.38312,13.32755],[100.41622,13.29808],[100.45184,13.27152],[100.4897,13.24809],[100.52952,13.22795],[100.571,13.21125],[100.61381,13.19814],[100.65764,13.1887],[100.70215,13.183],[100.747,13.1811],[100.79185,13.183],[100.83636,13.1887],[100.88019,13.19814],[100.92301,13.21125],[100.96448,13.22795],[101.0043,13.24809],[101.04216,13.27152],[101.07778,13.29808],[101.11088,13.32755],[101.14121,13.35971],[101.16854,13.39431],[101.19266,13.4311],[101.21339,13.46979],[101.23057,13.51009],[101.24407,13.55169],[101.25378,13.59428],[101.25964,13.63752],[101.2616,13.6811]]]}},{"type":"Feature","properties":{"kind":"class","cat":"B","name":"Singapore Changi Airport","ident":"WSSS","floor":"SFC","ceiling":"FL100"},"geometry":{"type":"Polygon","coordinates":[[[104.49414,1.35019],[104.49224,1.39377],[104.48654,1.43701],[104.4771,1.4796],[104.46398,1.5212],[104.44728,1.5615],[104.42714,1.60019],[104.40369,1.63698],[104.37713,1.67158],[104.34765,1.70374],[104.31549,1.73321],[104.28087,1.75977],[104.24407,1.7832],[104.20537,1.80334],[104.16506,1.82004],[104.12345,1.83315],[104.08085,1.84259],[104.03759,1.84829],[103.994,1.85019],[103.95041,1.84829],[103.90715,1.84259],[103.86456,1.83315],[103.82295,1.82004],[103.78264,1.80334],[103.74393,1.7832],[103.70714,1.75977],[103.67252,1.73321],[103.64035,1.70374],[103.61087,1.67158],[103.58431,1.63698],[103.56087,1.60019],[103.54072,1.5615],[103.52403,1.5212],[103.51091,1.4796],[103.50146,1.43701],[103.49577,1.39377],[103.49386,1.35019],[103.49577,1.30661],[103.50146,1.26337],[103.51091,1.22078],[103.52403,1.17918],[103.54072,1.13888],[103.56087,1.10019],[103.58431,1.0634],[103.61087,1.0288],[103.64035,0.99664],[103.67252,0.96717],[103.70714,0.94061],[103.74393,0.91718],[103.78264,0.89704],[103.82295,0.88034],[103.86456,0.86723],[103.90715,0.85779],[103.95041,0.85209],[103.994,0.85019],[104.03759,0.85209],[104.08085,0.85779],[104.12345,0.86723],[104.16506,0.88034],[104.20537,0.89704],[104.24407,0.91718],[104.28087,0.94061],[104.31549,0.96717],[104.34765,0.99664],[104.37713,1.0288],[104.40369,1.0634],[104.42714,1.10019],[104.44728,1.13888],[104.46398,1.17918],[104.4771,1.22078],[104.48654,1.26337],[104.49224,1.30661],[104.49414,1.35019]]]}},{"type":"Feature","properties":{"kind":"class","cat":"B","name":"Kuala Lumpur International Airport","ident":"WMKK","floor":"SFC","ceiling":"FL100"},"geometry":{"type":"Polygon","coordinates":[[[102.21057,2.74558],[102.20867,2.78916],[102.20297,2.8324],[102.19352,2.87499],[102.18039,2.91659],[102.16367,2.95689],[102.14351,2.99558],[102.12005,3.03237],[102.09346,3.06697],[102.06396,3.09913],[102.03176,3.1286],[101.99712,3.15516],[101.96029,3.17859],[101.92155,3.19873],[101.88121,3.21543],[101.83956,3.22854],[101.79692,3.23798],[101.75363,3.24368],[101.71,3.24558],[101.66637,3.24368],[101.62308,3.23798],[101.58044,3.22854],[101.53879,3.21543],[101.49845,3.19873],[101.45971,3.17859],[101.42288,3.15516],[101.38824,3.1286],[101.35604,3.09913],[101.32654,3.06697],[101.29995,3.03237],[101.27649,2.99558],[101.25632,2.95689],[101.23961,2.91659],[101.22648,2.87499],[101.21703,2.8324],[101.21133,2.78916],[101.20942,2.74558],[101.21133,2.702],[101.21703,2.65876],[101.22648,2.61617],[101.23961,2.57457],[101.25632,2.53427],[101.27649,2.49558],[101.29995,2.45879],[101.32654,2.42419],[101.35604,2.39203],[101.38824,2.36256],[101.42288,2.336],[101.45971,2.31257],[101.49845,2.29243],[101.53879,2.27573],[101.58044,2.26262],[101.62308,2.25318],[101.66637,2.24748],[101.71,2.24558],[101.75363,2.24748],[101.79692,2.25318],[101.83956,2.26262],[101.88121,2.27573],[101.92155,2.29243],[101.96029,2.31257],[101.99712,2.336],[102.03176,2.36256],[102.06396,2.39203],[102.09346,2.42419],[102.12005,2.45879],[102.14351,2.49558],[102.16367,2.53427],[102.18039,2.57457],[102.19352,2.61617],[102.20297,2.65876],[102.20867,2.702],[102.21057,2.74558]]]}},{"type":"Feature","properties":{"kind":"class","cat":"B","name":"Soekarno-Hatta International Airport","ident":"WIII","floor":"SFC","ceiling":"FL100"},"geometry":{"type":"Polygon","coordinates":[[[107.15887,-6.12557],[107.15696,-6.08199],[107.15123,-6.03875],[107.14173,-5.99616],[107.12854,-5.95456],[107.11175,-5.91426],[107.0915,-5.87557],[107.06793,-5.83878],[107.04122,-5.80418],[107.01158,-5.77202],[106.97924,-5.74255],[106.94443,-5.71599],[106.90743,-5.69256],[106.86852,-5.67242],[106.82799,-5.65572],[106.78615,-5.64261],[106.74332,-5.63317],[106.69983,-5.62747],[106.656,-5.62557],[106.61217,-5.62747],[106.56868,-5.63317],[106.52585,-5.64261],[106.48401,-5.65572],[106.44348,-5.67242],[106.40456,-5.69256],[106.36756,-5.71599],[106.33276,-5.74255],[106.30041,-5.77202],[106.27078,-5.80418],[106.24407,-5.83878],[106.2205,-5.87557],[106.20024,-5.91426],[106.18345,-5.95456],[106.17026,-5.99616],[106.16077,-6.03875],[106.15504,-6.08199],[106.15313,-6.12557],[106.15504,-6.16915],[106.16077,-6.21239],[106.17026,-6.25498],[106.18345,-6.29658],[106.20024,-6.33688],[106.2205,-6.37557],[106.24407,-6.41236],[106.27078,-6.44696],[106.30041,-6.47912],[106.33276,-6.50859],[106.36756,-6.53515],[106.40456,-6.55858],[106.44348,-6.57872],[106.48401,-6.59542],[106.52585,-6.60853],[106.56868,-6.61797],[106.61217,-6.62367],[106.656,-6.62557],[106.69983,-6.62367],[106.74332,-6.61797],[106.78615,-6.60853],[106.82799,-6.59542],[106.86852,-6.57872],[106.90743,-6.55858],[106.94443,-6.53515],[106.97924,-6.50859],[107.01158,-6.47912],[107.04122,-6.44696],[107.06793,-6.41236],[107.0915,-6.37557],[107.11175,-6.33688],[107.12854,-6.29658],[107.14173,-6.25498],[107.15123,-6.21239],[107.15696,-6.16915],[107.15887,-6.12557]]]}},{"type":"Feature","properties":{"kind":"class","cat":"B","name":"Tokyo Haneda International Airport","ident":"RJTT","floor":"SFC","ceiling":"FL100"},"geometry":{"type":"Polygon","coordinates":[[[140.39456,35.5523],[140.39222,35.59588],[140.38523,35.63912],[140.37362,35.68171],[140.3575,35.72331],[140.33698,35.76361],[140.31223,35.8023],[140.28342,35.83909],[140.25078,35.87369],[140.21456,35.90585],[140.17503,35.93532],[140.1325,35.96188],[140.08728,35.98531],[140.03972,36.00545],[139.99019,36.02215],[139.93906,36.03526],[139.88672,36.0447],[139.83356,36.0504],[139.78,36.0523],[139.72644,36.0504],[139.67328,36.0447],[139.62094,36.03526],[139.56981,36.02215],[139.52027,36.00545],[139.47272,35.98531],[139.4275,35.96188],[139.38496,35.93532],[139.34544,35.90585],[139.30922,35.87369],[139.27658,35.83909],[139.24777,35.8023],[139.22302,35.76361],[139.2025,35.72331],[139.18638,35.68171],[139.17477,35.63912],[139.16777,35.59588],[139.16544,35.5523],[139.16777,35.50872],[139.17477,35.46547],[139.18638,35.42289],[139.2025,35.38129],[139.22302,35.34099],[139.24777,35.3023],[139.27658,35.26551],[139.30922,35.23091],[139.34544,35.19875],[139.38496,35.16928],[139.4275,35.14272],[139.47272,35.11929],[139.52027,35.09915],[139.56981,35.08245],[139.62094,35.06934],[139.67328,35.0599],[139.72644,35.0542],[139.78,35.0523],[139.83356,35.0542],[139.88672,35.0599],[139.93906,35.06934],[139.99019,35.08245],[140.03972,35.09915],[140.08728,35.11929],[140.1325,35.14272],[140.17503,35.16928],[140.21456,35.19875],[140.25078,35.23091],[140.28342,35.26551],[140.31223,35.3023],[140.33698,35.34099],[140.3575,35.38129],[140.37362,35.42289],[140.38523,35.46547],[140.39222,35.50872],[140.39456,35.5523]]]}},{"type":"Feature","properties":{"kind":"class","cat":"B","name":"Narita International Airport","ident":"RJAA","floor":"SFC","ceiling":"FL100"},"geometry":{"type":"Polygon","coordinates":[[[141.0022,35.7647],[140.99986,35.80828],[140.99284,35.85153],[140.98121,35.89411],[140.96504,35.93571],[140.94447,35.97601],[140.91965,36.0147],[140.89076,36.05149],[140.85804,36.0861],[140.82172,36.11826],[140.78209,36.14772],[140.73944,36.17428],[140.6941,36.19771],[140.64642,36.21786],[140.59676,36.23455],[140.54549,36.24766],[140.493,36.25711],[140.43971,36.2628],[140.386,36.2647],[140.3323,36.2628],[140.279,36.25711],[140.22652,36.24766],[140.17525,36.23455],[140.12558,36.21786],[140.0779,36.19771],[140.03256,36.17428],[139.98992,36.14772],[139.95028,36.11826],[139.91396,36.0861],[139.88124,36.05149],[139.85236,36.0147],[139.82753,35.97601],[139.80696,35.93571],[139.7908,35.89411],[139.77916,35.85153],[139.77215,35.80828],[139.7698,35.7647],[139.77215,35.72112],[139.77916,35.67788],[139.7908,35.63529],[139.80696,35.59369],[139.82753,35.55339],[139.85236,35.5147],[139.88124,35.47791],[139.91396,35.44331],[139.95028,35.41115],[139.98992,35.38168],[140.03256,35.35513],[140.0779,35.33169],[140.12558,35.31155],[140.17525,35.29486],[140.22652,35.28174],[140.279,35.2723],[140.3323,35.2666],[140.386,35.2647],[140.43971,35.2666],[140.493,35.2723],[140.54549,35.28174],[140.59676,35.29486],[140.64642,35.31155],[140.6941,35.33169],[140.73944,35.35513],[140.78209,35.38168],[140.82172,35.41115],[140.85804,35.44331],[140.89076,35.47791],[140.91965,35.5147],[140.94447,35.55339],[140.96504,35.59369],[140.98121,35.63529],[140.99284,35.67788],[140.99986,35.72112],[141.0022,35.7647]]]}},{"type":"Feature","properties":{"kind":"class","cat":"B","name":"Incheon International Airport","ident":"RKSI","floor":"SFC","ceiling":"FL100"},"geometry":{"type":"Polygon","coordinates":[[[127.08097,37.4691],[127.07857,37.51268],[127.0714,37.55593],[127.05951,37.59851],[127.04298,37.64011],[127.02195,37.68041],[126.99657,37.7191],[126.96704,37.75589],[126.93359,37.79049],[126.89646,37.82265],[126.85594,37.85212],[126.81234,37.87868],[126.76598,37.90211],[126.71724,37.92225],[126.66646,37.93895],[126.61405,37.95206],[126.56039,37.9615],[126.5059,37.9672],[126.451,37.9691],[126.39609,37.9672],[126.3416,37.9615],[126.28795,37.95206],[126.23553,37.93895],[126.18476,37.92225],[126.13601,37.90211],[126.08966,37.87868],[126.04606,37.85212],[126.00554,37.82265],[125.96841,37.79049],[125.93495,37.75589],[125.90542,37.7191],[125.88004,37.68041],[125.85901,37.64011],[125.84249,37.59851],[125.83059,37.55593],[125.82342,37.51268],[125.82102,37.4691],[125.82342,37.42552],[125.83059,37.38228],[125.84249,37.33969],[125.85901,37.29809],[125.88004,37.25779],[125.90542,37.2191],[125.93495,37.18231],[125.96841,37.14771],[126.00554,37.11555],[126.04606,37.08608],[126.08966,37.05952],[126.13601,37.03609],[126.18476,37.01595],[126.23553,36.99925],[126.28795,36.98614],[126.3416,36.9767],[126.39609,36.971],[126.451,36.9691],[126.5059,36.971],[126.56039,36.9767],[126.61405,36.98614],[126.66646,36.99925],[126.71724,37.01595],[126.76598,37.03609],[126.81234,37.05952],[126.85594,37.08608],[126.89646,37.11555],[126.93359,37.14771],[126.96704,37.18231],[126.99657,37.2191],[127.02195,37.25779],[127.04298,37.29809],[127.05951,37.33969],[127.0714,37.38228],[127.07857,37.42552],[127.08097,37.4691]]]}},{"type":"Feature","properties":{"kind":"class","cat":"B","name":"Beijing Capital International Airport","ident":"ZBAA","floor":"SFC","ceiling":"FL100"},"geometry":{"type":"Polygon","coordinates":[[[117.23847,40.0801],[117.23598,40.12368],[117.22854,40.16693],[117.2162,40.20951],[117.19906,40.25111],[117.17724,40.29141],[117.15092,40.3301],[117.12029,40.36689],[117.08559,40.40149],[117.04707,40.43365],[117.00504,40.46312],[116.95981,40.48968],[116.91173,40.51311],[116.86117,40.53325],[116.8085,40.54995],[116.75413,40.56306],[116.69847,40.5725],[116.64195,40.5782],[116.585,40.5801],[116.52805,40.5782],[116.47153,40.5725],[116.41587,40.56306],[116.3615,40.54995],[116.30883,40.53325],[116.25826,40.51311],[116.21018,40.48968],[116.16496,40.46312],[116.12293,40.43365],[116.08441,40.40149],[116.04971,40.36689],[116.01908,40.3301],[115.99275,40.29141],[115.97094,40.25111],[115.95379,40.20951],[115.94146,40.16693],[115.93401,40.12368],[115.93153,40.0801],[115.93401,40.03652],[115.94146,39.99328],[115.95379,39.95069],[115.97094,39.90909],[115.99275,39.86879],[116.01908,39.8301],[116.04971,39.79331],[116.08441,39.75871],[116.12293,39.72655],[116.16496,39.69708],[116.21018,39.67052],[116.25826,39.64709],[116.30883,39.62695],[116.3615,39.61025],[116.41587,39.59714],[116.47153,39.5877],[116.52805,39.582],[116.585,39.5801],[116.64195,39.582],[116.69847,39.5877],[116.75413,39.59714],[116.8085,39.61025],[116.86117,39.62695],[116.91173,39.64709],[116.95981,39.67052],[117.00504,39.69708],[117.04707,39.72655],[117.08559,39.75871],[117.12029,39.79331],[117.15092,39.8301],[117.17724,39.86879],[117.19906,39.90909],[117.2162,39.95069],[117.22854,39.99328],[117.23598,40.03652],[117.23847,40.0801]]]}},{"type":"Feature","properties":{"kind":"class","cat":"B","name":"Shanghai Pudong International Airport","ident":"ZSPD","floor":"SFC","ceiling":"FL100"},"geometry":{"type":"Polygon","coordinates":[[[122.3892,31.1434],[122.38697,31.18698],[122.38032,31.23022],[122.36929,31.27281],[122.35397,31.31441],[122.33446,31.35471],[122.31093,31.3934],[122.28355,31.43019],[122.25252,31.46479],[122.21809,31.49695],[122.18051,31.52642],[122.14008,31.55298],[122.0971,31.57641],[122.05189,31.59655],[122.00481,31.61325],[121.9562,31.62636],[121.90644,31.6358],[121.85592,31.6415],[121.805,31.6434],[121.75408,31.6415],[121.70356,31.6358],[121.6538,31.62636],[121.60519,31.61325],[121.55811,31.59655],[121.5129,31.57641],[121.46992,31.55298],[121.42949,31.52642],[121.39191,31.49695],[121.35748,31.46479],[121.32645,31.43019],[121.29907,31.3934],[121.27554,31.35471],[121.25603,31.31441],[121.24071,31.27281],[121.22968,31.23022],[121.22303,31.18698],[121.2208,31.1434],[121.22303,31.09982],[121.22968,31.05658],[121.24071,31.01399],[121.25603,30.97239],[121.27554,30.93209],[121.29907,30.8934],[121.32645,30.85661],[121.35748,30.82201],[121.39191,30.78985],[121.42949,30.76038],[121.46992,30.73382],[121.5129,30.71039],[121.55811,30.69025],[121.60519,30.67355],[121.6538,30.66044],[121.70356,30.651],[121.75408,30.6453],[121.805,30.6434],[121.85592,30.6453],[121.90644,30.651],[121.9562,30.66044],[122.00481,30.67355],[122.05189,30.69025],[122.0971,30.71039],[122.14008,30.73382],[122.18051,30.76038],[122.21809,30.78985],[122.25252,30.82201],[122.28355,30.85661],[122.31093,30.8934],[122.33446,30.93209],[122.35397,30.97239],[122.36929,31.01399],[122.38032,31.05658],[122.38697,31.09982],[122.3892,31.1434]]]}},{"type":"Feature","properties":{"kind":"class","cat":"B","name":"Guangzhou Baiyun International Airport","ident":"ZGGG","floor":"SFC","ceiling":"FL100"},"geometry":{"type":"Polygon","coordinates":[[[113.84378,23.3924],[113.84171,23.43598],[113.8355,23.47923],[113.82522,23.52181],[113.81093,23.56341],[113.79274,23.60371],[113.77079,23.6424],[113.74526,23.67919],[113.71633,23.71379],[113.68422,23.74595],[113.64918,23.77542],[113.61148,23.80198],[113.57139,23.82541],[113.52924,23.84555],[113.48533,23.86225],[113.44,23.87536],[113.3936,23.8848],[113.34648,23.8905],[113.299,23.8924],[113.25152,23.8905],[113.2044,23.8848],[113.15801,23.87536],[113.11268,23.86225],[113.06877,23.84555],[113.02662,23.82541],[112.98653,23.80198],[112.94883,23.77542],[112.91379,23.74595],[112.88168,23.71379],[112.85275,23.67919],[112.82721,23.6424],[112.80527,23.60371],[112.78708,23.56341],[112.77279,23.52181],[112.7625,23.47923],[112.7563,23.43598],[112.75423,23.3924],[112.7563,23.34882],[112.7625,23.30558],[112.77279,23.26299],[112.78708,23.22139],[112.80527,23.18109],[112.82721,23.1424],[112.85275,23.10561],[112.88168,23.07101],[112.91379,23.03885],[112.94883,23.00938],[112.98653,22.98282],[113.02662,22.95939],[113.06877,22.93925],[113.11268,22.92255],[113.15801,22.90944],[113.2044,22.9],[113.25152,22.8943],[113.299,22.8924],[113.34648,22.8943],[113.3936,22.9],[113.44,22.90944],[113.48533,22.92255],[113.52924,22.93925],[113.57139,22.95939],[113.61148,22.98282],[113.64918,23.00938],[113.68422,23.03885],[113.71633,23.07101],[113.74526,23.10561],[113.77079,23.1424],[113.79274,23.18109],[113.81093,23.22139],[113.82522,23.26299],[113.8355,23.30558],[113.84171,23.34882],[113.84378,23.3924]]]}},{"type":"Feature","properties":{"kind":"class","cat":"B","name":"Chhatrapati Shivaji International Airport","ident":"VABB","floor":"SFC","ceiling":"FL100"},"geometry":{"type":"Polygon","coordinates":[[[73.39699,19.0887],[73.39498,19.13228],[73.38895,19.17552],[73.37896,19.21811],[73.36508,19.25971],[73.34742,19.30001],[73.32611,19.3387],[73.3013,19.37549],[73.27321,19.41009],[73.24202,19.44225],[73.20799,19.47172],[73.17137,19.49828],[73.13244,19.52171],[73.0915,19.54185],[73.04886,19.55855],[73.00484,19.57166],[72.95977,19.5811],[72.91401,19.5868],[72.8679,19.5887],[72.82178,19.5868],[72.77602,19.5811],[72.73096,19.57166],[72.68694,19.55855],[72.64429,19.54185],[72.60335,19.52171],[72.56442,19.49828],[72.5278,19.47172],[72.49377,19.44225],[72.46259,19.41009],[72.43449,19.37549],[72.40969,19.3387],[72.38838,19.30001],[72.37071,19.25971],[72.35683,19.21811],[72.34684,19.17552],[72.34082,19.13228],[72.3388,19.0887],[72.34082,19.04512],[72.34684,19.00188],[72.35683,18.95929],[72.37071,18.91769],[72.38838,18.87739],[72.40969,18.8387],[72.43449,18.80191],[72.46259,18.76731],[72.49377,18.73515],[72.5278,18.70568],[72.56442,18.67912],[72.60335,18.65569],[72.64429,18.63555],[72.68694,18.61885],[72.73096,18.60574],[72.77602,18.5963],[72.82178,18.5906],[72.8679,18.5887],[72.91401,18.5906],[72.95977,18.5963],[73.00484,18.60574],[73.04886,18.61885],[73.0915,18.63555],[73.13244,18.65569],[73.17137,18.67912],[73.20799,18.70568],[73.24202,18.73515],[73.27321,18.76731],[73.3013,18.80191],[73.32611,18.8387],[73.34742,18.87739],[73.36508,18.91769],[73.37896,18.95929],[73.38895,19.00188],[73.39498,19.04512],[73.39699,19.0887]]]}},{"type":"Feature","properties":{"kind":"class","cat":"B","name":"Indira Gandhi International Airport","ident":"VIDP","floor":"SFC","ceiling":"FL100"},"geometry":{"type":"Polygon","coordinates":[[[77.66444,28.55563],[77.66227,28.59921],[77.65579,28.64245],[77.64504,28.68504],[77.63011,28.72664],[77.6111,28.76694],[77.58817,28.80563],[77.56149,28.84242],[77.53126,28.87702],[77.49771,28.90918],[77.46109,28.93865],[77.4217,28.96521],[77.37981,28.98864],[77.33576,29.00878],[77.28988,29.02548],[77.24252,29.03859],[77.19404,29.04803],[77.1448,29.05373],[77.09519,29.05563],[77.04558,29.05373],[76.99634,29.04803],[76.94786,29.03859],[76.9005,29.02548],[76.85462,29.00878],[76.81057,28.98864],[76.76868,28.96521],[76.72929,28.93865],[76.69267,28.90918],[76.65912,28.87702],[76.62889,28.84242],[76.60221,28.80563],[76.57928,28.76694],[76.56027,28.72664],[76.54534,28.68504],[76.53459,28.64245],[76.52811,28.59921],[76.52594,28.55563],[76.52811,28.51205],[76.53459,28.46881],[76.54534,28.42622],[76.56027,28.38462],[76.57928,28.34432],[76.60221,28.30563],[76.62889,28.26884],[76.65912,28.23424],[76.69267,28.20208],[76.72929,28.17261],[76.76868,28.14605],[76.81057,28.12262],[76.85462,28.10248],[76.9005,28.08578],[76.94786,28.07267],[76.99634,28.06323],[77.04558,28.05753],[77.09519,28.05563],[77.1448,28.05753],[77.19404,28.06323],[77.24252,28.07267],[77.28988,28.08578],[77.33576,28.10248],[77.37981,28.12262],[77.4217,28.14605],[77.46109,28.17261],[77.49771,28.20208],[77.53126,28.23424],[77.56149,28.26884],[77.58817,28.30563],[77.6111,28.34432],[77.63011,28.38462],[77.64504,28.42622],[77.65579,28.46881],[77.66227,28.51205],[77.66444,28.55563]]]}},{"type":"Feature","properties":{"kind":"class","cat":"B","name":"Chennai International Airport","ident":"VOMM","floor":"SFC","ceiling":"FL100"},"geometry":{"type":"Polygon","coordinates":[[[80.68243,12.99001],[80.68047,13.03358],[80.67463,13.07683],[80.66494,13.11941],[80.65148,13.16102],[80.63435,13.20131],[80.61368,13.24001],[80.58963,13.27679],[80.56238,13.3114],[80.53213,13.34356],[80.49913,13.37303],[80.46362,13.39958],[80.42586,13.42302],[80.38615,13.44316],[80.3448,13.45985],[80.3021,13.47297],[80.2584,13.48241],[80.21402,13.4881],[80.1693,13.49001],[80.12457,13.4881],[80.08019,13.48241],[80.03649,13.47297],[79.99379,13.45985],[79.95244,13.44316],[79.91273,13.42302],[79.87498,13.39958],[79.83946,13.37303],[79.80646,13.34356],[79.77621,13.3114],[79.74896,13.27679],[79.72491,13.24001],[79.70424,13.20131],[79.68711,13.16102],[79.67365,13.11941],[79.66396,13.07683],[79.65812,13.03358],[79.65616,12.99001],[79.65812,12.94643],[79.66396,12.90318],[79.67365,12.8606],[79.68711,12.81899],[79.70424,12.7787],[79.72491,12.74001],[79.74896,12.70322],[79.77621,12.66861],[79.80646,12.63645],[79.83946,12.60698],[79.87498,12.58043],[79.91273,12.55699],[79.95244,12.53685],[79.99379,12.52016],[80.03649,12.50704],[80.08019,12.4976],[80.12457,12.49191],[80.1693,12.49001],[80.21402,12.49191],[80.2584,12.4976],[80.3021,12.50704],[80.3448,12.52016],[80.38615,12.53685],[80.42586,12.55699],[80.46362,12.58043],[80.49913,12.60698],[80.53213,12.63645],[80.56238,12.66861],[80.58963,12.70322],[80.61368,12.74001],[80.63435,12.7787],[80.65148,12.81899],[80.66494,12.8606],[80.67463,12.90318],[80.68047,12.94643],[80.68243,12.99001]]]}},{"type":"Feature","properties":{"kind":"class","cat":"B","name":"Sydney Kingsford Smith International Airport","ident":"YSSY","floor":"SFC","ceiling":"FL100"},"geometry":{"type":"Polygon","coordinates":[[[151.77973,-33.9461],[151.77744,-33.90252],[151.77057,-33.85927],[151.75919,-33.81669],[151.74338,-33.77509],[151.72326,-33.73479],[151.69898,-33.6961],[151.67073,-33.65931],[151.63872,-33.6247],[151.60319,-33.59254],[151.56443,-33.56308],[151.52271,-33.53652],[151.47837,-33.51309],[151.43173,-33.49294],[151.38315,-33.47625],[151.333,-33.46314],[151.28166,-33.45369],[151.22953,-33.448],[151.177,-33.4461],[151.12447,-33.448],[151.07234,-33.45369],[151.021,-33.46314],[150.97086,-33.47625],[150.92228,-33.49294],[150.87564,-33.51309],[150.83129,-33.53652],[150.78958,-33.56308],[150.75081,-33.59254],[150.71529,-33.6247],[150.68328,-33.65931],[150.65503,-33.6961],[150.63075,-33.73479],[150.61062,-33.77509],[150.59481,-33.81669],[150.58343,-33.85927],[150.57657,-33.90252],[150.57428,-33.9461],[150.57657,-33.98968],[150.58343,-34.03292],[150.59481,-34.07551],[150.61062,-34.11711],[150.63075,-34.15741],[150.65503,-34.1961],[150.68328,-34.23289],[150.71529,-34.26749],[150.75081,-34.29965],[150.78958,-34.32912],[150.83129,-34.35567],[150.87564,-34.37911],[150.92228,-34.39925],[150.97086,-34.41594],[151.021,-34.42906],[151.07234,-34.4385],[151.12447,-34.4442],[151.177,-34.4461],[151.22953,-34.4442],[151.28166,-34.4385],[151.333,-34.42906],[151.38315,-34.41594],[151.43173,-34.39925],[151.47837,-34.37911],[151.52271,-34.35567],[151.56443,-34.32912],[151.60319,-34.29965],[151.63872,-34.26749],[151.67073,-34.23289],[151.69898,-34.1961],[151.72326,-34.15741],[151.74338,-34.11711],[151.75919,-34.07551],[151.77057,-34.03292],[151.77744,-33.98968],[151.77973,-33.9461]]]}},{"type":"Feature","properties":{"kind":"class","cat":"B","name":"Melbourne Airport","ident":"YMML","floor":"SFC","ceiling":"FL100"},"geometry":{"type":"Polygon","coordinates":[[[145.46804,-37.66155],[145.46563,-37.61797],[145.45844,-37.57472],[145.44652,-37.53214],[145.42995,-37.49054],[145.40886,-37.45024],[145.38342,-37.41155],[145.35381,-37.37476],[145.32027,-37.34015],[145.28304,-37.30799],[145.24242,-37.27853],[145.19871,-37.25197],[145.15223,-37.22854],[145.10336,-37.20839],[145.05245,-37.1917],[144.9999,-37.17859],[144.94611,-37.16914],[144.89148,-37.16345],[144.83643,-37.16155],[144.78138,-37.16345],[144.72675,-37.16914],[144.67296,-37.17859],[144.62041,-37.1917],[144.5695,-37.20839],[144.52063,-37.22854],[144.47416,-37.25197],[144.43044,-37.27853],[144.38982,-37.30799],[144.35259,-37.34015],[144.31905,-37.37476],[144.28945,-37.41155],[144.264,-37.45024],[144.24292,-37.49054],[144.22635,-37.53214],[144.21442,-37.57472],[144.20723,-37.61797],[144.20483,-37.66155],[144.20723,-37.70513],[144.21442,-37.74837],[144.22635,-37.79096],[144.24292,-37.83256],[144.264,-37.87286],[144.28945,-37.91155],[144.31905,-37.94834],[144.35259,-37.98294],[144.38982,-38.0151],[144.43044,-38.04457],[144.47416,-38.07112],[144.52063,-38.09456],[144.5695,-38.1147],[144.62041,-38.13139],[144.67296,-38.14451],[144.72675,-38.15395],[144.78138,-38.15965],[144.83643,-38.16155],[144.89148,-38.15965],[144.94611,-38.15395],[144.9999,-38.14451],[145.05245,-38.13139],[145.10336,-38.1147],[145.15223,-38.09456],[145.19871,-38.07112],[145.24242,-38.04457],[145.28304,-38.0151],[145.32027,-37.98294],[145.35381,-37.94834],[145.38342,-37.91155],[145.40886,-37.87286],[145.42995,-37.83256],[145.44652,-37.79096],[145.45844,-37.74837],[145.46563,-37.70513],[145.46804,-37.66155]]]}},{"type":"Feature","properties":{"kind":"class","cat":"B","name":"Brisbane International Airport","ident":"YBBN","floor":"SFC","ceiling":"FL100"},"geometry":{"type":"Polygon","coordinates":[[[153.6801,-27.3842],[153.67796,-27.34062],[153.67155,-27.29738],[153.66092,-27.25479],[153.64615,-27.21319],[153.62735,-27.17289],[153.60466,-27.1342],[153.57827,-27.09741],[153.54836,-27.06281],[153.51518,-27.03065],[153.47896,-27.00118],[153.43999,-26.97462],[153.39855,-26.95119],[153.35498,-26.93105],[153.3096,-26.91435],[153.26275,-26.90124],[153.21479,-26.8918],[153.16608,-26.8861],[153.117,-26.8842],[153.06793,-26.8861],[153.01922,-26.8918],[152.97126,-26.90124],[152.92441,-26.91435],[152.87903,-26.93105],[152.83545,-26.95119],[152.79402,-26.97462],[152.75505,-27.00118],[152.71883,-27.03065],[152.68565,-27.06281],[152.65574,-27.09741],[152.62935,-27.1342],[152.60666,-27.17289],[152.58786,-27.21319],[152.57309,-27.25479],[152.56246,-27.29738],[152.55605,-27.34062],[152.5539,-27.3842],[152.55605,-27.42778],[152.56246,-27.47102],[152.57309,-27.51361],[152.58786,-27.55521],[152.60666,-27.59551],[152.62935,-27.6342],[152.65574,-27.67099],[152.68565,-27.70559],[152.71883,-27.73775],[152.75505,-27.76722],[152.79402,-27.79378],[152.83545,-27.81721],[152.87903,-27.83735],[152.92441,-27.85405],[152.97126,-27.86716],[153.01922,-27.8766],[153.06793,-27.8823],[153.117,-27.8842],[153.16608,-27.8823],[153.21479,-27.8766],[153.26275,-27.86716],[153.3096,-27.85405],[153.35498,-27.83735],[153.39855,-27.81721],[153.43999,-27.79378],[153.47896,-27.76722],[153.51518,-27.73775],[153.54836,-27.70559],[153.57827,-27.67099],[153.60466,-27.6342],[153.62735,-27.59551],[153.64615,-27.55521],[153.66092,-27.51361],[153.67155,-27.47102],[153.67796,-27.42778],[153.6801,-27.3842]]]}},{"type":"Feature","properties":{"kind":"class","cat":"B","name":"Perth International Airport","ident":"YPPH","floor":"SFC","ceiling":"FL100"},"geometry":{"type":"Polygon","coordinates":[[[116.55621,-31.9403],[116.55397,-31.89672],[116.54726,-31.85348],[116.53613,-31.81089],[116.52068,-31.76929],[116.501,-31.72899],[116.47727,-31.6903],[116.44965,-31.65351],[116.41836,-31.61891],[116.38363,-31.58675],[116.34574,-31.55728],[116.30496,-31.53072],[116.26161,-31.50729],[116.21601,-31.48715],[116.16852,-31.47045],[116.1195,-31.45734],[116.06932,-31.4479],[116.01836,-31.4422],[115.967,-31.4403],[115.91565,-31.4422],[115.86469,-31.4479],[115.81451,-31.45734],[115.76548,-31.47045],[115.71799,-31.48715],[115.6724,-31.50729],[115.62905,-31.53072],[115.58827,-31.55728],[115.55037,-31.58675],[115.51564,-31.61891],[115.48435,-31.65351],[115.45674,-31.6903],[115.433,-31.72899],[115.41333,-31.76929],[115.39787,-31.81089],[115.38675,-31.85348],[115.38004,-31.89672],[115.3778,-31.9403],[115.38004,-31.98388],[115.38675,-32.02712],[115.39787,-32.06971],[115.41333,-32.11131],[115.433,-32.15161],[115.45674,-32.1903],[115.48435,-32.22709],[115.51564,-32.26169],[115.55037,-32.29385],[115.58827,-32.32332],[115.62905,-32.34988],[115.6724,-32.37331],[115.71799,-32.39345],[115.76548,-32.41015],[115.81451,-32.42326],[115.86469,-32.4327],[115.91565,-32.4384],[115.967,-32.4403],[116.01836,-32.4384],[116.06932,-32.4327],[116.1195,-32.42326],[116.16852,-32.41015],[116.21601,-32.39345],[116.26161,-32.37331],[116.30496,-32.34988],[116.34574,-32.32332],[116.38363,-32.29385],[116.41836,-32.26169],[116.44965,-32.22709],[116.47727,-32.1903],[116.501,-32.15161],[116.52068,-32.11131],[116.53613,-32.06971],[116.54726,-32.02712],[116.55397,-31.98388],[116.55621,-31.9403]]]}},{"type":"Feature","properties":{"kind":"class","cat":"B","name":"Auckland International Airport","ident":"NZAA","floor":"SFC","ceiling":"FL100"},"geometry":{"type":"Polygon","coordinates":[[[175.4125,-37.01199],[175.41011,-36.96841],[175.40298,-36.92517],[175.39116,-36.88258],[175.37474,-36.84098],[175.35383,-36.80068],[175.32861,-36.76199],[175.29926,-36.7252],[175.266,-36.6906],[175.2291,-36.65844],[175.18882,-36.62897],[175.14549,-36.60241],[175.09941,-36.57898],[175.05096,-36.55884],[175.00049,-36.54214],[174.94839,-36.52903],[174.89506,-36.51959],[174.84091,-36.51389],[174.78633,-36.51199],[174.73176,-36.51389],[174.6776,-36.51959],[174.62427,-36.52903],[174.57217,-36.54214],[174.5217,-36.55884],[174.47325,-36.57898],[174.42718,-36.60241],[174.38384,-36.62897],[174.34356,-36.65844],[174.30666,-36.6906],[174.27341,-36.7252],[174.24405,-36.76199],[174.21883,-36.80068],[174.19793,-36.84098],[174.1815,-36.88258],[174.16968,-36.92517],[174.16255,-36.96841],[174.16016,-37.01199],[174.16255,-37.05557],[174.16968,-37.09881],[174.1815,-37.1414],[174.19793,-37.183],[174.21883,-37.2233],[174.24405,-37.26199],[174.27341,-37.29878],[174.30666,-37.33338],[174.34356,-37.36554],[174.38384,-37.39501],[174.42718,-37.42157],[174.47325,-37.445],[174.5217,-37.46514],[174.57217,-37.48184],[174.62427,-37.49495],[174.6776,-37.50439],[174.73176,-37.51009],[174.78633,-37.51199],[174.84091,-37.51009],[174.89506,-37.50439],[174.94839,-37.49495],[175.00049,-37.48184],[175.05096,-37.46514],[175.09941,-37.445],[175.14549,-37.42157],[175.18882,-37.39501],[175.2291,-37.36554],[175.266,-37.33338],[175.29926,-37.29878],[175.32861,-37.26199],[175.35383,-37.2233],[175.37474,-37.183],[175.39116,-37.1414],[175.40298,-37.09881],[175.41011,-37.05557],[175.4125,-37.01199]]]}},{"type":"Feature","properties":{"kind":"class","cat":"B","name":"Guarulhos - Governador André Franco Montoro International Airport","ident":"SBGR","floor":"SFC","ceiling":"FL100"},"geometry":{"type":"Polygon","coordinates":[[[-45.92284,-23.43194],[-45.92491,-23.38837],[-45.93112,-23.34512],[-45.94141,-23.30253],[-45.9557,-23.26093],[-45.9739,-23.22063],[-45.99585,-23.18194],[-46.02139,-23.14516],[-46.05033,-23.11055],[-46.08245,-23.07839],[-46.1175,-23.04892],[-46.15521,-23.02237],[-46.19531,-22.99893],[-46.23748,-22.97879],[-46.2814,-22.9621],[-46.32674,-22.94898],[-46.37315,-22.93954],[-46.42028,-22.93385],[-46.46778,-22.93194],[-46.51527,-22.93385],[-46.56241,-22.93954],[-46.60882,-22.94898],[-46.65416,-22.9621],[-46.69808,-22.97879],[-46.74025,-22.99893],[-46.78034,-23.02237],[-46.81806,-23.04892],[-46.85311,-23.07839],[-46.88523,-23.11055],[-46.91417,-23.14516],[-46.93971,-23.18194],[-46.96166,-23.22063],[-46.97985,-23.26093],[-46.99415,-23.30253],[-47.00444,-23.34512],[-47.01064,-23.38837],[-47.01272,-23.43194],[-47.01064,-23.47552],[-47.00444,-23.51877],[-46.99415,-23.56135],[-46.97985,-23.60295],[-46.96166,-23.64325],[-46.93971,-23.68194],[-46.91417,-23.71873],[-46.88523,-23.75334],[-46.85311,-23.7855],[-46.81806,-23.81497],[-46.78034,-23.84152],[-46.74025,-23.86496],[-46.69808,-23.8851],[-46.65416,-23.90179],[-46.60882,-23.91491],[-46.56241,-23.92435],[-46.51527,-23.93004],[-46.46778,-23.93194],[-46.42028,-23.93004],[-46.37315,-23.92435],[-46.32674,-23.91491],[-46.2814,-23.90179],[-46.23748,-23.8851],[-46.19531,-23.86496],[-46.15521,-23.84152],[-46.1175,-23.81497],[-46.08245,-23.7855],[-46.05033,-23.75334],[-46.02139,-23.71873],[-45.99585,-23.68194],[-45.9739,-23.64325],[-45.9557,-23.60295],[-45.94141,-23.56135],[-45.93112,-23.51877],[-45.92491,-23.47552],[-45.92284,-23.43194]]]}},{"type":"Feature","properties":{"kind":"class","cat":"B","name":"Rio Galeão – Tom Jobim International Airport","ident":"SBGL","floor":"SFC","ceiling":"FL100"},"geometry":{"type":"Polygon","coordinates":[[[-42.70814,-22.81],[-42.7102,-22.76642],[-42.71638,-22.72317],[-42.72662,-22.68059],[-42.74085,-22.63899],[-42.75896,-22.59869],[-42.78081,-22.56],[-42.80623,-22.52321],[-42.83504,-22.48861],[-42.86701,-22.45645],[-42.9019,-22.42698],[-42.93944,-22.40042],[-42.97935,-22.37699],[-43.02132,-22.35685],[-43.06504,-22.34015],[-43.11017,-22.32704],[-43.15637,-22.3176],[-43.20328,-22.3119],[-43.25056,-22.31],[-43.29783,-22.3119],[-43.34475,-22.3176],[-43.39095,-22.32704],[-43.43608,-22.34015],[-43.47979,-22.35685],[-43.52177,-22.37699],[-43.56168,-22.40042],[-43.59922,-22.42698],[-43.63411,-22.45645],[-43.66607,-22.48861],[-43.69488,-22.52321],[-43.72031,-22.56],[-43.74216,-22.59869],[-43.76026,-22.63899],[-43.77449,-22.68059],[-43.78474,-22.72317],[-43.79091,-22.76642],[-43.79298,-22.81],[-43.79091,-22.85358],[-43.78474,-22.89682],[-43.77449,-22.93941],[-43.76026,-22.98101],[-43.74216,-23.02131],[-43.72031,-23.06],[-43.69488,-23.09679],[-43.66607,-23.13139],[-43.63411,-23.16355],[-43.59922,-23.19302],[-43.56168,-23.21958],[-43.52177,-23.24301],[-43.47979,-23.26315],[-43.43608,-23.27985],[-43.39095,-23.29296],[-43.34475,-23.3024],[-43.29783,-23.3081],[-43.25056,-23.31],[-43.20328,-23.3081],[-43.15637,-23.3024],[-43.11017,-23.29296],[-43.06504,-23.27985],[-43.02132,-23.26315],[-42.97935,-23.24301],[-42.93944,-23.21958],[-42.9019,-23.19302],[-42.86701,-23.16355],[-42.83504,-23.13139],[-42.80623,-23.09679],[-42.78081,-23.06],[-42.75896,-23.02131],[-42.74085,-22.98101],[-42.72662,-22.93941],[-42.71638,-22.89682],[-42.7102,-22.85358],[-42.70814,-22.81]]]}},{"type":"Feature","properties":{"kind":"class","cat":"B","name":"Minister Pistarini International Airport","ident":"SAEZ","floor":"SFC","ceiling":"FL100"},"geometry":{"type":"Polygon","coordinates":[[[-57.92673,-34.8222],[-57.92905,-34.77862],[-57.93599,-34.73538],[-57.94749,-34.69279],[-57.96346,-34.65119],[-57.9838,-34.61089],[-58.00833,-34.5722],[-58.03688,-34.53541],[-58.06923,-34.50081],[-58.10512,-34.46865],[-58.1443,-34.43918],[-58.18645,-34.41262],[-58.23127,-34.38919],[-58.2784,-34.36905],[-58.32749,-34.35235],[-58.37816,-34.33924],[-58.43004,-34.3298],[-58.48272,-34.3241],[-58.5358,-34.3222],[-58.58888,-34.3241],[-58.64156,-34.3298],[-58.69344,-34.33924],[-58.74411,-34.35235],[-58.7932,-34.36905],[-58.84033,-34.38919],[-58.88515,-34.41262],[-58.9273,-34.43918],[-58.96648,-34.46865],[-59.00237,-34.50081],[-59.03472,-34.53541],[-59.06327,-34.5722],[-59.0878,-34.61089],[-59.10814,-34.65119],[-59.12411,-34.69279],[-59.13561,-34.73538],[-59.14255,-34.77862],[-59.14487,-34.8222],[-59.14255,-34.86578],[-59.13561,-34.90902],[-59.12411,-34.95161],[-59.10814,-34.99321],[-59.0878,-35.03351],[-59.06327,-35.0722],[-59.03472,-35.10899],[-59.00237,-35.14359],[-58.96648,-35.17575],[-58.9273,-35.20522],[-58.88515,-35.23178],[-58.84033,-35.25521],[-58.7932,-35.27535],[-58.74411,-35.29205],[-58.69344,-35.30516],[-58.64156,-35.3146],[-58.58888,-35.3203],[-58.5358,-35.3222],[-58.48272,-35.3203],[-58.43004,-35.3146],[-58.37816,-35.30516],[-58.32749,-35.29205],[-58.2784,-35.27535],[-58.23127,-35.25521],[-58.18645,-35.23178],[-58.1443,-35.20522],[-58.10512,-35.17575],[-58.06923,-35.14359],[-58.03688,-35.10899],[-58.00833,-35.0722],[-57.9838,-35.03351],[-57.96346,-34.99321],[-57.94749,-34.95161],[-57.93599,-34.90902],[-57.92905,-34.86578],[-57.92673,-34.8222]]]}},{"type":"Feature","properties":{"kind":"class","cat":"B","name":"Comodoro Arturo Merino Benítez International Airport","ident":"SCEL","floor":"SFC","ceiling":"FL100"},"geometry":{"type":"Polygon","coordinates":[[[-70.18693,-33.393],[-70.18921,-33.34942],[-70.19603,-33.30618],[-70.20734,-33.26359],[-70.22305,-33.22199],[-70.24304,-33.18169],[-70.26717,-33.143],[-70.29524,-33.10621],[-70.32704,-33.07161],[-70.36234,-33.03945],[-70.40086,-33.00998],[-70.4423,-32.98343],[-70.48637,-32.95999],[-70.53271,-32.93985],[-70.58097,-32.92316],[-70.6308,-32.91004],[-70.68181,-32.9006],[-70.7336,-32.8949],[-70.7858,-32.893],[-70.83799,-32.8949],[-70.88979,-32.9006],[-70.94079,-32.91004],[-70.99062,-32.92316],[-71.03889,-32.93985],[-71.08523,-32.95999],[-71.12929,-32.98343],[-71.17074,-33.00998],[-71.20926,-33.03945],[-71.24455,-33.07161],[-71.27636,-33.10621],[-71.30443,-33.143],[-71.32855,-33.18169],[-71.34854,-33.22199],[-71.36425,-33.26359],[-71.37556,-33.30618],[-71.38238,-33.34942],[-71.38466,-33.393],[-71.38238,-33.43658],[-71.37556,-33.47983],[-71.36425,-33.52241],[-71.34854,-33.56401],[-71.32855,-33.60431],[-71.30443,-33.643],[-71.27636,-33.67979],[-71.24455,-33.7144],[-71.20926,-33.74655],[-71.17074,-33.77602],[-71.12929,-33.80258],[-71.08523,-33.82601],[-71.03889,-33.84616],[-70.99062,-33.86285],[-70.94079,-33.87596],[-70.88979,-33.88541],[-70.83799,-33.8911],[-70.7858,-33.893],[-70.7336,-33.8911],[-70.68181,-33.88541],[-70.6308,-33.87596],[-70.58097,-33.86285],[-70.53271,-33.84616],[-70.48637,-33.82601],[-70.4423,-33.80258],[-70.40086,-33.77602],[-70.36234,-33.74655],[-70.32704,-33.7144],[-70.29524,-33.67979],[-70.26717,-33.643],[-70.24304,-33.60431],[-70.22305,-33.56401],[-70.20734,-33.52241],[-70.19603,-33.47983],[-70.18921,-33.43658],[-70.18693,-33.393]]]}},{"type":"Feature","properties":{"kind":"class","cat":"B","name":"El Dorado International Airport","ident":"SKBO","floor":"SFC","ceiling":"FL100"},"geometry":{"type":"Polygon","coordinates":[[[-73.64521,4.70159],[-73.64712,4.74517],[-73.65283,4.78841],[-73.66231,4.831],[-73.67547,4.8726],[-73.69222,4.9129],[-73.71243,4.95159],[-73.73594,4.98838],[-73.76258,5.02298],[-73.79215,5.05514],[-73.82442,5.08461],[-73.85914,5.11117],[-73.89606,5.1346],[-73.93488,5.15474],[-73.97531,5.17144],[-74.01705,5.18455],[-74.05978,5.19399],[-74.10317,5.19969],[-74.1469,5.20159],[-74.19063,5.19969],[-74.23402,5.19399],[-74.27675,5.18455],[-74.31849,5.17144],[-74.35892,5.15474],[-74.39774,5.1346],[-74.43466,5.11117],[-74.46938,5.08461],[-74.50165,5.05514],[-74.53122,5.02298],[-74.55786,4.98838],[-74.58137,4.95159],[-74.60158,4.9129],[-74.61833,4.8726],[-74.63149,4.831],[-74.64097,4.78841],[-74.64668,4.74517],[-74.64859,4.70159],[-74.64668,4.65801],[-74.64097,4.61477],[-74.63149,4.57218],[-74.61833,4.53058],[-74.60158,4.49028],[-74.58137,4.45159],[-74.55786,4.4148],[-74.53122,4.3802],[-74.50165,4.34804],[-74.46938,4.31857],[-74.43466,4.29201],[-74.39774,4.26858],[-74.35892,4.24844],[-74.31849,4.23174],[-74.27675,4.21863],[-74.23402,4.20919],[-74.19063,4.20349],[-74.1469,4.20159],[-74.10317,4.20349],[-74.05978,4.20919],[-74.01705,4.21863],[-73.97531,4.23174],[-73.93488,4.24844],[-73.89606,4.26858],[-73.85914,4.29201],[-73.82442,4.31857],[-73.79215,4.34804],[-73.76258,4.3802],[-73.73594,4.4148],[-73.71243,4.45159],[-73.69222,4.49028],[-73.67547,4.53058],[-73.66231,4.57218],[-73.65283,4.61477],[-73.64712,4.65801],[-73.64521,4.70159]]]}},{"type":"Feature","properties":{"kind":"class","cat":"B","name":"Jorge Chávez International Airport","ident":"SPIM","floor":"SFC","ceiling":"FL100"},"geometry":{"type":"Polygon","coordinates":[[[-76.60309,-12.0219],[-76.60504,-11.97832],[-76.61086,-11.93508],[-76.62051,-11.89249],[-76.63392,-11.85089],[-76.65099,-11.81059],[-76.67158,-11.7719],[-76.69554,-11.73511],[-76.72269,-11.70051],[-76.75282,-11.66835],[-76.7857,-11.63888],[-76.82109,-11.61232],[-76.8587,-11.58889],[-76.89826,-11.56875],[-76.93946,-11.55205],[-76.98199,-11.53894],[-77.02553,-11.5295],[-77.06975,-11.5238],[-77.11431,-11.5219],[-77.15886,-11.5238],[-77.20308,-11.5295],[-77.24662,-11.53894],[-77.28915,-11.55205],[-77.33035,-11.56875],[-77.36991,-11.58889],[-77.40752,-11.61232],[-77.44291,-11.63888],[-77.47579,-11.66835],[-77.50592,-11.70051],[-77.53307,-11.73511],[-77.55703,-11.7719],[-77.57762,-11.81059],[-77.59469,-11.85089],[-77.6081,-11.89249],[-77.61775,-11.93508],[-77.62357,-11.97832],[-77.62552,-12.0219],[-77.62357,-12.06548],[-77.61775,-12.10872],[-77.6081,-12.15131],[-77.59469,-12.19291],[-77.57762,-12.23321],[-77.55703,-12.2719],[-77.53307,-12.30869],[-77.50592,-12.34329],[-77.47579,-12.37545],[-77.44291,-12.40492],[-77.40752,-12.43148],[-77.36991,-12.45491],[-77.33035,-12.47505],[-77.28915,-12.49175],[-77.24662,-12.50486],[-77.20308,-12.5143],[-77.15886,-12.52],[-77.11431,-12.5219],[-77.06975,-12.52],[-77.02553,-12.5143],[-76.98199,-12.50486],[-76.93946,-12.49175],[-76.89826,-12.47505],[-76.8587,-12.45491],[-76.82109,-12.43148],[-76.7857,-12.40492],[-76.75282,-12.37545],[-76.72269,-12.34329],[-76.69554,-12.30869],[-76.67158,-12.2719],[-76.65099,-12.23321],[-76.63392,-12.19291],[-76.62051,-12.15131],[-76.61086,-12.10872],[-76.60504,-12.06548],[-76.60309,-12.0219]]]}},{"type":"Feature","properties":{"kind":"class","cat":"B","name":"O.R. Tambo International Airport","ident":"FAOR","floor":"SFC","ceiling":"FL100"},"geometry":{"type":"Polygon","coordinates":[[[28.80296,-26.1392],[28.80084,-26.09562],[28.7945,-26.05238],[28.78398,-26.00979],[28.76937,-25.96819],[28.75078,-25.92789],[28.72834,-25.8892],[28.70224,-25.85241],[28.67266,-25.81781],[28.63983,-25.78565],[28.60401,-25.75618],[28.56546,-25.72962],[28.52448,-25.70619],[28.48138,-25.68605],[28.43649,-25.66935],[28.39015,-25.65624],[28.34272,-25.6468],[28.29454,-25.6411],[28.246,-25.6392],[28.19746,-25.6411],[28.14928,-25.6468],[28.10185,-25.65624],[28.05551,-25.66935],[28.01062,-25.68605],[27.96752,-25.70619],[27.92654,-25.72962],[27.88799,-25.75618],[27.85217,-25.78565],[27.81934,-25.81781],[27.78976,-25.85241],[27.76366,-25.8892],[27.74122,-25.92789],[27.72263,-25.96819],[27.70802,-26.00979],[27.6975,-26.05238],[27.69116,-26.09562],[27.68904,-26.1392],[27.69116,-26.18278],[27.6975,-26.22602],[27.70802,-26.26861],[27.72263,-26.31021],[27.74122,-26.35051],[27.76366,-26.3892],[27.78976,-26.42599],[27.81934,-26.46059],[27.85217,-26.49275],[27.88799,-26.52222],[27.92654,-26.54878],[27.96752,-26.57221],[28.01062,-26.59235],[28.05551,-26.60905],[28.10185,-26.62216],[28.14928,-26.6316],[28.19746,-26.6373],[28.246,-26.6392],[28.29454,-26.6373],[28.34272,-26.6316],[28.39015,-26.62216],[28.43649,-26.60905],[28.48138,-26.59235],[28.52448,-26.57221],[28.56546,-26.54878],[28.60401,-26.52222],[28.63983,-26.49275],[28.67266,-26.46059],[28.70224,-26.42599],[28.72834,-26.3892],[28.75078,-26.35051],[28.76937,-26.31021],[28.78398,-26.26861],[28.7945,-26.22602],[28.80084,-26.18278],[28.80296,-26.1392]]]}},{"type":"Feature","properties":{"kind":"class","cat":"B","name":"Cape Town International Airport","ident":"FACT","floor":"SFC","ceiling":"FL100"},"geometry":{"type":"Polygon","coordinates":[[[19.20456,-33.9648],[19.20227,-33.92122],[19.1954,-33.87798],[19.18402,-33.83539],[19.1682,-33.79379],[19.14808,-33.75349],[19.12379,-33.7148],[19.09553,-33.67801],[19.06352,-33.64341],[19.02799,-33.61125],[18.98921,-33.58178],[18.94749,-33.55523],[18.90313,-33.53179],[18.85648,-33.51165],[18.80789,-33.49496],[18.75773,-33.48184],[18.70639,-33.4724],[18.65424,-33.4667],[18.6017,-33.4648],[18.54916,-33.4667],[18.49701,-33.4724],[18.44567,-33.48184],[18.39551,-33.49496],[18.34692,-33.51165],[18.30027,-33.53179],[18.25591,-33.55523],[18.21419,-33.58178],[18.17541,-33.61125],[18.13988,-33.64341],[18.10787,-33.67801],[18.07961,-33.7148],[18.05532,-33.75349],[18.0352,-33.79379],[18.01938,-33.83539],[18.008,-33.87798],[18.00113,-33.92122],[17.99884,-33.9648],[18.00113,-34.00838],[18.008,-34.05163],[18.01938,-34.09421],[18.0352,-34.13581],[18.05532,-34.17611],[18.07961,-34.2148],[18.10787,-34.25159],[18.13988,-34.2862],[18.17541,-34.31836],[18.21419,-34.34782],[18.25591,-34.37438],[18.30027,-34.39781],[18.34692,-34.41796],[18.39551,-34.43465],[18.44567,-34.44776],[18.49701,-34.45721],[18.54916,-34.4629],[18.6017,-34.4648],[18.65424,-34.4629],[18.70639,-34.45721],[18.75773,-34.44776],[18.80789,-34.43465],[18.85648,-34.41796],[18.90313,-34.39781],[18.94749,-34.37438],[18.98921,-34.34782],[19.02799,-34.31836],[19.06352,-34.2862],[19.09553,-34.25159],[19.12379,-34.2148],[19.14808,-34.17611],[19.1682,-34.13581],[19.18402,-34.09421],[19.1954,-34.05163],[19.20227,-34.00838],[19.20456,-33.9648]]]}},{"type":"Feature","properties":{"kind":"class","cat":"B","name":"Cairo International Airport","ident":"HECA","floor":"SFC","ceiling":"FL100"},"geometry":{"type":"Polygon","coordinates":[[[31.97469,30.11153],[31.9725,30.15511],[31.96591,30.19836],[31.955,30.24094],[31.93984,30.28254],[31.92054,30.32284],[31.89726,30.36153],[31.87016,30.39832],[31.83947,30.43293],[31.8054,30.46509],[31.76823,30.49456],[31.72822,30.52111],[31.68569,30.54455],[31.64097,30.56469],[31.59438,30.58138],[31.54629,30.5945],[31.49706,30.60394],[31.44707,30.60963],[31.39669,30.61153],[31.34632,30.60963],[31.29633,30.60394],[31.2471,30.5945],[31.19901,30.58138],[31.15242,30.56469],[31.10769,30.54455],[31.06517,30.52111],[31.02516,30.49456],[30.98799,30.46509],[30.95392,30.43293],[30.92322,30.39832],[30.89613,30.36153],[30.87285,30.32284],[30.85355,30.28254],[30.83839,30.24094],[30.82747,30.19836],[30.82089,30.15511],[30.81869,30.11153],[30.82089,30.06796],[30.82747,30.02471],[30.83839,29.98212],[30.85355,29.94052],[30.87285,29.90022],[30.89613,29.86153],[30.92322,29.82475],[30.95392,29.79014],[30.98799,29.75798],[31.02516,29.72851],[31.06517,29.70196],[31.10769,29.67852],[31.15242,29.65838],[31.19901,29.64169],[31.2471,29.62857],[31.29633,29.61913],[31.34632,29.61344],[31.39669,29.61153],[31.44707,29.61344],[31.49706,29.61913],[31.54629,29.62857],[31.59438,29.64169],[31.64097,29.65838],[31.68569,29.67852],[31.72822,29.70196],[31.76823,29.72851],[31.8054,29.75798],[31.83947,29.79014],[31.87016,29.82475],[31.89726,29.86153],[31.92054,29.90022],[31.93984,29.94052],[31.955,29.98212],[31.96591,30.02471],[31.9725,30.06796],[31.97469,30.11153]]]}},{"type":"Feature","properties":{"kind":"class","cat":"B","name":"Mohammed V International Airport","ident":"GMMN","floor":"SFC","ceiling":"FL100"},"geometry":{"type":"Polygon","coordinates":[[[-6.99128,33.3675],[-6.99356,33.41108],[-7.00038,33.45432],[-7.01168,33.49691],[-7.02739,33.53851],[-7.04737,33.57881],[-7.07149,33.6175],[-7.09955,33.65429],[-7.13135,33.68889],[-7.16663,33.72105],[-7.20514,33.75052],[-7.24658,33.77708],[-7.29063,33.80051],[-7.33695,33.82065],[-7.38521,33.83735],[-7.43502,33.85046],[-7.48601,33.8599],[-7.53779,33.8656],[-7.58997,33.8675],[-7.64215,33.8656],[-7.69393,33.8599],[-7.74492,33.85046],[-7.79473,33.83735],[-7.84299,33.82065],[-7.88931,33.80051],[-7.93336,33.77708],[-7.9748,33.75052],[-8.01331,33.72105],[-8.04859,33.68889],[-8.08039,33.65429],[-8.10845,33.6175],[-8.13257,33.57881],[-8.15255,33.53851],[-8.16826,33.49691],[-8.17956,33.45432],[-8.18638,33.41108],[-8.18866,33.3675],[-8.18638,33.32392],[-8.17956,33.28068],[-8.16826,33.23809],[-8.15255,33.19649],[-8.13257,33.15619],[-8.10845,33.1175],[-8.08039,33.08071],[-8.04859,33.04611],[-8.01331,33.01395],[-7.9748,32.98448],[-7.93336,32.95792],[-7.88931,32.93449],[-7.84299,32.91435],[-7.79473,32.89765],[-7.74492,32.88454],[-7.69393,32.8751],[-7.64215,32.8694],[-7.58997,32.8675],[-7.53779,32.8694],[-7.48601,32.8751],[-7.43502,32.88454],[-7.38521,32.89765],[-7.33695,32.91435],[-7.29063,32.93449],[-7.24658,32.95792],[-7.20514,32.98448],[-7.16663,33.01395],[-7.13135,33.04611],[-7.09955,33.08071],[-7.07149,33.1175],[-7.04737,33.15619],[-7.02739,33.19649],[-7.01168,33.23809],[-7.00038,33.28068],[-6.99356,33.32392],[-6.99128,33.3675]]]}},{"type":"Feature","properties":{"kind":"class","cat":"B","name":"Murtala Muhammed International Airport","ident":"DNMM","floor":"SFC","ceiling":"FL100"},"geometry":{"type":"Polygon","coordinates":[[[3.82447,6.57737],[3.82256,6.62095],[3.81683,6.66419],[3.80732,6.70678],[3.79412,6.74838],[3.77732,6.78868],[3.75704,6.82737],[3.73345,6.86416],[3.70672,6.89876],[3.67706,6.93092],[3.64468,6.96039],[3.60985,6.98695],[3.57282,7.01038],[3.53387,7.03052],[3.4933,7.04722],[3.45143,7.06033],[3.40856,7.06977],[3.36503,7.07547],[3.32116,7.07737],[3.27729,7.07547],[3.23376,7.06977],[3.19089,7.06033],[3.14902,7.04722],[3.10845,7.03052],[3.0695,7.01038],[3.03247,6.98695],[2.99764,6.96039],[2.96526,6.93092],[2.9356,6.89876],[2.90887,6.86416],[2.88528,6.82737],[2.865,6.78868],[2.8482,6.74838],[2.835,6.70678],[2.82549,6.66419],[2.81976,6.62095],[2.81785,6.57737],[2.81976,6.53379],[2.82549,6.49055],[2.835,6.44796],[2.8482,6.40636],[2.865,6.36606],[2.88528,6.32737],[2.90887,6.29058],[2.9356,6.25598],[2.96526,6.22382],[2.99764,6.19435],[3.03247,6.16779],[3.0695,6.14436],[3.10845,6.12422],[3.14902,6.10752],[3.19089,6.09441],[3.23376,6.08497],[3.27729,6.07927],[3.32116,6.07737],[3.36503,6.07927],[3.40856,6.08497],[3.45143,6.09441],[3.4933,6.10752],[3.53387,6.12422],[3.57282,6.14436],[3.60985,6.16779],[3.64468,6.19435],[3.67706,6.22382],[3.70672,6.25598],[3.73345,6.29058],[3.75704,6.32737],[3.77732,6.36606],[3.79412,6.40636],[3.80732,6.44796],[3.81683,6.49055],[3.82256,6.53379],[3.82447,6.57737]]]}},{"type":"Feature","properties":{"kind":"class","cat":"B","name":"Jomo Kenyatta International Airport","ident":"HKJK","floor":"SFC","ceiling":"FL100"},"geometry":{"type":"Polygon","coordinates":[[[37.42793,-1.31924],[37.42603,-1.27566],[37.42033,-1.23242],[37.41089,-1.18983],[37.39777,-1.14823],[37.38107,-1.10793],[37.36093,-1.06924],[37.33748,-1.03245],[37.31092,-0.99785],[37.28145,-0.96569],[37.24928,-0.93622],[37.21466,-0.90966],[37.17787,-0.88623],[37.13916,-0.86609],[37.09885,-0.84939],[37.05724,-0.83628],[37.01465,-0.82684],[36.97139,-0.82114],[36.9278,-0.81924],[36.88421,-0.82114],[36.84095,-0.82684],[36.79836,-0.83628],[36.75674,-0.84939],[36.71643,-0.86609],[36.67773,-0.88623],[36.64093,-0.90966],[36.60632,-0.93622],[36.57415,-0.96569],[36.54468,-0.99785],[36.51811,-1.03245],[36.49467,-1.06924],[36.47453,-1.10793],[36.45783,-1.14823],[36.44471,-1.18983],[36.43526,-1.23242],[36.42957,-1.27566],[36.42767,-1.31924],[36.42957,-1.36282],[36.43526,-1.40606],[36.44471,-1.44865],[36.45783,-1.49025],[36.47453,-1.53055],[36.49467,-1.56924],[36.51811,-1.60603],[36.54468,-1.64063],[36.57415,-1.67279],[36.60632,-1.70226],[36.64093,-1.72882],[36.67773,-1.75225],[36.71643,-1.77239],[36.75674,-1.78909],[36.79836,-1.8022],[36.84095,-1.81164],[36.88421,-1.81734],[36.9278,-1.81924],[36.97139,-1.81734],[37.01465,-1.81164],[37.05724,-1.8022],[37.09885,-1.78909],[37.13916,-1.77239],[37.17787,-1.75225],[37.21466,-1.72882],[37.24928,-1.70226],[37.28145,-1.67279],[37.31092,-1.64063],[37.33748,-1.60603],[37.36093,-1.56924],[37.38107,-1.53055],[37.39777,-1.49025],[37.41089,-1.44865],[37.42033,-1.40606],[37.42603,-1.36282],[37.42793,-1.31924]]]}},{"type":"Feature","properties":{"kind":"class","cat":"B","name":"Kotoka International Airport","ident":"DGAA","floor":"SFC","ceiling":"FL100"},"geometry":{"type":"Polygon","coordinates":[[[0.33562,5.60519],[0.3337,5.64877],[0.32798,5.69201],[0.3185,5.7346],[0.30532,5.7762],[0.28855,5.8165],[0.26831,5.85519],[0.24476,5.89198],[0.21808,5.92658],[0.18847,5.95874],[0.15615,5.98821],[0.12138,6.01477],[0.08442,6.0382],[0.04554,6.05834],[0.00505,6.07504],[-0.03675,6.08815],[-0.07954,6.09759],[-0.123,6.10329],[-0.16679,6.10519],[-0.21057,6.10329],[-0.25403,6.09759],[-0.29682,6.08815],[-0.33862,6.07504],[-0.37911,6.05834],[-0.41799,6.0382],[-0.45495,6.01477],[-0.48972,5.98821],[-0.52204,5.95874],[-0.55165,5.92658],[-0.57833,5.89198],[-0.60188,5.85519],[-0.62212,5.8165],[-0.63889,5.7762],[-0.65207,5.7346],[-0.66156,5.69201],[-0.66728,5.64877],[-0.66919,5.60519],[-0.66728,5.56161],[-0.66156,5.51837],[-0.65207,5.47578],[-0.63889,5.43418],[-0.62212,5.39388],[-0.60188,5.35519],[-0.57833,5.3184],[-0.55165,5.2838],[-0.52204,5.25164],[-0.48972,5.22217],[-0.45495,5.19561],[-0.41799,5.17218],[-0.37911,5.15204],[-0.33862,5.13534],[-0.29682,5.12223],[-0.25403,5.11279],[-0.21057,5.10709],[-0.16679,5.10519],[-0.123,5.10709],[-0.07954,5.11279],[-0.03675,5.12223],[0.00505,5.13534],[0.04554,5.15204],[0.08442,5.17218],[0.12138,5.19561],[0.15615,5.22217],[0.18847,5.25164],[0.21808,5.2838],[0.24476,5.3184],[0.26831,5.35519],[0.28855,5.39388],[0.30532,5.43418],[0.3185,5.47578],[0.32798,5.51837],[0.3337,5.56161],[0.33562,5.60519]]]}},{"type":"Feature","properties":{"kind":"sua","cat":"P","name":"Washington National Mall","ident":"P-56A","floor":"SFC","ceiling":"18000ft"},"geometry":{"type":"Polygon","coordinates":[[[-77.00104,38.8895],[-77.00133,38.89298],[-77.00221,38.8964],[-77.00365,38.8997],[-77.00563,38.90283],[-77.00812,38.90573],[-77.01107,38.90836],[-77.01444,38.91066],[-77.01817,38.91259],[-77.02219,38.91414],[-77.02643,38.91526],[-77.03083,38.91594],[-77.0353,38.91617],[-77.03977,38.91594],[-77.04417,38.91526],[-77.04841,38.91414],[-77.05243,38.91259],[-77.05616,38.91066],[-77.05953,38.90836],[-77.06248,38.90573],[-77.06497,38.90283],[-77.06695,38.8997],[-77.06839,38.8964],[-77.06927,38.89298],[-77.06956,38.8895],[-77.06927,38.88602],[-77.06839,38.8826],[-77.06695,38.8793],[-77.06497,38.87617],[-77.06248,38.87327],[-77.05953,38.87064],[-77.05616,38.86834],[-77.05243,38.86641],[-77.04841,38.86486],[-77.04417,38.86374],[-77.03977,38.86306],[-77.0353,38.86283],[-77.03083,38.86306],[-77.02643,38.86374],[-77.02219,38.86486],[-77.01817,38.86641],[-77.01444,38.86834],[-77.01107,38.87064],[-77.00812,38.87327],[-77.00563,38.87617],[-77.00365,38.8793],[-77.00221,38.8826],[-77.00133,38.88602],[-77.00104,38.8895]]]}},{"type":"Feature","properties":{"kind":"sua","cat":"P","name":"Camp David","ident":"P-40","floor":"SFC","ceiling":"5000ft"},"geometry":{"type":"Polygon","coordinates":[[[-77.40056,39.6483],[-77.40112,39.65483],[-77.40278,39.66124],[-77.40551,39.66743],[-77.40926,39.6733],[-77.41398,39.67874],[-77.41958,39.68366],[-77.42597,39.68797],[-77.43303,39.6916],[-77.44065,39.69449],[-77.44869,39.6966],[-77.45702,39.69787],[-77.4655,39.6983],[-77.47398,39.69787],[-77.48231,39.6966],[-77.49035,39.69449],[-77.49797,39.6916],[-77.50503,39.68797],[-77.51142,39.68366],[-77.51702,39.67874],[-77.52174,39.6733],[-77.52549,39.66743],[-77.52822,39.66124],[-77.52988,39.65483],[-77.53044,39.6483],[-77.52988,39.64177],[-77.52822,39.63536],[-77.52549,39.62917],[-77.52174,39.6233],[-77.51702,39.61786],[-77.51142,39.61294],[-77.50503,39.60863],[-77.49797,39.605],[-77.49035,39.60211],[-77.48231,39.6],[-77.47398,39.59873],[-77.4655,39.5983],[-77.45702,39.59873],[-77.44869,39.6],[-77.44065,39.60211],[-77.43303,39.605],[-77.42597,39.60863],[-77.41958,39.61294],[-77.41398,39.61786],[-77.40926,39.6233],[-77.40551,39.62917],[-77.40278,39.63536],[-77.40112,39.64177],[-77.40056,39.6483]]]}},{"type":"Feature","properties":{"kind":"sua","cat":"R","name":"Groom Lake (Nellis Range)","ident":"R-4808N","floor":"SFC","ceiling":"UNLTD"},"geometry":{"type":"Polygon","coordinates":[[[-116.45,36.85],[-115.4,36.85],[-115.4,37.65],[-116.45,37.65],[-116.45,36.85]]]}},{"type":"Feature","properties":{"kind":"sua","cat":"R","name":"Edwards / China Lake Complex","ident":"R-2508","floor":"SFC","ceiling":"UNLTD"},"geometry":{"type":"Polygon","coordinates":[[[-118.3,34.9],[-116.6,34.9],[-116.6,36.55],[-118.3,36.55],[-118.3,34.9]]]}},{"type":"Feature","properties":{"kind":"sua","cat":"MOA","name":"Sells MOA (AZ)","ident":"SELLS MOA","floor":"500ft AGL","ceiling":"FL180"},"geometry":{"type":"Polygon","coordinates":[[[-112.55,31.6],[-111.3,31.6],[-111.3,32.55],[-112.55,32.55],[-112.55,31.6]]]}},{"type":"Feature","properties":{"kind":"sua","cat":"DGR","name":"Salisbury Plain Danger Area","ident":"EG D123","floor":"SFC","ceiling":"FL500"},"geometry":{"type":"Polygon","coordinates":[[[-2.1,51.12],[-1.55,51.12],[-1.55,51.32],[-2.1,51.32],[-2.1,51.12]]]}}]}